number,value,datetime_start,datetime_complete,duration,params_background_amplitude_fraction,params_background_center,params_background_offset,params_background_width,params_peak_1_amplitude_fraction,params_peak_1_center,params_peak_1_sigma,params_peak_2_amplitude_fraction,params_peak_2_center,params_peak_2_sigma,system_attrs_fixed_params,state
0,1000.0126582278481,2026-07-17 16:29:06.143581,2026-07-17 16:29:06.144582,0 days 00:00:00.001001,-0.04565173362716924,780.0450000000001,4.50849,0.7899999999999978,0.5,780.0450000000001,1.55,0.5,780.0450000000001,1.55,"{'background_offset': 4.50849, 'background_amplitude_fraction': -0.04565173362716924, 'background_center': 780.0450000000001, 'background_width': 0.7899999999999978, 'peak_1_amplitude_fraction': 0.5, 'peak_1_center': 780.0450000000001, 'peak_1_sigma': 1.55, 'peak_2_amplitude_fraction': 0.5, 'peak_2_center': 780.0450000000001, 'peak_2_sigma': 1.55}",COMPLETE
1,0.8000760345162252,2026-07-17 16:29:06.144582,2026-07-17 16:29:06.145625,0 days 00:00:00.001043,0.8397563767203438,779.5584329283831,-188.71829536895945,2.359756119762022,1.4669842679949041,780.3491173762425,1.55324934461382,0.10807670003964231,778.2156679428048,1.549659252394124,,COMPLETE
2,1.1575317329020431,2026-07-17 16:29:06.145625,2026-07-17 16:29:06.147629,0 days 00:00:00.002004,0.9112171083131262,779.1044349518735,753.1445233618963,0.1333897928750789,0.4322183989619903,783.2807888689849,0.7188175253817549,0.6781859427265247,783.4515275555433,0.17220775989600923,,COMPLETE
3,2.1821625848504915,2026-07-17 16:29:06.147629,2026-07-17 16:29:06.148629,0 days 00:00:00.001000,1.350388501240937,777.9143927442657,630.231744314129,1.0985740346594772,1.3636925623300968,777.1470386214982,1.617896483953921,1.1256147886530523,781.380204602983,1.4564832932604441,,COMPLETE
4,0.4189493771019432,2026-07-17 16:29:06.149630,2026-07-17 16:29:06.151639,0 days 00:00:00.002009,-0.02770233272678868,779.036839046142,12.083566174987197,0.8052474623454742,0.5488355786708894,782.7145521550432,2.329077768906577,0.47099201581899325,780.6187401278872,0.9005422401590157,,COMPLETE
5,0.8964490127809188,2026-07-17 16:29:06.151639,2026-07-17 16:29:06.153683,0 days 00:00:00.002044,-0.4410649021668158,781.2884557559601,399.4907148550514,0.5044152967256912,0.6886394668371472,781.7776605678214,1.2976763044301203,1.359634903746508,777.5205677917012,2.2492447314484663,,COMPLETE
6,0.5660555823413681,2026-07-17 16:29:06.153683,2026-07-17 16:29:06.153683,0 days 00:00:00,-0.22063928194517302,781.1066009622074,351.89330168368457,0.9823833049609625,0.6223289676591648,776.1062723564459,0.367560802955581,1.064091590587819,780.237330214445,2.11886534419921,,COMPLETE
7,2.265291772644361,2026-07-17 16:29:06.153683,2026-07-17 16:29:06.156082,0 days 00:00:00.002399,0.5487415631262524,776.5147166563164,1184.674200079518,0.38555578341493424,0.8888920309850594,777.952451217334,2.898415898654768,1.4175723356891907,782.7973669586178,1.4697395892363667,,COMPLETE
8,0.44793966891673076,2026-07-17 16:29:06.156082,2026-07-17 16:29:06.157080,0 days 00:00:00.000998,-1.1066680729562584,778.5339958926529,1006.600569424767,0.7561265725136751,1.1127708010252002,779.9330193068002,0.4969407445126075,0.5153047945565374,778.6579667404123,0.9712148225223152,,COMPLETE
9,0.7484711640263871,2026-07-17 16:29:06.157080,2026-07-17 16:29:06.158103,0 days 00:00:00.001023,-0.255294682280244,779.6351531942715,-49.383993610971004,2.954418037925568,1.1945860511738227,780.2218820112128,1.435827858873503,1.167320402315845,783.1045827196366,2.057264432613684,,COMPLETE
10,2.076529645072484,2026-07-17 16:29:06.158103,2026-07-17 16:29:06.159101,0 days 00:00:00.000998,1.317334061196556,776.4161808945498,942.5554757852674,4.58879216565127,0.4148446086767013,779.8535395454516,2.410606775102517,1.075863348412845,777.2574658183394,2.010369950967022,,COMPLETE
11,0.48163094236480875,2026-07-17 16:29:06.159101,2026-07-17 16:29:06.160101,0 days 00:00:00.001000,-0.42878811494136304,782.5163534462932,-199.7412699699783,0.6480735222312544,0.8997816563151695,781.8474741368624,2.4815600640890225,1.1407726799704245,776.1514318747041,1.3187448176503518,,COMPLETE
12,0.6508578922222963,2026-07-17 16:29:06.160101,2026-07-17 16:29:06.161607,0 days 00:00:00.001506,-1.333501490661832,780.3723928435522,415.57051888062875,1.4233845359977146,1.242679792494188,783.5352932187125,0.47162877660792535,0.3456460116153292,781.3023513368574,0.4841745675685708,,COMPLETE
13,0.8172893439390274,2026-07-17 16:29:06.161607,2026-07-17 16:29:06.162617,0 days 00:00:00.001010,0.2245877627674473,777.4342374161731,42.123279137081795,3.0505709256591227,1.2854634391676403,776.3610262155726,1.6446699343366535,1.1954270361653465,783.7986034811412,0.8953499202638215,,COMPLETE
14,0.6539342570259421,2026-07-17 16:29:06.162617,2026-07-17 16:29:06.163618,0 days 00:00:00.001001,1.130102790544906,783.2775414637107,-43.76072842221731,0.23705207569310985,0.6622946140539596,781.7769339193694,2.551500960415523,0.2524129580508665,781.3482548069476,2.4427228319586014,,COMPLETE
15,0.9986485455039896,2026-07-17 16:29:06.163618,2026-07-17 16:29:06.164618,0 days 00:00:00.001000,-1.0058500236629615,776.3756775581599,550.8194353207693,0.34217336429964146,1.2118062696803273,776.4486534606766,0.12382786461400491,0.5424249715680859,776.5976160570186,0.5335102796402682,,COMPLETE
16,0.6649176212705303,2026-07-17 16:29:06.164618,2026-07-17 16:29:06.166617,0 days 00:00:00.001999,0.07415951030589563,781.5988976272964,-271.69722032216043,0.6462317295443843,0.20185568796703146,778.712721966603,1.812002977488372,1.4109920900945823,783.9362059814639,0.8006484582961644,,COMPLETE
17,0.8596612050112665,2026-07-17 16:29:06.167618,2026-07-17 16:29:06.168618,0 days 00:00:00.001000,0.991920977981414,783.4152422083835,-291.39683365785214,0.7417514216562672,1.1571635168455234,782.9379723692667,1.8678829151702219,1.3089407747162807,776.2838339065245,0.8876261387527351,,COMPLETE
18,0.8051576931424484,2026-07-17 16:29:06.168618,2026-07-17 16:29:06.169617,0 days 00:00:00.000999,-1.1381027150815255,783.2896362888771,125.13817210263932,0.11422531833417056,1.008841544283169,776.658583529332,1.1462634319771414,0.6271493140163489,777.5280938835532,1.6109408995183114,,COMPLETE
19,0.2544435013374652,2026-07-17 16:29:06.170617,2026-07-17 16:29:06.171617,0 days 00:00:00.001000,-0.5488683541914116,781.9179956704631,527.8206890275037,0.20137448116405407,0.28876232843978306,778.8956370425603,1.197290786951116,0.3094287847509815,783.3528027206239,2.5014713516861478,,COMPLETE
20,0.3297495747117831,2026-07-17 16:29:06.171617,2026-07-17 16:29:06.172617,0 days 00:00:00.001000,-0.39154225301884793,777.9331016554926,-140.96534377032967,0.7177595460972028,0.41447577931619006,780.0592744398356,2.775549143926075,0.5737667083947506,781.2310137961662,1.827301227759085,,COMPLETE
21,0.5975729095619265,2026-07-17 16:29:06.172617,2026-07-17 16:29:06.173618,0 days 00:00:00.001001,-1.315004009490394,781.9791070220863,866.7506867701604,6.247105427256117,0.9053393275432298,778.3668815427473,2.0498707334449304,1.0680731801720922,781.280957263655,0.5260979155112763,,COMPLETE
22,1.7975173888466367,2026-07-17 16:29:06.173618,2026-07-17 16:29:06.174619,0 days 00:00:00.001001,1.3661503554626369,779.4495417090856,1212.8044773522518,1.338142236196217,0.0594428608003415,783.9052112430393,2.4743604786075664,0.9547535136445009,782.1075694793514,0.6452867928894999,,COMPLETE
23,0.4286350457386221,2026-07-17 16:29:06.174619,2026-07-17 16:29:06.175618,0 days 00:00:00.000999,-0.7608190671428374,780.8037880489887,172.68265679396302,0.14941738701936552,1.343414977822413,779.7469799428328,1.3899558583676983,0.15706695535986565,781.505741892775,2.4689925835930997,,COMPLETE
24,0.914937443863715,2026-07-17 16:29:06.175618,2026-07-17 16:29:06.176619,0 days 00:00:00.001001,-0.7739321776076015,782.2998237005255,675.5364705029738,0.18899279135117306,1.2409144934693956,780.6825724278339,0.9391811535774649,0.7698650997656085,781.0629260842107,0.8499095459186727,,COMPLETE
25,0.9596365364165202,2026-07-17 16:29:06.176619,2026-07-17 16:29:06.177617,0 days 00:00:00.000998,-0.23623887420217993,783.1444659123164,1015.0828807906871,3.849530594329412,0.14902127123944592,781.2004074646454,1.0004342428376531,1.1310797954747622,780.3817900938371,1.4270367364899794,,COMPLETE
26,0.5649300000638636,2026-07-17 16:29:06.177617,2026-07-17 16:29:06.178619,0 days 00:00:00.001002,-1.3282393205994971,780.4978092443571,1090.7857170541838,0.4190375921402388,0.052910004470194116,782.047796297753,1.7290479025997418,1.3412180054343232,780.8212636978175,1.077399410347777,,COMPLETE
27,0.444426364977756,2026-07-17 16:29:06.178619,2026-07-17 16:29:06.179628,0 days 00:00:00.001009,-1.1528578481720837,776.5105537663725,1231.1506719989504,2.4560838140178918,0.5563123489342263,778.9505741211655,2.6419432538197594,0.4909404697730799,783.1180099153845,1.9675651397717047,,COMPLETE
28,1000.0077149737849,2026-07-17 16:29:06.179628,2026-07-17 16:29:06.180628,0 days 00:00:00.001000,-1.3214020367625992,778.0313638858604,206.1050916830181,6.881563571082429,0.6079014603509325,777.3592643454181,0.9642384226824751,1.3493636682919872,777.3983160525172,2.355794193045116,,COMPLETE
29,1.2705618855515393,2026-07-17 16:29:06.180628,2026-07-17 16:29:06.181627,0 days 00:00:00.000999,1.3841811403137707,780.2836225501234,-97.24366319845336,0.12075925896291877,1.3964320166102995,778.9249818012271,2.2211217088103092,0.7855620221996226,776.8263962448452,0.40757173225961996,,COMPLETE
30,1.1556020347798812,2026-07-17 16:29:06.181627,2026-07-17 16:29:06.184632,0 days 00:00:00.003005,-1.016399972349459,776.5117707656837,-74.81048380394077,0.12280426654704199,1.4226424440880778,776.816205140918,1.5742198600763297,0.17794473056036425,777.7918240245489,2.312909011065143,,COMPLETE
31,1.3329752380495814,2026-07-17 16:29:06.184632,2026-07-17 16:29:06.185630,0 days 00:00:00.000998,-0.09086191583034808,776.1395714359601,1157.5964205841733,7.872718856343035,0.07165981902890373,779.1716384418413,1.6632644319767442,1.337600156331329,782.5975856821183,1.8672212590294102,,COMPLETE
32,1.0901945885749635,2026-07-17 16:29:06.185630,2026-07-17 16:29:06.186630,0 days 00:00:00.001000,1.0034361574868003,782.9605612518149,314.7579162384099,4.51388378210596,1.076454653120023,776.8675200174256,0.965880341589757,0.7288830839812095,780.0849216008907,2.5153328969387903,,COMPLETE
33,0.4175635037583714,2026-07-17 16:29:06.186630,2026-07-17 16:29:06.188634,0 days 00:00:00.002004,0.4937722666465736,779.0511791899467,63.61575041660211,2.961943035306571,0.2936614939836813,779.8603556178049,0.4003198830538798,0.31798526119946674,783.4828800221197,1.0165366204727024,,COMPLETE
34,1.0099547276817773,2026-07-17 16:29:06.188634,2026-07-17 16:29:06.189633,0 days 00:00:00.000999,0.07290926245686391,776.4033618966544,1087.0524871458372,3.1973009984428424,0.07793534269873437,782.6278538740755,0.12551742103081057,1.0111669910200116,777.4041400054944,1.0943381905656324,,COMPLETE
35,0.7825816171524798,2026-07-17 16:29:06.189633,2026-07-17 16:29:06.190632,0 days 00:00:00.000999,-0.04129958060744032,781.2886684427787,1180.4299115902459,2.5447140410587927,0.16489196480581797,782.7214864890767,2.7503678222953996,0.2331309785241134,780.4102835882687,0.9221648572430515,,COMPLETE
36,0.6408184767168826,2026-07-17 16:29:06.190632,2026-07-17 16:29:06.191633,0 days 00:00:00.001001,-1.4151888214275021,780.144121327187,849.0875591674599,3.1949712014167067,1.1021053616887901,776.9496522683257,2.51552631532795,0.35676109517560994,782.476522286613,1.541673612401093,,COMPLETE
37,0.4819725256353089,2026-07-17 16:29:06.191633,2026-07-17 16:29:06.192632,0 days 00:00:00.000999,0.7021220327010234,782.4775123218997,-56.68810461008019,2.119599245977964,1.4472695085404423,778.1185411645271,0.783710748294147,0.2208451377174001,780.3563090586102,1.2584015849185752,,COMPLETE
38,1.0399281412944765,2026-07-17 16:29:06.192632,2026-07-17 16:29:06.193632,0 days 00:00:00.001000,-0.11908619720441638,778.2638836006397,249.24036337469676,0.10187898466034244,0.7076260332771183,778.2744876804144,1.4043724658966756,1.3933126710173906,777.5091427139944,1.9487023762197477,,COMPLETE
39,0.6033138387615983,2026-07-17 16:29:06.193632,2026-07-17 16:29:06.194633,0 days 00:00:00.001001,-0.6561204493301039,779.8150151741596,698.7576142156913,6.91769355145233,0.5136901881017106,781.7225269413723,2.536635551475798,0.5410366615754488,783.9153216590205,1.9150207973851308,,COMPLETE
40,0.8925681331186844,2026-07-17 16:29:06.194633,2026-07-17 16:29:06.195708,0 days 00:00:00.001075,0.6447225525187514,779.4432564775458,474.69696088387656,2.247659328732886,0.41220357500190424,783.419945683331,1.6716922300079025,0.36247424038088344,779.5488536806089,2.695779967800596,,COMPLETE
41,1.8409954279797418,2026-07-17 16:29:06.195708,2026-07-17 16:29:06.196709,0 days 00:00:00.001001,-0.046593143884009924,778.8734432462486,952.8286906969045,0.5175797613797583,1.4717930363936145,776.9814810025405,2.6781692971507063,1.2864133101400488,777.8676684069046,1.1131403290871396,,COMPLETE
42,0.8195071539489525,2026-07-17 16:29:06.196709,2026-07-17 16:29:06.197709,0 days 00:00:00.001000,0.9071781112207402,783.6035187021713,581.8217840910058,7.6222478294226725,0.4218475603233378,777.6146722372928,1.5144029427357157,0.8363458514011024,781.2829669751069,0.4120142837115758,,COMPLETE
43,1.30799107973131,2026-07-17 16:29:06.197709,2026-07-17 16:29:06.199709,0 days 00:00:00.002000,1.264137242035014,783.3250884358533,701.7899675828812,6.179183737663202,1.3835093962978258,783.6851448371128,0.24120835763741344,1.374027286053399,778.2375811823476,1.029930632851851,,COMPLETE
44,1.2569996589672832,2026-07-17 16:29:06.199709,2026-07-17 16:29:06.200709,0 days 00:00:00.001000,1.3658411850229042,780.8752023309803,408.50644730925177,0.46696056183348583,0.5612364713291509,783.243935061703,2.484807947884315,0.20630658035396382,778.0595867426416,1.1786410831007952,,COMPLETE
45,0.5550172014766707,2026-07-17 16:29:06.200709,2026-07-17 16:29:06.201709,0 days 00:00:00.001000,0.1904452581408531,777.8617462035733,30.662231007178946,1.2330829703188142,1.4040369321092823,782.7995402067154,0.3878640429394473,0.3103571975556416,779.3557190138856,1.9737699723118176,,COMPLETE
46,0.6186570991653589,2026-07-17 16:29:06.201709,2026-07-17 16:29:06.202708,0 days 00:00:00.000999,-0.7451628949793735,778.817806393317,295.955817926061,0.24386063974119726,1.2928000792840244,781.6032885275123,1.2919843969772342,1.0506471423149564,780.2008616080819,1.6261604123598539,,COMPLETE
47,0.9088714824160905,2026-07-17 16:29:06.202708,2026-07-17 16:29:06.203733,0 days 00:00:00.001025,-0.03534492428307878,783.8805783093934,265.94546159078124,3.0805040519345863,1.2415504389776153,777.0775376262511,1.5623945509454966,0.550351410603094,776.7973650687476,1.2463033760854094,,COMPLETE
48,0.8370153788413403,2026-07-17 16:29:06.203733,2026-07-17 16:29:06.204722,0 days 00:00:00.000989,-0.7979408566042578,782.4052254188878,-192.03104404183253,2.005325486330506,1.04781995751989,776.7219272277534,0.5755486050029562,0.03237621610630076,776.8653647625893,0.3935345270415377,,COMPLETE
49,2.4613863576146935,2026-07-17 16:29:06.204722,2026-07-17 16:29:06.205721,0 days 00:00:00.000999,1.1818537904140025,777.7086064305721,1191.9794565976522,0.30313936669858543,1.4413167737036898,780.5979814122917,1.1687175488001724,0.6998164372126598,778.2454585945551,1.7923741119692465,,COMPLETE
50,0.7999341129703909,2026-07-17 16:29:06.205721,2026-07-17 16:29:06.206722,0 days 00:00:00.001001,0.046344767214601124,782.5782640428544,825.0694246945436,0.1639952912113553,0.9054794607868679,783.9128581487132,0.5323292446159138,0.742554099593665,781.0731477470898,1.0788353186142174,,COMPLETE
51,0.8495878398114414,2026-07-17 16:29:06.206722,2026-07-17 16:29:06.207721,0 days 00:00:00.000999,-0.043768776923634345,779.8767196219101,1198.966436201943,5.163201804518287,0.023865616866659722,782.9591927559156,0.4743128622844849,0.5687526273395945,779.9538037464048,1.4820202210554099,,COMPLETE
52,0.41827661802608995,2026-07-17 16:29:06.207721,2026-07-17 16:29:06.208721,0 days 00:00:00.001000,-0.5486786178171416,778.913678053902,-246.36174136704392,6.523366736832525,1.3754780624678864,780.7113542101531,2.806766344318212,1.2955686050166966,779.0632093388206,0.43920386806144474,,COMPLETE
53,1.0698636008641036,2026-07-17 16:29:06.208721,2026-07-17 16:29:06.209721,0 days 00:00:00.001000,-0.530971682405325,776.171965773002,640.524266581549,7.276332225201416,1.4539141431734988,780.3357709216547,1.892738536436428,1.0033002026415545,783.414655801448,1.4557751662849052,,COMPLETE
54,0.7129080828320549,2026-07-17 16:29:06.209721,2026-07-17 16:29:06.211721,0 days 00:00:00.002000,-0.8203810304886895,778.0099461157898,602.6271420083515,0.9789809600396351,0.34380742711535267,776.3339970048975,1.1683830824959065,1.124917716204829,778.2838544440846,2.6018414216154344,,COMPLETE
55,0.6497481256745564,2026-07-17 16:29:06.211721,2026-07-17 16:29:06.212722,0 days 00:00:00.001001,0.45995732744414775,783.1456168131348,789.4998200640346,0.13805934594376545,0.26814809925747524,783.2782347574292,2.730408392777393,0.1174008838477344,782.2114292651862,0.14475400476698294,,COMPLETE
56,1.1785943912573444,2026-07-17 16:29:06.212722,2026-07-17 16:29:06.213721,0 days 00:00:00.000999,-1.1707182789188693,778.4175650647652,-96.66422210380185,0.5454923616768497,1.3663107964062926,779.5425427209063,0.4591623244414096,0.4085231207261005,776.1453769420002,0.18134326839894993,,COMPLETE
57,0.2878713983886453,2026-07-17 16:29:06.213721,2026-07-17 16:29:06.214721,0 days 00:00:00.001000,0.036564804575328624,778.069696507905,365.47519285863433,0.5258890664831061,0.155053459037309,781.2996903380183,1.238556154356206,0.24228839921198858,780.0244096871611,0.7042870352835254,,COMPLETE
58,0.5619976758645903,2026-07-17 16:29:06.214721,2026-07-17 16:29:06.216719,0 days 00:00:00.001998,-1.1274887014157464,782.2627708802016,148.42956708502032,0.3388723576389524,1.4335149838580716,779.2979120960852,0.5500640258781263,1.05781945349014,781.8901093712435,2.6558269734678044,,COMPLETE
59,1.0119792991760177,2026-07-17 16:29:06.216719,2026-07-17 16:29:06.216719,0 days 00:00:00,0.8696578772329708,782.887096790947,-102.48028109045035,0.378322496402849,0.6817232724168208,780.9901714764311,0.8119881156217299,1.3070338794473875,781.6186346137976,2.584380833021062,,COMPLETE
60,0.5781767312420941,2026-07-17 16:29:06.216719,2026-07-17 16:29:06.218229,0 days 00:00:00.001510,0.05699508879826909,777.6296101157379,394.9168808830636,0.39436755130398027,1.0942682392798813,783.671161447525,0.5410983184206973,0.07596529159980353,776.6278761255451,1.3628681295837066,,COMPLETE
61,0.5645641135512114,2026-07-17 16:29:06.218229,2026-07-17 16:29:06.219240,0 days 00:00:00.001011,-0.8253681898819534,779.8643433640219,930.3584529186182,0.9506948616589612,1.256553597115753,777.3908623351688,0.14268395763420313,0.7599825484884644,778.9014427425668,0.9472795899846794,,COMPLETE
62,1.4024418966010286,2026-07-17 16:29:06.219240,2026-07-17 16:29:06.220240,0 days 00:00:00.001000,0.5504012141415666,776.7581034666725,898.436904853042,1.0967200669599235,1.1967669286658928,783.2815062660542,0.10053626518682472,1.2113251480287053,776.4366586285187,2.078149683190669,,COMPLETE
63,1.4077329341714866,2026-07-17 16:29:06.220240,2026-07-17 16:29:06.221240,0 days 00:00:00.001000,1.3560488767199872,781.0868448286976,626.2610132949399,0.13574325618067648,1.0055969747222475,778.1088712915246,2.5126375812507535,0.04719313486590526,778.6556730077953,2.0616640722420705,,COMPLETE
64,0.2752415277818582,2026-07-17 16:29:06.221240,2026-07-17 16:29:06.222240,0 days 00:00:00.001000,0.4388160277671058,781.6030759616978,-64.79724526563754,2.4685184413772223,1.3130027882266169,779.3590123168107,0.5132006231245985,0.3904663955867184,779.173514671397,0.25827495351223506,,COMPLETE
65,0.4253501461660943,2026-07-17 16:29:06.222240,2026-07-17 16:29:06.223240,0 days 00:00:00.001000,-1.3109680566776332,776.5508991821049,798.9453611392319,5.882153917568709,1.2093688175112622,778.0990802698277,1.090953466238271,1.238879549701829,780.986960170801,0.8682610870080585,,COMPLETE
66,1.176972085144962,2026-07-17 16:29:06.223240,2026-07-17 16:29:06.224240,0 days 00:00:00.001000,1.066678761950699,776.1004616857932,393.517409701306,7.641761623466419,0.8489003009782198,777.5329586066433,2.4205591367054975,0.11429278204114529,779.334000627022,1.7620835634777234,,COMPLETE
67,0.7592993299028677,2026-07-17 16:29:06.224240,2026-07-17 16:29:06.225240,0 days 00:00:00.001000,1.1556984523126759,781.6004629047547,78.23382017737754,0.20281004457607477,0.22889925259313254,776.5842722603568,1.7573456909258867,0.2809005151984689,780.3845631411552,2.476470186557327,,COMPLETE
68,0.8229400760395537,2026-07-17 16:29:06.226240,2026-07-17 16:29:06.227240,0 days 00:00:00.001000,-1.150948990189324,778.7196756675949,1065.507141967791,0.6194745496185644,0.5751262148351995,779.4037487638881,1.4339636959249908,1.1348254432119984,778.5085747350408,1.095930550987724,,COMPLETE
69,0.47787031967658666,2026-07-17 16:29:06.227240,2026-07-17 16:29:06.228240,0 days 00:00:00.001000,-1.0463446044325746,781.0749501218415,301.7020399806109,0.5748012401269004,1.3742288635646325,782.5841854146946,0.7675217212801296,0.36347095828681464,782.2749376728291,1.72367217054655,,COMPLETE
70,0.6884109765895485,2026-07-17 16:29:06.228240,2026-07-17 16:29:06.229240,0 days 00:00:00.001000,0.38964915795975674,779.2148120075522,-291.9735866879794,3.0906008058949306,1.1202705517251377,783.381391267481,2.1279293166666653,1.3694678802646583,778.3437730674226,1.0822755007774796,,COMPLETE
71,0.8896017275764826,2026-07-17 16:29:06.229240,2026-07-17 16:29:06.231246,0 days 00:00:00.002006,1.1008083282151957,777.313318944364,-215.44293524076733,1.1122408514704365,0.7637930826499102,782.5250871236683,1.2251694525911299,0.21399700818945844,779.1213402633849,0.2393449843882919,,COMPLETE
72,0.7041765773100495,2026-07-17 16:29:06.231246,2026-07-17 16:29:06.233243,0 days 00:00:00.001997,0.390008136654735,776.5464308381426,163.021018565472,7.552215457341688,0.8042836334001513,778.4655676402557,2.5179830060073654,0.20619777190463673,778.6385153785055,2.817735023118388,,COMPLETE
73,0.8043733957319705,2026-07-17 16:29:06.233243,2026-07-17 16:29:06.234242,0 days 00:00:00.000999,0.6986757815860285,776.7343500218134,66.89052914149585,1.024326231651881,0.9871666592947106,777.7518120582887,1.0501273524928043,0.8257636150964126,780.7558811722548,0.5472309127634517,,COMPLETE
74,1.6087458576928857,2026-07-17 16:29:06.234242,2026-07-17 16:29:06.236240,0 days 00:00:00.001998,1.4991990425019175,778.6422360507366,333.77314584814957,3.092522988890177,0.3024208850056021,779.7384323112833,1.6026917068487534,0.8940274348890437,781.764458501158,2.408140093903327,,COMPLETE
75,0.9387628135721938,2026-07-17 16:29:06.236240,2026-07-17 16:29:06.237240,0 days 00:00:00.001000,0.9216015615297328,783.0940974257925,785.8495583437802,0.41576965617447287,1.2409639573463513,780.2028276662663,0.8523408120448762,0.25961055660190135,782.1341471519966,1.9462352027048506,,COMPLETE
76,0.4307158493487937,2026-07-17 16:29:06.237240,2026-07-17 16:29:06.238240,0 days 00:00:00.001000,0.2623611762657245,776.4469182944842,-197.43036191296187,0.5526600616361805,0.8567418569080993,781.2315377717767,0.557772991844753,0.0672549588218867,780.6455877375743,2.4744743425540734,,COMPLETE
77,1.2940401797590282,2026-07-17 16:29:06.238240,2026-07-17 16:29:06.239240,0 days 00:00:00.001000,-0.4210203253944651,780.6529138252919,936.5139331720657,2.3111097351097563,1.3097825860677919,779.9788555627786,2.6389503326500447,0.4765933198433919,777.8270919158398,0.9529575160921993,,COMPLETE
78,1.3184737815743306,2026-07-17 16:29:06.239240,2026-07-17 16:29:06.240240,0 days 00:00:00.001000,1.1554212399360138,779.8173392931269,832.092291357917,2.0921477137840854,0.20822063159313514,780.1036913531051,1.3610393154915743,0.6474063899575577,777.580552833613,1.9060650287209941,,COMPLETE
79,1.4739701939552707,2026-07-17 16:29:06.240240,2026-07-17 16:29:06.241240,0 days 00:00:00.001000,0.4089714449002506,781.9627749209552,741.9630402468215,0.7405202858343378,1.2788992357480065,780.6075763765458,2.6572490119407073,0.6152321297809342,781.6260950921115,0.6707345891505035,,COMPLETE
80,1000.0108025257321,2026-07-17 16:29:06.241240,2026-07-17 16:29:06.242240,0 days 00:00:00.001000,1.294507174636696,779.0246181846296,-178.1600810101247,0.1221008662380243,0.9276802687168035,783.4677636804004,2.330126096464557,1.480870669545531,783.4824237271172,1.4210470890537652,,COMPLETE
81,0.9616217660980353,2026-07-17 16:29:06.242240,2026-07-17 16:29:06.243240,0 days 00:00:00.001000,-1.304284548914521,778.244777405375,57.48108956484509,1.5833941324053773,1.3663369889463062,776.1084922365338,2.470704961730437,1.146697190055463,781.5537621075116,0.47084377336183914,,COMPLETE
82,0.9486106276284249,2026-07-17 16:29:06.243240,2026-07-17 16:29:06.244240,0 days 00:00:00.001000,0.7102626556689211,781.1621330081259,-224.73042845289135,0.5034178449060183,0.5182621001447096,776.3528825796985,2.9809593779015406,1.2549632281251046,783.7911070272093,2.472308675497273,,COMPLETE
83,1.3262481641203077,2026-07-17 16:29:06.244240,2026-07-17 16:29:06.246241,0 days 00:00:00.002001,1.0354943893523578,777.6620242169572,408.8792918906351,1.8884527786226832,0.35582901773869385,779.1955719842155,2.6278722866772792,0.6374266323931395,783.1553567476142,1.8387221923948003,,COMPLETE
84,0.9817087579605663,2026-07-17 16:29:06.246241,2026-07-17 16:29:06.247240,0 days 00:00:00.000999,-0.7189291055813521,776.1216550625188,150.9553732891792,1.217947990607895,1.257854351829991,777.8702759314627,1.4898049643996034,1.475844107188875,779.202760088057,2.821495813994632,,COMPLETE
85,0.7827112508531313,2026-07-17 16:29:06.247240,2026-07-17 16:29:06.248240,0 days 00:00:00.001000,-0.016162256776198536,781.1143768899832,983.3461902661725,0.13318406937123306,0.7746489090367549,782.0984752761324,0.7680631160107956,0.07723005233926278,776.3272694127578,0.5649156493304175,,COMPLETE
86,0.8962509162433497,2026-07-17 16:29:06.248240,2026-07-17 16:29:06.250282,0 days 00:00:00.002042,0.9162050622016391,779.722004865548,63.50674949864697,1.0382216621052909,0.46965158713022714,778.4557437914071,1.7051079277281118,1.118683519857482,777.522452313121,1.3604834047778556,,COMPLETE
87,2.2265535022206033,2026-07-17 16:29:06.250282,2026-07-17 16:29:06.251732,0 days 00:00:00.001450,1.3802816416469943,778.2232891263955,698.2453118216802,0.5565567452211003,0.8539534439738221,777.2159906851723,1.8735906179752897,1.46168587022934,778.255020041543,1.4936865199508933,,COMPLETE
88,0.37227885129250704,2026-07-17 16:29:06.252865,2026-07-17 16:29:06.253862,0 days 00:00:00.000997,0.054180754746393056,783.7704576549922,-124.15407962725052,1.069615983850324,0.32025217843401405,778.5499821962054,1.9165815749685322,1.2855351567185491,779.677157763323,1.5213483531937757,,COMPLETE
89,0.6304642653566895,2026-07-17 16:29:06.253862,2026-07-17 16:29:06.254861,0 days 00:00:00.000999,-1.1841188481220954,783.6098403097313,956.4216709004011,0.7619926313389745,0.49747478738961637,782.2455046684217,0.8437706091280127,0.21965494264925717,778.1341612950723,2.0503395223934606,,COMPLETE
90,0.3087268015804703,2026-07-17 16:29:06.254861,2026-07-17 16:29:06.255861,0 days 00:00:00.001000,-0.14607278179257843,777.9559186395668,-150.66445384554603,1.0851597341397907,0.20742066266584014,782.2093335087915,2.779346440835569,0.4790388266223554,778.8953806731658,1.834447195919727,,COMPLETE
91,0.9655790425102599,2026-07-17 16:29:06.255861,2026-07-17 16:29:06.256861,0 days 00:00:00.001000,-1.3251789501703612,781.4257477421884,846.231310080804,3.5086457987848445,1.1887818136934316,779.5599509174684,2.48603426236214,0.8206150258344578,777.5701282011164,0.9286368331141561,,COMPLETE
92,0.8607414071957702,2026-07-17 16:29:06.256861,2026-07-17 16:29:06.257860,0 days 00:00:00.000999,0.15742441031065635,782.4321293495548,618.0266179200898,2.2730094426161775,0.31959022449354946,779.2343520125179,2.3564151244150104,0.6871771913723037,777.8727390458067,2.8175748242139953,,COMPLETE
93,0.4475105394220097,2026-07-17 16:29:06.257860,2026-07-17 16:29:06.258860,0 days 00:00:00.001000,-0.5738192174369795,780.1339403379999,393.605513479516,0.37241814246412874,0.4055756395884863,781.3211011283487,2.4061765948273237,0.613247604957758,777.3664273094857,1.4798066248816764,,COMPLETE
94,0.5440338659728072,2026-07-17 16:29:06.258860,2026-07-17 16:29:06.259860,0 days 00:00:00.001000,-0.1928661025287528,777.9900203686079,319.44199000969917,2.886747624060929,0.3033414158101436,776.4003075470387,2.1303295306493544,1.1137517096630987,777.9811989121073,0.602877168779564,,COMPLETE
95,1.6402391766976414,2026-07-17 16:29:06.259860,2026-07-17 16:29:06.262119,0 days 00:00:00.002259,1.2588913027511417,778.1014680479736,598.9609030182219,1.0585870872322363,0.396567329657487,781.9540174714487,1.4545795327497617,0.5684345235226793,781.2785105488846,1.641116668099702,,COMPLETE
96,0.5346417794983296,2026-07-17 16:29:06.262119,2026-07-17 16:29:06.264135,0 days 00:00:00.002016,-0.2513632725125938,783.6512987125382,6.3039649962236695,3.313262811944533,0.76816290679919,781.3126596871169,0.5128771308546916,0.6197900595204253,783.1640493189084,0.6455489919931519,,COMPLETE
97,1.4087835360125347,2026-07-17 16:29:06.264135,2026-07-17 16:29:06.265138,0 days 00:00:00.001003,1.0443332543782384,781.5154119762066,1225.9981525810294,0.5116810243188058,0.1381163272548166,778.4230021007314,2.2488897760788555,0.632432046953564,782.4377996656108,0.7258097815594925,,COMPLETE
98,1.56079241932552,2026-07-17 16:29:06.265138,2026-07-17 16:29:06.267138,0 days 00:00:00.002000,1.080334750023249,781.800357592635,978.902481268901,0.24386122452803238,0.33433716146694714,776.6029257369707,0.24877390540812627,1.1086044482755866,779.9779814611253,2.3083825337978303,,COMPLETE
99,0.5166003045055226,2026-07-17 16:29:06.267138,2026-07-17 16:29:06.269138,0 days 00:00:00.002000,-0.4641993807461273,783.1631584104382,133.77161279879851,7.810192917627601,0.15263391371806867,782.2510915267461,1.7128308757386181,0.0068231830004406024,780.9657461479555,0.9117917437336961,,COMPLETE
100,0.321529579162679,2026-07-17 16:29:06.269138,2026-07-17 16:29:06.276136,0 days 00:00:00.006998,0.007331176160835638,778.8904239690675,310.58813732781016,0.8310930295895333,0.13657958410500456,781.0208928614259,1.1442989638927015,0.04721698458023099,779.8981516503799,0.7253829639334242,,COMPLETE
101,0.29310060813039884,2026-07-17 16:29:06.276136,2026-07-17 16:29:06.287145,0 days 00:00:00.011009,-0.3721850235689003,777.2411647438012,-246.68701201946703,0.7740207767449964,0.38458996655502375,780.0182545013046,2.262140930964949,0.814555339743158,780.403460100812,1.644259350301576,,COMPLETE
102,0.37098426874585216,2026-07-17 16:29:06.287145,2026-07-17 16:29:06.293145,0 days 00:00:00.006000,0.14345481212583405,778.1759022031065,276.1307996791168,5.437959777253879,0.2824901760162763,780.3044048077016,0.4652950887054542,0.30033861553922214,783.045032561829,0.6269909790242644,,COMPLETE
103,0.4686528646609466,2026-07-17 16:29:06.293145,2026-07-17 16:29:06.299667,0 days 00:00:00.006522,-0.40562545323339694,781.9305734545478,805.9685140788117,0.11381770501662924,0.424526912174989,779.0282713200136,0.8096699336474218,0.4008697971742942,783.8695464893026,2.3439455029094503,,COMPLETE
104,0.50646165758187,2026-07-17 16:29:06.299667,2026-07-17 16:29:06.306667,0 days 00:00:00.007000,-0.05189860249492008,783.1951059239843,-268.52605237294534,1.175373088771809,0.4683127549481887,779.2049694690479,1.5441943662083248,1.2793813165380847,778.8324699760468,2.0705503440932844,,COMPLETE
105,0.6300162731475388,2026-07-17 16:29:06.306667,2026-07-17 16:29:06.312665,0 days 00:00:00.005998,-0.7037592613619381,778.6708779258165,-87.77741394610646,5.817700526783211,1.3514482776813057,779.1200909299624,2.678196538065566,1.0529579294380587,776.9991702801201,0.6002802798055217,,COMPLETE
106,0.3847570239355342,2026-07-17 16:29:06.312665,2026-07-17 16:29:06.318898,0 days 00:00:00.006233,-0.046258596446343225,779.1236836175901,151.7586413106264,4.142929226070163,0.4597207316418268,780.0770330604795,0.33511963512122844,0.3401229327310592,782.8323573059527,1.5899135445566972,,COMPLETE
107,0.4191569160360809,2026-07-17 16:29:06.318898,2026-07-17 16:29:06.325904,0 days 00:00:00.007006,0.12495904919217504,778.094055433067,300.6370487972614,5.4500417512091275,0.3421631608635669,779.0997953283859,0.2508893352384373,0.42736011888789927,783.309722764254,0.8936179996139735,,COMPLETE
108,0.48547970943656715,2026-07-17 16:29:06.325904,2026-07-17 16:29:06.330902,0 days 00:00:00.004998,0.10516444364454361,779.4061378054347,-47.203470970696,0.8973704191470623,0.055331316929656815,782.0422884255604,0.815800356371325,0.01042610906919398,780.4530073012819,0.9331352979862966,,COMPLETE
109,0.1588640222078076,2026-07-17 16:29:06.330902,2026-07-17 16:29:06.337251,0 days 00:00:00.006349,-0.19180866912616448,777.084040426051,-169.7519275572149,1.2928101165082424,0.22312989000166383,782.3736210785731,2.8061344868837623,0.8265640086881526,779.7067863623314,1.8444505784363403,,COMPLETE
110,0.3370906071397776,2026-07-17 16:29:06.338251,2026-07-17 16:29:06.343732,0 days 00:00:00.005481,-0.8859317689089234,777.6251505460091,188.47806151817366,0.8086843120194526,0.27278775417262324,781.0336509360676,2.7153373766529,0.83317942970693,780.0673727961112,1.9107377795749454,,COMPLETE
111,0.17003321300327412,2026-07-17 16:29:06.343732,2026-07-17 16:29:06.351676,0 days 00:00:00.007944,-0.48939567481991536,776.3086539085965,155.8029970521623,0.7773835057991118,0.37165788494039886,779.8016764954036,2.495471772421911,0.7191905234722566,779.2644568645992,1.9754124052878679,,COMPLETE
112,0.37768598262294073,2026-07-17 16:29:06.351676,2026-07-17 16:29:06.356971,0 days 00:00:00.005295,-0.8048823741917218,776.7398012497936,175.57849717846605,0.6689122182756239,0.1668158799482668,777.6957227851167,2.592324911162513,0.8847303056098941,780.3803907601928,2.114938579486672,,COMPLETE
113,0.3206840825841726,2026-07-17 16:29:06.356971,2026-07-17 16:29:06.363971,0 days 00:00:00.007000,-0.30971802125828435,776.3996561992527,-153.8265916312355,1.2806001979611157,0.035380953775814405,781.8500677356814,2.112290452178896,0.9731030290353333,780.7203347623602,2.040129732613722,,COMPLETE
114,0.5438949910971448,2026-07-17 16:29:06.363971,2026-07-17 16:29:06.371185,0 days 00:00:00.007214,-0.1736567464160014,777.3022611675952,-188.92260278567647,1.2447170224226352,0.12275353019078254,781.795135142041,2.4452391398806452,0.2638761752782771,781.3924524378673,2.1605956110544353,,COMPLETE
115,0.2914311283729098,2026-07-17 16:29:06.371185,2026-07-17 16:29:06.377184,0 days 00:00:00.005999,-0.29852482543323205,778.3269368277187,-169.01776096928256,1.7601354264838698,0.827305957438432,783.1035634447053,2.9374288857861592,0.5196049562671128,778.7630875074339,1.9350478914865405,,COMPLETE
116,0.3340315493282953,2026-07-17 16:29:06.377184,2026-07-17 16:29:06.383809,0 days 00:00:00.006625,-0.336454650624023,777.3574210098461,23.877176851032004,2.01240976413829,0.03874696125143441,781.5646132154769,1.671713468554063,1.1084718354465037,780.9253634749384,2.3958237045972375,,COMPLETE
117,0.6208776041166547,2026-07-17 16:29:06.383809,2026-07-17 16:29:06.390098,0 days 00:00:00.006289,-1.060916259827946,778.5748966108189,-296.6562501808671,4.1414092974144,0.6739008731010196,781.7959607710433,2.3439433594770143,0.567456097268877,777.6096781380184,1.8655706827616376,,COMPLETE
118,0.4370486404797606,2026-07-17 16:29:06.391095,2026-07-17 16:29:06.396611,0 days 00:00:00.005516,0.5856611828370508,780.2387991991819,-152.3705376647999,4.897564681066906,1.0532178100474374,781.1616365072074,0.2656503376577142,0.6639479858731274,780.3260583102596,0.1073582584748243,,COMPLETE
119,0.6419792512517913,2026-07-17 16:29:06.396611,2026-07-17 16:29:06.402616,0 days 00:00:00.006005,-0.9904582942569062,777.7039889408725,-44.34675884082873,3.5445110321306683,0.13969250521123444,783.1888563625993,1.4180244716551385,1.1819979410390855,782.6400227784893,2.495918885520477,,COMPLETE
120,0.6567636200447099,2026-07-17 16:29:06.402616,2026-07-17 16:29:06.408616,0 days 00:00:00.006000,0.3070977096517201,778.428769253677,731.048768461094,0.647432310444973,0.32476036820026827,780.5495156616261,1.480743254573629,0.04046856440484915,779.2043946437872,0.8612582649427436,,COMPLETE
121,0.6763990443269565,2026-07-17 16:29:06.408616,2026-07-17 16:29:06.414615,0 days 00:00:00.005999,0.25205214690513716,777.0863328071382,-93.72046427663425,1.7143434645193483,0.7181752465285178,783.8381987449993,2.942931619789935,0.6469630960192893,779.7652738939752,2.477185970490651,,COMPLETE
122,0.344286980085638,2026-07-17 16:29:06.414615,2026-07-17 16:29:06.425796,0 days 00:00:00.011181,0.08048106569130153,778.4494482012407,-172.95375449820807,1.9677413312426022,0.18919285890805687,782.387018806152,2.8579608109324983,0.5563845660463516,778.2893653569956,0.9195685448868011,,COMPLETE
123,0.38931216328094953,2026-07-17 16:29:06.425796,2026-07-17 16:29:06.435415,0 days 00:00:00.009619,-0.45889721065581285,777.2859993833231,-185.44181157082585,0.7723013879820543,0.28363679831019384,781.3422449925072,1.5055545839131215,0.9257267927004257,778.1928450474776,2.4736974934701577,,COMPLETE
124,0.47251362153411003,2026-07-17 16:29:06.435415,2026-07-17 16:29:06.442422,0 days 00:00:00.007007,-0.49160910000679175,778.5825260172353,-198.65162573691197,0.8854639875461049,0.6056888749996003,781.3826054920523,2.6493213508435742,1.1627997558684138,781.2294867947344,1.5708436722116623,,COMPLETE
125,0.4312332517991177,2026-07-17 16:29:06.442422,2026-07-17 16:29:06.450641,0 days 00:00:00.008219,-1.034511205288924,776.677681021805,504.88182507852287,0.37153318499804283,0.10801150630555012,781.8632732417243,2.706747125860308,0.8872812484286244,779.7642763137277,1.7370520606518711,,COMPLETE
126,0.5465961735819612,2026-07-17 16:29:06.450641,2026-07-17 16:29:06.457640,0 days 00:00:00.006999,-0.08439545066488019,778.301824692367,-140.12715552616535,1.879924677216916,0.07454550461018483,780.6285928514627,2.083039152441872,1.1669425789099732,782.0273760480436,2.7662345348678707,,COMPLETE
127,0.7064863945051888,2026-07-17 16:29:06.457640,2026-07-17 16:29:06.464640,0 days 00:00:00.007000,-0.5400088699215231,776.9509137062216,-24.39130218901252,2.1215050234356445,0.1121518576886373,781.7797165965565,2.128851282728453,1.0464429144050753,781.9155979321829,0.9286751434519596,,COMPLETE
128,0.7804150434622968,2026-07-17 16:29:06.464640,2026-07-17 16:29:06.472642,0 days 00:00:00.008002,0.17561001577931917,776.9641392621522,402.4188217002808,0.5840758020375008,0.4647039590174632,779.7265825835614,2.0759813819322597,0.6735490112142806,779.3424925759775,1.9147045953111275,,COMPLETE
129,0.29575245672419814,2026-07-17 16:29:06.472642,2026-07-17 16:29:06.479640,0 days 00:00:00.006998,-0.7682351771786149,779.0798908326411,-250.92537206843235,0.9199747920636595,1.215172588696395,782.0220226676441,2.690787414115514,0.4357218774362662,780.3172100008069,1.5650890439601246,,COMPLETE
130,0.8363933466423323,2026-07-17 16:29:06.479640,2026-07-17 16:29:06.488650,0 days 00:00:00.009010,-0.03946615290408517,778.495329866979,-246.03221175462733,1.0155208668673592,1.1051111215079088,783.4472660249457,2.485206792624618,0.623966163543358,782.4739113538827,1.2537680054937541,,COMPLETE
131,0.7752666751693165,2026-07-17 16:29:06.488650,2026-07-17 16:29:06.495164,0 days 00:00:00.006514,1.1149204773725234,781.9114220189336,218.63883439917893,5.732151243942355,1.3342989778513752,778.988740337179,0.9616096244837913,0.43832692910125504,777.6429489736358,0.3956146998844049,,COMPLETE
132,0.42184964174406575,2026-07-17 16:29:06.496178,2026-07-17 16:29:06.504176,0 days 00:00:00.007998,0.20413248586235636,776.569290186485,-144.99605674888275,1.6141575032630042,0.08793883798628621,780.9458494687858,2.858722379062243,1.0647999959777652,778.6057243981875,2.0881173696957567,,COMPLETE
133,0.42426306034491923,2026-07-17 16:29:06.504176,2026-07-17 16:29:06.511215,0 days 00:00:00.007039,-1.4649779564258771,780.4785867155522,-172.23363607572242,1.666390557051851,1.309497068681298,783.2266199473453,2.3832863931511885,0.42739461876924295,779.4017614323317,1.8497458936926883,,COMPLETE
134,0.40920237519036734,2026-07-17 16:29:06.511215,2026-07-17 16:29:06.520505,0 days 00:00:00.009290,-0.4170079503252918,777.8422398812037,-124.12404422224787,0.9684786496239635,1.2256041155155917,781.4601878699111,2.7886618888817347,0.2944013074853578,780.0002529798012,2.1360061816795306,,COMPLETE
135,0.49218684478428126,2026-07-17 16:29:06.520505,2026-07-17 16:29:06.527539,0 days 00:00:00.007034,-0.5091034342492183,777.452064532831,-191.07052677680684,0.5278232619090372,0.6711572533079002,779.1364430043645,2.2321852529764588,0.34707694782756815,780.1586674520395,0.8384334933440788,,COMPLETE
136,0.5144398337052931,2026-07-17 16:29:06.527539,2026-07-17 16:29:06.537200,0 days 00:00:00.009661,0.6003660343717232,777.9327278980937,309.07068389709855,0.23002350199655688,0.19634594358329552,779.8738059110058,1.1442450145104694,0.4160016458068184,780.3159047643991,0.15022980623659288,,COMPLETE
137,0.4074208017658455,2026-07-17 16:29:06.537200,2026-07-17 16:29:06.544400,0 days 00:00:00.007200,0.29185140499145573,778.8195239227796,-293.1574188544694,0.2997423672103301,0.23987912833820862,779.1455472315329,2.528687153962114,0.6186723009758056,781.5053189214935,1.6207074589477073,,COMPLETE
138,0.4193494928420583,2026-07-17 16:29:06.544400,2026-07-17 16:29:06.552423,0 days 00:00:00.008023,-0.5674357325659781,777.1069444234903,527.646414659394,0.8977324486685073,0.2769151573730289,782.4106662097048,0.839882091858082,0.5091631195476074,779.3371681789242,0.5077694992270299,,COMPLETE
139,0.5348797508771079,2026-07-17 16:29:06.552423,2026-07-17 16:29:06.559424,0 days 00:00:00.007001,-0.8923216772804254,780.8136870846515,15.865187171567072,0.14979962000903885,0.5304870081433442,777.5999461645904,1.7335124494896241,0.3117478894643589,782.4346426812899,2.5223504878430334,,COMPLETE
140,1.0359396261795113,2026-07-17 16:29:06.559424,2026-07-17 16:29:06.567743,0 days 00:00:00.008319,-1.4473593488143697,776.3804562521489,-199.03308500362937,2.115481375396916,1.1051714849156458,782.4922080878767,2.959883694489753,0.12155458599113067,780.935676004979,0.8967004570043521,,COMPLETE
141,0.3650214904049688,2026-07-17 16:29:06.567743,2026-07-17 16:29:06.574834,0 days 00:00:00.007091,0.017156174000718782,776.1747927922202,-204.67063524327688,1.8260974971462745,0.23923419369274804,783.2988302436002,2.2332632320285666,0.791318055391133,780.75535063466,1.8621496246658187,,COMPLETE
142,0.3965096030211374,2026-07-17 16:29:06.574834,2026-07-17 16:29:06.581939,0 days 00:00:00.007105,0.4840200522221209,779.0978060708538,-50.385761789589964,0.876554002064393,0.24120242097132744,781.9212221320859,2.4705832619691157,0.5378499227165707,778.0993865409744,0.6642754688568734,,COMPLETE
143,0.36218559373806913,2026-07-17 16:29:06.581939,2026-07-17 16:29:06.589464,0 days 00:00:00.007525,-1.0177319342400972,778.5848192204256,253.72199500867617,2.97070110554857,0.24436643024992583,781.7797267004332,2.7958672038330894,0.7389683336867555,780.4626883191684,1.405533914175145,,COMPLETE
144,0.2392032349257572,2026-07-17 16:29:06.589464,2026-07-17 16:29:06.595462,0 days 00:00:00.005998,-0.2763254051556836,780.7084961719492,107.95463617494599,1.589445373678121,1.1191550191320296,779.3734283082588,1.1707474981285386,0.5046159383715215,780.6511985812649,0.758888268586103,,COMPLETE
145,0.45500824199543016,2026-07-17 16:29:06.595462,2026-07-17 16:29:06.603156,0 days 00:00:00.007694,0.16902860541301434,779.8325663389456,525.4837167894259,2.138766143648496,1.3009302246703078,779.6814991797024,0.3643908239272695,0.42606805920851737,780.797234687855,0.6300815242242226,,COMPLETE
146,0.26677554027558953,2026-07-17 16:29:06.604215,2026-07-17 16:29:06.610215,0 days 00:00:00.006000,-0.6128294190104191,781.2908562019037,445.3517348259816,0.4806644830144306,0.22551073115850045,778.364550401369,0.8040636373616231,0.272612578821964,782.9771619917068,1.7716499557512788,,COMPLETE
147,0.5507887261166249,2026-07-17 16:29:06.610215,2026-07-17 16:29:06.618713,0 days 00:00:00.008498,-0.6314527673000102,783.1227297066881,533.4722647804788,0.7636310333208806,0.7846342295960321,777.8360994291011,1.2343282480095514,0.3359935071320264,781.2418708588075,1.952010707177934,,COMPLETE
148,0.27646444555227695,2026-07-17 16:29:06.618713,2026-07-17 16:29:06.625732,0 days 00:00:00.007019,-0.6551370386983627,782.7832413328314,178.63904633919276,0.9274661597366317,0.1670162049826038,778.8436023886899,1.2299689927682178,0.4617730904367251,782.8454709706981,2.20374687261584,,COMPLETE
149,0.5890491195519829,2026-07-17 16:29:06.625732,2026-07-17 16:29:06.632032,0 days 00:00:00.006300,0.26561191276180357,779.670888816062,-123.70127412188793,3.6899782079830534,0.9703323837325857,783.0765967697538,2.815843587487799,0.36901458032419476,778.5040303091006,1.7426640495411523,,COMPLETE
150,0.2858619431788593,2026-07-17 16:29:06.632032,2026-07-17 16:29:06.640222,0 days 00:00:00.008190,-0.5015072440714409,776.836856913088,-94.64281595364213,0.9878381075395742,0.6721381409450886,778.9633034007277,2.5549931798744416,0.581087096662331,782.1017211197997,2.0759700792959865,,COMPLETE
151,0.678087283370038,2026-07-17 16:29:06.640222,2026-07-17 16:29:06.649221,0 days 00:00:00.008999,-1.2805085806289727,780.257793725496,556.6361092655197,0.3022359818214519,0.07336574422581474,779.1037170978776,1.2383774994634293,0.13839401919660632,782.2742865010168,1.385527150188609,,COMPLETE
152,0.817086233822313,2026-07-17 16:29:06.649221,2026-07-17 16:29:06.656219,0 days 00:00:00.006998,-0.6877936034557135,777.1390146595625,-256.08865523950016,0.9025342500259651,0.6730413370084118,777.9760102411543,2.573922094437226,0.06822585582167606,782.9695292606162,2.191498899815526,,COMPLETE
153,0.3572397084779637,2026-07-17 16:29:06.656219,2026-07-17 16:29:06.663220,0 days 00:00:00.007001,-0.5004693045462577,780.087116872074,-229.08657718708002,0.14973047546072363,0.9248928731411861,782.7476306301662,2.6506528077975626,0.16305429122926263,779.5571384631279,1.2605354725472757,,COMPLETE
154,0.3431081103683171,2026-07-17 16:29:06.663220,2026-07-17 16:29:06.670403,0 days 00:00:00.007183,-0.6134659747684356,781.1943081062199,190.21178002453905,1.2066003291177216,0.24138312551947733,781.3805739388574,1.3789229737130901,0.4327894493133762,782.2989067993068,1.8954296424354458,,COMPLETE
155,0.3116574356120606,2026-07-17 16:29:06.670403,2026-07-17 16:29:06.681418,0 days 00:00:00.011015,-0.456366796522432,780.056426303064,255.91822682547476,1.0347543099125625,0.9930612950718309,780.3272586439737,1.4548220920770993,0.3998089137592475,781.0960223986195,0.7147341142452969,,COMPLETE
156,1000.0015219360828,2026-07-17 16:29:06.682481,2026-07-17 16:29:06.693831,0 days 00:00:00.011350,-0.14118336176118823,778.9504126573373,118.37016451368328,1.0945110153331514,1.1928549954482635,781.0915847609821,1.4307847590577882,0.2125782365422441,781.0036080560361,1.0593900314157283,,COMPLETE
157,0.47758652388546774,2026-07-17 16:29:06.693831,2026-07-17 16:29:06.701810,0 days 00:00:00.007979,0.29379206936864033,782.5817070123503,-276.11281280137246,1.5883700268761698,1.3301589992447977,779.8677989312642,0.3248331754080586,0.20827035691344417,779.5776618044978,0.4446265197035629,,COMPLETE
158,0.47325797411641396,2026-07-17 16:29:06.701810,2026-07-17 16:29:06.708848,0 days 00:00:00.007038,0.27762501148342555,783.675709725972,-51.126793362895256,1.221141486974571,0.12555405442288012,777.5732399539187,1.3094605010954021,0.2689751236210462,783.7034215238514,2.176777766095413,,COMPLETE
159,0.1931292197203117,2026-07-17 16:29:06.708848,2026-07-17 16:29:06.716321,0 days 00:00:00.007473,-1.1855818235109759,782.0552209440567,223.65985607656742,1.1084184365852598,0.8064082281852576,780.7580086061992,1.881592636604362,0.4343895731636911,783.1515876276983,0.6282833647700089,,COMPLETE
160,0.3264255995097701,2026-07-17 16:29:06.716321,2026-07-17 16:29:06.722729,0 days 00:00:00.006408,-0.6019008946093551,781.9510685514243,33.3210877046662,1.9740603308793503,1.0232517505944996,778.6197583517513,1.6776462735760131,0.6654761007323187,782.7551474923824,0.5264175241893491,,COMPLETE
161,0.36582850461887884,2026-07-17 16:29:06.722729,2026-07-17 16:29:06.729730,0 days 00:00:00.007001,-0.5754661656285933,783.2282322850953,438.04876662783454,1.0401451624777007,0.2438131682202437,778.6298114065594,0.7029569509779028,0.5237008053873821,783.4514365782164,2.85990456657876,,COMPLETE
162,0.37573153667536524,2026-07-17 16:29:06.729730,2026-07-17 16:29:06.737732,0 days 00:00:00.008002,-1.194171386792194,783.4525486136969,70.27062122354809,0.3047532384707727,0.7099513078188855,780.4999933244651,1.6539674682525685,0.3188295734339273,782.2726218936484,0.873747074633672,,COMPLETE
163,0.33253364393876694,2026-07-17 16:29:06.737732,2026-07-17 16:29:06.744220,0 days 00:00:00.006488,-0.5763530078829557,780.9817594017842,286.31491811626347,0.24102175266090278,0.320285774814462,779.1460330210436,0.6251148269197753,0.6306842440361092,783.6328385652113,1.0023979867236705,,COMPLETE
164,0.27064995374613654,2026-07-17 16:29:06.744220,2026-07-17 16:29:06.751435,0 days 00:00:00.007215,-1.184198307018541,781.5763405303092,361.0503461164707,1.258721506562106,0.6756386046277318,780.9269601567349,1.8931604835012843,0.3581166859514654,782.1367133109536,0.9276447047660638,,COMPLETE
165,0.2563939454035733,2026-07-17 16:29:06.751435,2026-07-17 16:29:06.758498,0 days 00:00:00.007063,-0.7197135557491541,781.0293320188368,192.07582336450747,0.4814428442057947,0.9061848547232221,781.3990519270374,1.054815345429759,0.6239817248814759,779.6693058290646,0.8052077309206118,,COMPLETE
166,0.25477536355893565,2026-07-17 16:29:06.759496,2026-07-17 16:29:06.767628,0 days 00:00:00.008132,-0.709294582173362,780.5289953960925,336.10872764384897,0.5458595862718769,0.8890805956557342,781.2556130187396,2.504330526670896,0.30330915773324907,782.7595622296686,0.1247664162863833,,COMPLETE
167,0.2806042756728817,2026-07-17 16:29:06.767628,2026-07-17 16:29:06.776885,0 days 00:00:00.009257,-0.842120071506035,782.2951005312436,346.07012142206054,0.9449133835344067,0.6362739984409802,780.9449940803783,2.2144758886715215,0.5819470045285146,782.9226688869437,0.21698929929705507,,COMPLETE
168,0.6353136636339557,2026-07-17 16:29:06.776885,2026-07-17 16:29:06.784892,0 days 00:00:00.008007,-0.17007249027264904,782.9877410108065,386.1156627515797,0.5359691722684768,0.865786563963182,781.8994232611944,1.8031828377260637,0.4222415208091279,783.5434791012331,0.3177069515395417,,COMPLETE
169,0.5618417965696306,2026-07-17 16:29:06.784892,2026-07-17 16:29:06.791638,0 days 00:00:00.006746,-1.3042734948159944,782.064982963273,285.8158309918835,2.6091379821553264,0.9801341824138359,782.3775629243861,2.4040279345668933,0.6721055818373386,782.9247783593561,0.8630478020878718,,COMPLETE
170,0.34063123101221016,2026-07-17 16:29:06.792637,2026-07-17 16:29:06.799155,0 days 00:00:00.006518,-1.4095331210848672,781.5338122553243,417.05332099343934,2.0999972235549307,0.5066727380208731,781.1623422986543,2.3428621982497173,0.16388330979768445,781.4777263487438,0.5614343462125853,,COMPLETE
171,0.6407736808054056,2026-07-17 16:29:06.799155,2026-07-17 16:29:06.809499,0 days 00:00:00.010344,-1.33204842656276,781.1367347205495,86.95840569848028,0.3354392534297303,0.7738387078323958,781.6315369817672,0.8092536923551166,0.930045134113324,778.406230766931,0.7907784901294026,,COMPLETE
172,0.31426357082750356,2026-07-17 16:29:06.809499,2026-07-17 16:29:06.816500,0 days 00:00:00.007001,-0.3371273529140824,776.3946390878242,-211.53687598108553,0.7036778855228554,0.6678467784238027,778.8326107087004,2.273659727867712,0.9903461802685496,781.6670819685527,2.429388025600599,,COMPLETE
173,0.7251977432461949,2026-07-17 16:29:06.816500,2026-07-17 16:29:06.824498,0 days 00:00:00.007998,-0.761452334058654,779.0891681732064,157.58445710219218,1.4660301183773792,0.03742307140635995,777.2071346387311,0.436194471948621,0.2283271974514864,783.7851027305159,2.228217500704413,,COMPLETE
174,0.4817701727116736,2026-07-17 16:29:06.824498,2026-07-17 16:29:06.831499,0 days 00:00:00.007001,-0.5081894333333591,778.0247049370529,266.23121736634744,0.7978852006288523,1.1113105951573217,782.1817257264435,2.9158109333461817,0.2659786400710561,783.6152668948051,0.14526644130159425,,COMPLETE
175,0.4437764729850039,2026-07-17 16:29:06.831499,2026-07-17 16:29:06.841852,0 days 00:00:00.010353,-0.8322368526310256,783.7620784999879,633.5609481161191,0.4607213121421102,0.23193071102840485,782.401710989673,2.422781142704619,0.7820376957857316,782.8728146213173,0.11585108834509188,,COMPLETE
176,0.2923851754414612,2026-07-17 16:29:06.841852,2026-07-17 16:29:06.848852,0 days 00:00:00.007000,-1.2408188781993734,781.6949581814273,321.0295253249637,0.7047545428306076,1.0905287150369938,783.195803107844,1.5521971776781458,0.2754012888553757,778.7383140056911,0.48385373140892657,,COMPLETE
177,0.5911204929797246,2026-07-17 16:29:06.848852,2026-07-17 16:29:06.858109,0 days 00:00:00.009257,-1.3178359724794897,780.7447587971985,170.14279276085432,1.1299111774900448,1.070053728075858,782.5131511878585,1.1273661176247178,0.2635317538366436,777.6195938944584,0.6719564209432083,,COMPLETE
178,0.40729732685161346,2026-07-17 16:29:06.858109,2026-07-17 16:29:06.865203,0 days 00:00:00.007094,-0.627827672309201,779.8490536422331,340.7154256131319,0.21832396549941827,1.0391501108302454,779.9239324317545,2.548691773093091,0.3026622061884124,782.2110007814377,0.12560214340102277,,COMPLETE
179,0.3815417059750732,2026-07-17 16:29:06.865203,2026-07-17 16:29:06.877673,0 days 00:00:00.012470,-1.439909340830435,781.9067762027211,440.51883298266,1.834918697096483,1.1870133997705652,782.9605022976241,2.267517048129328,0.09205735487974309,779.6640653313732,1.0531331645409867,,COMPLETE
180,0.8612172619920492,2026-07-17 16:29:06.877673,2026-07-17 16:29:06.887851,0 days 00:00:00.010178,-0.6915685679436595,783.5181793244047,596.8203748075694,1.018046678110486,1.248412916291912,781.6639562373168,1.7354865401171053,0.7326136434449197,777.8799340389977,0.4075685862876336,,COMPLETE
181,0.4267275688732695,2026-07-17 16:29:06.887851,2026-07-17 16:29:06.894895,0 days 00:00:00.007044,-0.7277788579157385,780.505468779781,396.91525250898223,0.2685810699046143,1.1650309244642278,782.983670811799,2.111100374123467,0.259539290012805,777.4681533336761,0.5839405729733551,,COMPLETE
182,0.34040794695377274,2026-07-17 16:29:06.894895,2026-07-17 16:29:06.904077,0 days 00:00:00.009182,-1.0819976700215503,781.5715460813873,449.4619308320235,0.6822471415323736,0.7385521209607616,780.1143122859129,2.303204853963766,0.6379560633720849,782.7007609586971,0.10174163847631884,,COMPLETE
183,0.617217447088634,2026-07-17 16:29:06.904077,2026-07-17 16:29:06.934077,0 days 00:00:00.030000,-0.09378847789162192,780.8405142014101,-16.68219954912705,1.0971219509951196,1.1755874169186007,779.5877370780157,1.623008688388226,0.8453054945290863,779.1935000709932,1.2486527326601138,,COMPLETE
184,0.5487150304964826,2026-07-17 16:29:06.934077,2026-07-17 16:29:06.945967,0 days 00:00:00.011890,-1.0719105157743944,778.3190275662008,-216.65554191813828,0.1527746045061366,1.1946769182958985,780.7281970198422,2.9228644388340683,0.4309240523018964,782.911507232325,1.3817817297705508,,COMPLETE
185,0.6663497332961196,2026-07-17 16:29:06.945967,2026-07-17 16:29:06.958482,0 days 00:00:00.012515,-0.48127601345037785,782.0990545469215,849.6062584337744,0.21632201443319982,0.4334347176514073,780.5052197448122,2.2088320297528865,0.34536307749537776,783.6677666462815,2.4841950906033974,,COMPLETE
186,0.9065931765632016,2026-07-17 16:29:06.958482,2026-07-17 16:29:06.971483,0 days 00:00:00.013001,0.7427357266628346,780.3818988939998,597.4868449142944,0.619449426921476,0.17956274648262255,779.7168686199063,1.0928548818908614,0.3986289821511327,783.7273471590086,2.1182825508738024,,COMPLETE
187,0.4473150326419196,2026-07-17 16:29:06.971483,2026-07-17 16:29:06.985491,0 days 00:00:00.014008,-0.2654136311638057,783.8515570838161,591.760615292002,0.3668575634746592,0.125993933573523,779.717925332412,1.8286597691849293,0.3479558560161964,781.5228707854523,1.504641979499592,,COMPLETE
188,0.6139469240771275,2026-07-17 16:29:06.985491,2026-07-17 16:29:06.998014,0 days 00:00:00.012523,-0.7193503857297757,781.5426263276985,995.2313041701863,1.828771179448829,0.5628687813912395,781.3604518473107,1.452984316329649,0.25586530011696673,782.253679870783,1.1480700713291037,,COMPLETE
189,0.524785386914056,2026-07-17 16:29:06.998014,2026-07-17 16:29:07.009012,0 days 00:00:00.010998,0.15133544487981104,780.9948099959171,-272.91963424143927,3.026961252052517,1.484280551675039,778.2853465867245,0.657966150860638,0.8241303904240251,776.8118739302956,0.10209179144400829,,COMPLETE
190,0.4047663058978664,2026-07-17 16:29:07.009012,2026-07-17 16:29:07.019010,0 days 00:00:00.009998,-0.11339798671467946,778.4616797953013,-47.37876148683317,1.9575350616219882,0.003891715145232205,783.4806493597359,2.5042573460137074,0.5743546309439315,777.0526458390425,2.572525015680465,,COMPLETE
191,0.4315770687939993,2026-07-17 16:29:07.019010,2026-07-17 16:29:07.026009,0 days 00:00:00.006999,0.6000731665477672,779.062660073834,-69.94609749488075,3.1213839763069724,1.4675986069215161,778.6075991675137,0.6531085897660183,0.09097208524971095,779.0617988015238,0.37965695532083515,,COMPLETE
192,0.3188484915758341,2026-07-17 16:29:07.026009,2026-07-17 16:29:07.034015,0 days 00:00:00.008006,-0.588145994938994,778.286917277368,117.55766165080956,1.0039297236126508,0.7234772205070138,782.9425340953078,2.600298874015352,0.3915621078587507,779.3207988667381,1.6441693682974425,,COMPLETE
193,0.8910186238078552,2026-07-17 16:29:07.034015,2026-07-17 16:29:07.042010,0 days 00:00:00.007995,-0.8798731563075295,778.9143350583702,52.82729182669918,1.5842223156313935,1.1541925993552464,777.7944988441163,0.6200081358338551,0.06436437645906506,781.7119130753574,0.8594167011205508,,COMPLETE
194,0.3420955195145354,2026-07-17 16:29:07.042010,2026-07-17 16:29:07.050016,0 days 00:00:00.008006,-0.5360215691207871,782.1656364478247,362.7463824395645,0.6948233879895109,0.25695001797322153,777.8413079766267,0.36925890240187603,0.13246371966840811,783.4213964058371,1.2046300555324814,,COMPLETE
195,0.5559176374824998,2026-07-17 16:29:07.050016,2026-07-17 16:29:07.058161,0 days 00:00:00.008145,-1.3945296643435194,782.4925233863136,121.60144082146134,0.8125133246793724,0.16962941964657735,779.5779211526619,1.3899146427122357,0.07872618524062264,783.7032107990057,2.179605857763365,,COMPLETE
196,0.3857781427808218,2026-07-17 16:29:07.058161,2026-07-17 16:29:07.065160,0 days 00:00:00.006999,-0.8694278499375447,780.917826014546,337.1687801230544,0.5015555278873617,0.8898391242570467,779.4219344112241,1.2001149684340322,0.7010538485248572,780.9869301170936,0.7756088697341972,,COMPLETE
197,0.27553150511514757,2026-07-17 16:29:07.065160,2026-07-17 16:29:07.072159,0 days 00:00:00.006999,-0.7928442543542351,780.214268742715,146.61218240046617,0.9744900014482434,1.0852137549192356,780.6596072852967,2.1316460560995187,0.4704058062394398,780.5477938523567,0.6420484930773442,,COMPLETE
198,0.6910293157073881,2026-07-17 16:29:07.072159,2026-07-17 16:29:07.079160,0 days 00:00:00.007001,-0.25227326179623244,777.951885560237,276.1835852814324,2.180354842358497,0.8938879470546622,779.6377013021524,2.597926366842914,0.5773310738904371,782.7504089194232,2.744069079642621,,COMPLETE
199,0.39972448812608286,2026-07-17 16:29:07.079160,2026-07-17 16:29:07.087169,0 days 00:00:00.008009,-0.886294934577695,780.0195949886513,-174.52947802215726,1.326787823595334,1.4986041349517707,781.4784660478238,2.852708161515918,0.42900666966759204,780.8220520003679,1.1827140508899998,,COMPLETE
200,0.5223521608438498,2026-07-17 16:29:07.087169,2026-07-17 16:29:07.094169,0 days 00:00:00.007000,-1.3652468281268266,783.6864998386981,119.00852098759938,0.785249933160711,1.16176601773819,781.6895484951042,1.059487342434573,0.22219643397350702,780.210548560865,0.35703770006770497,,COMPLETE
201,0.4563012148110152,2026-07-17 16:29:07.094169,2026-07-17 16:29:07.101687,0 days 00:00:00.007518,0.008681397525102219,781.9660810626762,1.3677048115007295,2.296402538641003,0.9904075155075216,777.882211944474,0.5938725595632579,0.6381689466508674,780.3869562865661,0.15279472859028792,,COMPLETE
202,0.6585872108043459,2026-07-17 16:29:07.101687,2026-07-17 16:29:07.108685,0 days 00:00:00.006998,-1.013873977916736,779.3548128087604,-97.50249503671321,0.5148959031129111,0.904395018925533,780.9580837815266,1.5609985290838237,0.12618745056010877,782.9990156134901,0.5774299374524154,,COMPLETE
203,0.297802272147446,2026-07-17 16:29:07.108685,2026-07-17 16:29:07.116393,0 days 00:00:00.007708,-0.06396976448724062,778.2241469297486,-268.2936514242785,0.48808018978818085,0.27772375107634334,783.8385227864559,2.7880578518680816,0.627984106343179,778.66317775439,1.7792014900878286,,COMPLETE
204,0.64193807828389,2026-07-17 16:29:07.116393,2026-07-17 16:29:07.120988,0 days 00:00:00.004595,-0.9145495218288441,781.1346110647539,192.27855612483728,0.8838630688538525,1.0804024533958894,777.8728464241358,2.095326314087705,0.07791809004445183,778.9711798938832,0.6781192899436059,,COMPLETE
205,0.22473913784715577,2026-07-17 16:29:07.120988,2026-07-17 16:29:07.131250,0 days 00:00:00.010262,-0.5226517990207156,781.4356750047172,268.92497835807234,0.11304612618567987,0.22375843395056272,780.3027924742777,0.6207386069506905,0.35218991484075335,782.2208124275656,2.7335926586714097,,COMPLETE
206,0.39713943524443746,2026-07-17 16:29:07.131250,2026-07-17 16:29:07.138917,0 days 00:00:00.007667,-0.40169751830374956,781.7063581649372,-166.94764709758005,0.11247007002143128,0.3567053738364647,777.9974526969488,0.6722281465832359,0.339142651382593,780.6245416161767,2.725010898469313,,COMPLETE
207,0.6504254639164692,2026-07-17 16:29:07.138917,2026-07-17 16:29:07.143971,0 days 00:00:00.005054,-0.307483933357581,776.8829242207877,-143.5188841109245,0.24528344675686478,0.4640772774432078,783.6627706834256,1.8471121183251462,0.40606248555889707,776.8094184015482,1.8339116478220552,,COMPLETE
208,0.2971617936687753,2026-07-17 16:29:07.143971,2026-07-17 16:29:07.154283,0 days 00:00:00.010312,-0.23488238704155018,783.7959207691958,266.8866149250441,1.8262746908204113,0.29340414195137593,779.2983431001912,2.04344563569419,0.4571906773021622,783.6365669504964,0.31635710752853824,,COMPLETE
209,0.33498813521793186,2026-07-17 16:29:07.154283,2026-07-17 16:29:07.164678,0 days 00:00:00.010395,-0.5663547294469811,783.3146752943945,79.68541282726679,0.1432342816285125,0.007948771822090167,782.118904409097,0.8881248475447403,0.2913382003564583,780.9515178459085,2.43832165629004,,COMPLETE
210,0.3352908893680728,2026-07-17 16:29:07.164678,2026-07-17 16:29:07.173582,0 days 00:00:00.008904,-0.02047261467902281,782.7550042658407,181.809853263467,1.4459240892883143,0.5928055727799356,778.0466825853779,1.8345588929611705,0.23881682699966567,783.2995629250663,0.5327468717335972,,COMPLETE
211,0.4361903971058101,2026-07-17 16:29:07.173582,2026-07-17 16:29:07.182982,0 days 00:00:00.009400,-0.45446412085672033,781.5623135873901,-22.731607392611295,0.20295519864243494,0.7869740184367309,782.2868303284281,0.9694591412879175,0.5900627664779702,780.0886100954823,0.23397829218522315,,COMPLETE
212,0.30222067742240954,2026-07-17 16:29:07.182982,2026-07-17 16:29:07.192221,0 days 00:00:00.009239,-0.5133300182621686,779.5367249094584,-51.17193055772273,0.44925056535699304,0.2863060282042818,783.9469190115697,2.9978675995638016,0.6452998841465126,779.3410550636993,2.11047867369235,,COMPLETE
213,0.4240754194256408,2026-07-17 16:29:07.192221,2026-07-17 16:29:07.202158,0 days 00:00:00.009937,-0.2056741709838817,780.9099941196845,410.0320645477201,0.11619191266308355,0.057307339629799864,779.1518677167668,0.9058277605147709,0.6848462130124842,780.9077122343192,2.6399842670648,,COMPLETE
214,0.39592447827100496,2026-07-17 16:29:07.202158,2026-07-17 16:29:07.209166,0 days 00:00:00.007008,-0.09464689974415652,783.4097010061186,292.77890744942096,1.2835594527396967,0.5628071512287323,780.4435291706395,2.217681594656376,0.5228883940600056,782.6741649853076,0.2514170736355834,,COMPLETE
215,0.22370012038615045,2026-07-17 16:29:07.209166,2026-07-17 16:29:07.219166,0 days 00:00:00.010000,-1.0099390343934105,781.7219590659186,372.8875341103446,0.5707108253483724,0.7063376241329862,782.1815996279139,2.892794681919746,0.052553539484425926,782.9588262747197,0.37916532130701375,,COMPLETE
216,0.2729154153374715,2026-07-17 16:29:07.219166,2026-07-17 16:29:07.222076,0 days 00:00:00.002910,-1.249743338534925,782.4773814534084,263.1840170571577,2.283243394610095,0.5013002079715494,780.1593518967132,2.291394830008182,0.4791049708488251,783.7722534667773,0.7940377995335868,,COMPLETE
217,0.5145578334114274,2026-07-17 16:29:07.227558,2026-07-17 16:29:07.235148,0 days 00:00:00.007590,-1.322411188621312,782.5738029485578,-39.9948143685815,1.277845269697101,0.27224849949923585,781.0470319634439,1.848036244460624,0.8850786524275107,783.8090213822404,0.7839183342412904,,COMPLETE
218,0.45128211519615624,2026-07-17 16:29:07.235148,2026-07-17 16:29:07.243195,0 days 00:00:00.008047,-1.2660830368450209,783.1214505574849,487.6230605270314,0.2717764039425692,0.31615161931711583,777.6488606667084,1.7150079904887208,0.5986964591736812,783.5521634599326,2.716244503806184,,COMPLETE
219,0.4816471005910543,2026-07-17 16:29:07.243195,2026-07-17 16:29:07.252257,0 days 00:00:00.009062,-1.364411439860251,781.6943349880864,278.6694417826915,2.1034569261903946,0.7413522812526602,783.4335196888254,1.7469344624319754,0.47542615494133467,779.1846986390639,0.22457888429275719,,COMPLETE
220,1.033633920388594,2026-07-17 16:29:07.252257,2026-07-17 16:29:07.259294,0 days 00:00:00.007037,-1.355624659852771,779.5350518530889,85.85089935955693,0.13932661246800965,0.24667015788729088,782.1840280949874,0.9149445219978288,0.3199486497406476,783.1881295328974,2.2884537403401386,,COMPLETE
221,0.3901582670109444,2026-07-17 16:29:07.259294,2026-07-17 16:29:07.268156,0 days 00:00:00.008862,-0.813050446703669,781.4831435623627,600.2764629276609,0.5250170364984417,1.234432273417935,783.930087252639,0.7290591062277366,0.12845465986334828,778.7297159320254,0.15350136245104096,,COMPLETE
222,0.29965056729295036,2026-07-17 16:29:07.268156,2026-07-17 16:29:07.276529,0 days 00:00:00.008373,-0.763813945919764,781.1312079916657,405.59338207228757,0.43468819197946107,0.8569553686662064,782.8110765816303,2.805052394619688,0.07990379073772501,783.0404278416001,0.557760446731949,,COMPLETE
223,0.417277932620668,2026-07-17 16:29:07.276529,2026-07-17 16:29:07.285586,0 days 00:00:00.009057,-0.2410785452198752,782.2281027440714,617.3362630003445,2.8143048643025064,0.14427597838043968,779.0459088321333,2.55778411854837,0.4987426599722561,783.2923247469839,0.38766367073103297,,COMPLETE
224,0.35762356993964195,2026-07-17 16:29:07.285586,2026-07-17 16:29:07.293643,0 days 00:00:00.008057,-0.08665124362192478,782.2776937774037,12.882610055655618,0.16349200007904613,0.33527571937896594,779.1384223906472,0.7039932850859238,0.07782623018478746,783.5089017967183,2.7372335863922657,,COMPLETE
225,0.3958821474483,2026-07-17 16:29:07.293643,2026-07-17 16:29:07.303863,0 days 00:00:00.010220,-1.470079747300416,782.6256097252561,808.5183250560598,1.704210265874359,0.41742449404610277,778.7245020934148,1.5546167644486135,0.6481746292120091,783.2904406938891,0.8741899114814945,,COMPLETE
226,0.20943368283604913,2026-07-17 16:29:07.303863,2026-07-17 16:29:07.316926,0 days 00:00:00.013063,-1.1456515340845879,783.257248223261,315.1696598287844,5.82016696099024,0.7695032743703081,779.1448641724339,1.8153575167689706,0.29875560131830387,781.7399512169532,0.9064366638912232,,COMPLETE
227,0.2527011124132481,2026-07-17 16:29:07.316926,2026-07-17 16:29:07.322324,0 days 00:00:00.005398,-1.033966199804144,782.7470245619767,355.09190643045105,2.4696071278717824,0.9163062623913029,779.2686010557981,1.561228546153865,0.023383099614606495,781.8237350075123,0.8387063283263856,,COMPLETE
228,0.3278237661085657,2026-07-17 16:29:07.322324,2026-07-17 16:29:07.333605,0 days 00:00:00.011281,-0.8302242484045657,782.3210077793448,-292.14182699922026,1.679651664039804,0.7551081774240144,780.3051859664407,2.560171151944888,0.29546670119435453,783.8736315405054,0.5002073470893196,,COMPLETE
229,0.5101224369364948,2026-07-17 16:29:07.333605,2026-07-17 16:29:07.338985,0 days 00:00:00.005380,-0.6617156325283258,781.813355250073,79.48248522318232,3.2629192716728297,0.5843373678831514,777.3554558339553,1.7051322021686728,0.039542225780429915,780.653848115245,1.6513249179756664,,COMPLETE
230,0.3799386310543648,2026-07-17 16:29:07.338985,2026-07-17 16:29:07.351763,0 days 00:00:00.012778,-1.2130175063216,783.9655760876981,212.3766199565745,2.8205061785034484,0.7069626619801599,777.6355304308993,2.723228863794635,0.610160232195379,783.9107755771063,1.6406567304620017,,COMPLETE
231,0.41675036509314833,2026-07-17 16:29:07.351763,2026-07-17 16:29:07.360023,0 days 00:00:00.008260,-0.7267679709835863,783.0880771015277,488.6103433262279,6.557161245626463,0.841927859719997,777.8412752664531,1.592961527215499,0.300835176477319,781.1366989669793,0.5567615361037876,,COMPLETE
232,0.16835568547852559,2026-07-17 16:29:07.360023,2026-07-17 16:29:07.368369,0 days 00:00:00.008346,-1.0571692093900087,783.6053424924132,560.0237636896701,5.3807197586542435,1.0433115480437216,779.9511009869094,1.135704448280779,0.032580291569545006,781.3311490328825,1.3375261567639372,,COMPLETE
233,0.38495466440444753,2026-07-17 16:29:07.368369,2026-07-17 16:29:07.377369,0 days 00:00:00.009000,-1.3939072613509442,781.2751082988218,432.33753205680654,0.5850890646540213,0.1668809762489667,776.9028267870947,0.10354793777109628,0.5872037264188443,781.2397102744884,1.9212823809933615,,COMPLETE
234,0.23130217291143443,2026-07-17 16:29:07.377369,2026-07-17 16:29:07.385378,0 days 00:00:00.008009,-1.203737036975511,780.8605064336476,489.49796922138194,2.2292885025414764,0.9543430342947319,780.5854884948161,1.5265393210002565,0.015513330973861313,782.8451010339055,1.5583077880899714,,COMPLETE
235,0.6841240366841962,2026-07-17 16:29:07.385378,2026-07-17 16:29:07.393377,0 days 00:00:00.007999,-1.3775229651426795,783.0045918917905,646.4009803133521,3.3394393205612563,1.3567903630899505,778.093485547776,1.4894556127197909,0.042793571170277,781.1995979509778,1.2406906730490879,,COMPLETE
236,0.397756152412805,2026-07-17 16:29:07.393377,2026-07-17 16:29:07.401933,0 days 00:00:00.008556,-0.6157632008456707,780.6141702682734,414.92304774841364,3.7629857407563465,0.9290362438349633,781.2309114513959,2.131596025232837,0.033705225032185294,783.921495219314,1.1985831484986327,,COMPLETE
237,0.3731659566130243,2026-07-17 16:29:07.401933,2026-07-17 16:29:07.409459,0 days 00:00:00.007526,-1.2645828527644603,780.3918218996486,303.40132815831237,2.6476091516762206,1.1008652070730656,781.8371588640945,2.0624137854641775,0.08087542829650707,782.2757497154225,2.0214806640071474,,COMPLETE
238,0.2450352355627868,2026-07-17 16:29:07.409459,2026-07-17 16:29:07.417455,0 days 00:00:00.007996,-0.8996253967290271,781.3252544530911,394.46312149194347,2.0342091661380417,0.9308635039130604,779.3617025370414,1.6078716902911556,0.1352106687645696,783.1186920989434,1.193314246211131,,COMPLETE
239,0.478085275930621,2026-07-17 16:29:07.417455,2026-07-17 16:29:07.424704,0 days 00:00:00.007249,-1.2523789867231354,781.4814409647047,344.54158802347274,2.5822659234057967,0.7505731023674362,779.4339231952774,0.32660337650019833,0.19461590611560814,781.0115529254393,1.4894394143068515,,COMPLETE
240,0.2826077041474613,2026-07-17 16:29:07.427634,2026-07-17 16:29:07.436882,0 days 00:00:00.009248,-1.280432620149924,781.9751635129736,439.26854970163436,3.244701324164035,0.6814970915712775,779.7756085971458,1.243336150730638,0.06534420189832793,781.871510136122,0.6171725723838714,,COMPLETE
241,0.3429626320697345,2026-07-17 16:29:07.436882,2026-07-17 16:29:07.443734,0 days 00:00:00.006852,-0.7622071417230307,781.7624328063783,276.22413116213704,2.376686529350166,0.7092353090773799,780.3245820279159,2.1339391789511573,0.5636672667413256,782.846068271984,0.9619296537810953,,COMPLETE
242,0.3990902004816013,2026-07-17 16:29:07.443734,2026-07-17 16:29:07.448977,0 days 00:00:00.005243,-0.844769079437062,779.0570400239211,267.0477171032947,0.793547707893651,1.2934183002446362,781.1158584305783,2.2625897900385987,0.8533246043215645,780.1789023930834,0.638024578667511,,COMPLETE
243,0.48435265327442734,2026-07-17 16:29:07.448977,2026-07-17 16:29:07.459433,0 days 00:00:00.010456,-0.6510973072482723,783.3109620965147,346.000219336191,3.158453442315241,1.072955847204599,780.8502085988837,1.9009796380068094,0.13000040623666337,782.2301648040053,1.0009644716893595,,COMPLETE
244,0.48603395427190693,2026-07-17 16:29:07.459433,2026-07-17 16:29:07.469896,0 days 00:00:00.010463,-1.2683413153236789,781.3824389437491,321.7389203612528,0.9995665949008825,0.9488133557541663,779.1661119924692,1.192810685032168,0.08417563353355909,781.8628052836227,0.9159058868392906,,COMPLETE
245,1000.0019974099038,2026-07-17 16:29:07.469896,2026-07-17 16:29:07.475041,0 days 00:00:00.005145,0.06353772734338325,777.295306359854,505.5414516309486,0.22086620174682772,0.03313924539064908,783.0257929239054,1.0948666621587986,0.15684463043547442,782.9415724621449,1.3569538352904105,,COMPLETE
246,0.3189681354743388,2026-07-17 16:29:07.475041,2026-07-17 16:29:07.490246,0 days 00:00:00.015205,-0.3940476815281793,780.5561498136171,286.6309622182005,0.6189234538279097,0.4151323264522717,777.9178560894887,1.4829258737288193,0.4514224816613096,782.8974808974551,2.0230882184671715,,COMPLETE
247,0.432959678904815,2026-07-17 16:29:07.490246,2026-07-17 16:29:07.500546,0 days 00:00:00.010300,-0.8587178283022711,783.7738557072901,971.2812461434228,7.095369138653737,1.0159488102069256,778.4711980982684,0.5161628292249608,0.017005395857309955,782.4207731960668,1.6648785429691568,,COMPLETE
248,0.351900048439654,2026-07-17 16:29:07.500546,2026-07-17 16:29:07.511678,0 days 00:00:00.011132,-0.2714066694737525,778.3762466667223,512.229351193254,0.46373965885545354,0.030141439294986264,780.3920999562613,2.2422725805691446,0.4839014801063125,781.082154571272,0.9345031650455453,,COMPLETE
249,0.4294679051870753,2026-07-17 16:29:07.511678,2026-07-17 16:29:07.522353,0 days 00:00:00.010675,-0.4744378509155564,779.494999367263,347.2519478866214,0.10462457843887217,0.3045519091463132,779.548766536523,0.1455553847083726,0.21130336247354842,782.9218941436119,2.270981760387243,,COMPLETE
250,0.3515979313092406,2026-07-17 16:29:07.522353,2026-07-17 16:29:07.531436,0 days 00:00:00.009083,-1.2674601561131684,783.3624558650941,690.8809502354665,7.152803060909928,0.7077527420781209,781.0348079842446,1.0573660474197764,0.18100296677815955,781.724003013761,0.2501374564212461,,COMPLETE
251,0.9033082361345215,2026-07-17 16:29:07.531436,2026-07-17 16:29:07.542144,0 days 00:00:00.010708,-0.3759743537887589,781.1950150677549,1029.8130955515664,0.9675907981636774,0.9698230213121534,777.4643341303541,1.7235417919688865,0.02411798906569619,783.4260840874102,1.4087840340903168,,COMPLETE
252,0.4892367689542401,2026-07-17 16:29:07.542144,2026-07-17 16:29:07.552946,0 days 00:00:00.010802,-1.1535402609235241,777.5777167290507,119.99270197849847,1.5815480875138395,0.7289021958483142,778.7040104605086,2.7247245838237526,0.5220653753597496,780.5959181409895,1.669456737541842,,COMPLETE
253,0.28004296797666933,2026-07-17 16:29:07.552946,2026-07-17 16:29:07.560978,0 days 00:00:00.008032,-0.48889041603532996,783.1128081527629,346.0676851106981,0.10314718936641898,0.382392557161668,780.2131629828749,1.6016485387553119,0.19773649092006607,783.8453720501702,1.8444740144679048,,COMPLETE
254,0.3491165750897332,2026-07-17 16:29:07.560978,2026-07-17 16:29:07.571405,0 days 00:00:00.010427,-0.5245973442108242,782.2712974584279,233.80964917154458,0.13170628275103222,0.15678772647398034,777.8401331110258,1.3740754812119254,0.1893945480354476,783.531011564892,1.4824297832357125,,COMPLETE
255,0.4700935452170747,2026-07-17 16:29:07.571405,2026-07-17 16:29:07.576429,0 days 00:00:00.005024,-1.3871010362941874,782.1753573224267,348.28583737283225,3.95960597084694,0.36951665297268976,780.0135860471967,1.7061909613755115,0.09483206505831454,783.1271082189645,0.9313385067966276,,COMPLETE
256,0.6210059306069818,2026-07-17 16:29:07.576429,2026-07-17 16:29:07.586797,0 days 00:00:00.010368,-1.0382756008193126,782.3121079736201,843.7160072863346,1.1121803953397766,1.1703375219184813,780.8759994100252,1.0394381885756,0.088940324811247,781.7944380877778,1.5830182349419175,,COMPLETE
257,0.2841351646398332,2026-07-17 16:29:07.586797,2026-07-17 16:29:07.598207,0 days 00:00:00.011410,-0.4992356601946914,781.9317158465883,417.33389461350555,0.18963628331491764,0.314790005286975,781.7664660351093,1.9180155427722956,0.14888095022210698,783.4157956456698,1.6820627825556356,,COMPLETE
258,0.32609168580627634,2026-07-17 16:29:07.598207,2026-07-17 16:29:07.610530,0 days 00:00:00.012323,-0.43967571040661324,780.412539357859,218.20596457866017,0.16545061121013602,0.31189240814978014,781.8513414103206,2.0424591522801925,0.11667737359568596,783.3739536787413,1.9539653010468374,,COMPLETE
259,0.31143101431475806,2026-07-17 16:29:07.610530,2026-07-17 16:29:07.619372,0 days 00:00:00.008842,-0.547910194877308,782.8032300558846,399.2320129985259,0.33715979298594756,0.34863497370102225,780.6390314840958,1.439016014887819,0.2345452353501225,782.7998784882076,2.1154367192326724,,COMPLETE
260,0.555069035736239,2026-07-17 16:29:07.619372,2026-07-17 16:29:07.631652,0 days 00:00:00.012280,-0.14863835846548512,780.1967824811129,18.96310919186749,4.128784516086059,1.331531518131996,777.700444888785,1.929949301797358,0.2198991767207048,782.0846411337741,1.614828161420524,,COMPLETE
261,0.8507304652020685,2026-07-17 16:29:07.631652,2026-07-17 16:29:07.642739,0 days 00:00:00.011087,-0.7216004540301852,783.7262957188841,933.9708744486318,7.410797679100793,1.2741377819948068,781.7981631584393,1.2780524595379792,0.03508929741292059,781.4066183714411,1.362158532964668,,COMPLETE
262,0.24803337372820278,2026-07-17 16:29:07.642739,2026-07-17 16:29:07.647846,0 days 00:00:00.005107,-0.49345815795570747,776.2512164532311,-161.35877129870153,1.1911701160638448,0.7473678294051982,780.2103099572561,2.7758264886937862,0.5712195376422573,777.8488906647975,2.5385063809071475,,COMPLETE
263,0.22934411625094436,2026-07-17 16:29:07.647846,2026-07-17 16:29:07.658370,0 days 00:00:00.010524,-0.2929140541032408,777.5609582729357,-95.01295648624485,1.3080150434694788,0.8023211766930168,779.8237779807558,2.1915398123271332,0.39543487794312415,777.6855438327161,2.341540906367549,,COMPLETE
264,0.581766469074446,2026-07-17 16:29:07.658370,2026-07-17 16:29:07.663398,0 days 00:00:00.005028,-0.9463768765354024,777.8069408321982,-284.2145403837158,0.49097263685403075,0.6961184783068244,780.6414946006208,2.6802340259240496,0.8295520849627582,777.841215879948,2.708847451157018,,COMPLETE
265,0.41840885872496664,2026-07-17 16:29:07.663398,2026-07-17 16:29:07.673887,0 days 00:00:00.010489,-0.23112510352596566,778.3762780534711,205.7931016437824,1.4200982280401577,1.1079712679755203,780.5975678842087,1.471025860877358,0.523779327631876,776.7966513360269,2.002644752975114,,COMPLETE
266,0.6441004155169433,2026-07-17 16:29:07.673887,2026-07-17 16:29:07.684045,0 days 00:00:00.010158,-0.2753262057374075,780.0190315253565,669.8664433806857,0.9891869712857431,0.5203602620869361,782.5689980874093,2.5976723907914963,0.564563987258022,783.4294237259469,0.6657966219482303,,COMPLETE
267,0.3153334830823854,2026-07-17 16:29:07.684045,2026-07-17 16:29:07.689465,0 days 00:00:00.005420,-1.4579157740100581,783.7640359598751,425.16439526809745,6.284698513921838,0.7407027601916575,780.0226278866586,2.2992490687600156,0.5905519489212843,781.1428320769348,1.3687910902077134,,COMPLETE
268,0.44192000789304303,2026-07-17 16:29:07.689465,2026-07-17 16:29:07.699064,0 days 00:00:00.009599,-0.7088236053739735,776.3463862735667,-65.93485731507488,2.594900183968017,0.634008895753597,779.1891628325716,2.7502766770650657,0.3802795910272935,777.1876592566055,2.9027146938950965,,COMPLETE
269,0.31459818583909893,2026-07-17 16:29:07.699064,2026-07-17 16:29:07.709169,0 days 00:00:00.010105,-0.5082755027309903,781.5405756061917,261.672226244405,5.640649878464189,1.0444958963629605,780.5841654110444,0.9706294012975494,0.04612071892500466,780.0544784133101,0.7898601587490055,,COMPLETE
270,0.2665128502413522,2026-07-17 16:29:07.709169,2026-07-17 16:29:07.720568,0 days 00:00:00.011399,-1.1525994767324852,781.9092054197455,143.14245897493885,6.541786261293438,1.2424367279468278,779.8374218089488,1.372078058954998,0.09231507106966332,783.5465620988211,0.16286558689977504,,COMPLETE
271,0.2807867315821344,2026-07-17 16:29:07.720568,2026-07-17 16:29:07.729692,0 days 00:00:00.009124,-0.46859524268967717,782.8584693463091,214.86665280498386,0.17963376886292634,0.5934610067147553,779.7314503371896,2.081894325596834,0.21371920643943143,783.2457069286894,1.7363975517177095,,COMPLETE
272,0.6126316675234238,2026-07-17 16:29:07.729692,2026-07-17 16:29:07.736737,0 days 00:00:00.007045,-1.4270752117550707,783.5643071372524,445.62264410681576,2.6273751401595398,1.357485536351207,780.5276302645248,0.9891099537854805,0.7142957443433676,781.7781170488391,1.1766864740310965,,COMPLETE
273,0.31394062087047253,2026-07-17 16:29:07.736737,2026-07-17 16:29:07.745038,0 days 00:00:00.008301,0.06678807745592935,777.2780997534437,-222.92197480355085,3.038904519511508,0.7631722907350714,779.1764455468256,1.715761070718652,0.5195106250505617,777.3523790441931,2.28790690436486,,COMPLETE
274,0.4946502137605537,2026-07-17 16:29:07.745038,2026-07-17 16:29:07.755763,0 days 00:00:00.010725,-0.621823247894342,780.8607058209899,-238.3007266200824,1.555967346521054,0.05789028105331456,778.8177775671569,0.7977649821141667,0.8312720442647668,782.4005425144203,2.292015872806743,,COMPLETE
275,0.19006238150632793,2026-07-17 16:29:07.755763,2026-07-17 16:29:07.766169,0 days 00:00:00.010406,-0.38497456078350456,783.5373211926271,-52.52064740101093,4.006062081254621,1.4200755637760039,779.6526371792512,1.0043426488078713,0.44786458859961154,782.605451300902,0.15829700946299374,,COMPLETE
276,0.9328328386010403,2026-07-17 16:29:07.766169,2026-07-17 16:29:07.780246,0 days 00:00:00.014077,0.23079334517886274,782.959366507704,77.27720781001409,4.4770143042568495,1.4729550691963216,781.6021915782511,0.9886297922632666,0.6937877197388914,783.4409800292208,1.2035196115463989,,COMPLETE
277,0.7806035197693791,2026-07-17 16:29:07.780246,2026-07-17 16:29:07.791764,0 days 00:00:00.011518,-1.4818796179348483,782.4107325231515,-175.26407010387481,7.511026385184743,0.6916632216991919,779.4494472864966,1.7139089526333044,0.2334017596651844,782.1013351396718,0.28763013958639905,,COMPLETE
278,0.10687240744484644,2026-07-17 16:29:07.791764,2026-07-17 16:29:07.807469,0 days 00:00:00.015705,-0.8283367109056881,783.9030946773061,370.1651388721498,7.066339410177509,0.8788444977670019,779.6719219717141,1.5102470735334708,0.02551544432804992,781.2783957825058,2.8867789774724217,,COMPLETE
279,1000.0050977647716,2026-07-17 16:29:07.807469,2026-07-17 16:29:07.822563,0 days 00:00:00.015094,-1.0454081485477218,783.2983996355277,8.399098863395807,3.8679945454069946,0.8706856747631295,781.0244520353956,1.2533074940170188,0.22590295163372442,781.0841796937004,2.5952069466246384,,COMPLETE
280,0.5276371996648365,2026-07-17 16:29:07.822563,2026-07-17 16:29:07.836054,0 days 00:00:00.013491,-1.4673497885539746,783.8346051617627,182.91359103010046,5.760356358970188,0.7656812151788946,777.5015802794666,1.4320646392700453,0.5467140921399907,782.7104921125983,1.2898584122333918,,COMPLETE
281,0.1636383052638314,2026-07-17 16:29:07.836054,2026-07-17 16:29:07.852934,0 days 00:00:00.016880,-0.7099736644130188,782.0263158330897,62.33494233545916,2.8996553457708116,1.0959897030140004,780.1488495351159,1.6880353228001497,0.1042507806448072,782.6511977278366,0.2934583121123472,,COMPLETE
282,0.2341657403134463,2026-07-17 16:29:07.852934,2026-07-17 16:29:07.868452,0 days 00:00:00.015518,-0.8982049101678703,783.8152332620747,290.93294565873873,6.363460684765435,0.9490781881907508,780.499716517693,1.4991277203070843,0.05955063500549691,783.7584236885152,2.903394394995175,,COMPLETE
283,0.479912725746358,2026-07-17 16:29:07.868452,2026-07-17 16:29:07.882098,0 days 00:00:00.013646,-0.8895325849100304,780.2531395676781,-25.836931332392652,6.937544591303285,1.2955981684544484,781.2076853618116,1.8303223151969192,0.5712215200202456,783.180589383559,0.3405862033891365,,COMPLETE
284,0.5958552448823455,2026-07-17 16:29:07.883849,2026-07-17 16:29:07.897658,0 days 00:00:00.013809,-0.46708303428337183,778.3450651756501,44.44534690312612,0.7136704507400178,0.8649160977395137,776.496118772082,2.3273310521089763,0.3497967052969492,778.9321754752276,2.5281829679735326,,COMPLETE
285,0.5876057357919352,2026-07-17 16:29:07.897658,2026-07-17 16:29:07.904438,0 days 00:00:00.006780,-0.6812268793281242,782.7199256383886,108.67194948924066,6.449336622891514,0.8777238427097414,783.1117107124404,1.81911904362706,0.06733361317684437,783.3134447456481,2.9115340320357483,,COMPLETE
286,0.4397735980592668,2026-07-17 16:29:07.909450,2026-07-17 16:29:07.918742,0 days 00:00:00.009292,-0.7455714399418426,783.4566460686665,207.90627034810586,2.313176468699425,0.8654277981427658,778.3928518582566,2.5082167574265144,0.15356516764311856,779.8366424254943,2.9708904487156667,,COMPLETE
287,0.3228497411743141,2026-07-17 16:29:07.919753,2026-07-17 16:29:07.930370,0 days 00:00:00.010617,-1.1598266903529377,783.232819800993,547.3416010275107,6.569100365770616,0.7584217025971417,780.1079749071332,1.8022096345421346,0.3366830090874119,781.6663787867353,2.8435581436844832,,COMPLETE
288,0.24956747693655107,2026-07-17 16:29:07.930370,2026-07-17 16:29:07.946216,0 days 00:00:00.015846,-0.4867646063955749,782.18383460574,-25.320172423284504,1.9752986766257354,1.34172074181408,779.139343686368,1.1804138826306252,0.08328119896950242,782.5859675940083,0.9584943164521892,,COMPLETE
289,0.3258448772779086,2026-07-17 16:29:07.946216,2026-07-17 16:29:07.961791,0 days 00:00:00.015575,-0.23486236886680928,782.4222648273695,97.41943705098679,0.8771181845150743,1.121324511730215,778.5724506546399,1.228265112600993,0.14984167364337272,783.2440875096175,1.315109170097072,,COMPLETE
290,0.31342537355122807,2026-07-17 16:29:07.961791,2026-07-17 16:29:07.971901,0 days 00:00:00.010110,-0.9811619151668046,783.2977446318309,71.68554025138222,2.3085699613131507,1.409951975056185,780.0386214204741,0.8541409968063223,0.05218608922676648,783.0456315462634,0.8170888286743181,,COMPLETE
291,0.19369872172291464,2026-07-17 16:29:07.971901,2026-07-17 16:29:07.987987,0 days 00:00:00.016086,-0.18260472663271182,783.5347256716304,9.444772925436183,2.346463348077558,1.3824470004976077,779.3307404523947,0.8957851352431976,0.4596527813786799,783.6849335932052,0.25776304724862265,,COMPLETE
292,0.11468715836274108,2026-07-17 16:29:07.987987,2026-07-17 16:29:08.001507,0 days 00:00:00.013520,-0.6016591882339696,783.2818339930627,117.42705999460657,7.796683339517751,0.9111361604724618,779.5770574304848,1.8091725339550222,0.05343443579766163,783.6824934845648,2.8006493918889825,,COMPLETE
293,0.3106914831021236,2026-07-17 16:29:08.001507,2026-07-17 16:29:08.015507,0 days 00:00:00.014000,-0.14830500164720098,783.4114745079053,-161.85993544515077,5.133439126662459,1.4005342243809584,779.8920605111869,0.7978657838910028,0.6569830247774108,783.5095802568638,0.5083600990791213,,COMPLETE
294,0.21689433461997515,2026-07-17 16:29:08.015507,2026-07-17 16:29:08.028506,0 days 00:00:00.012999,-1.1627285408708095,780.835612183009,661.4996311025061,7.306998639505342,1.1419439096061055,779.4953002959785,1.4972199558992938,0.43870885878275895,783.5711981482145,0.48772183513974154,,COMPLETE
295,0.3579343719893971,2026-07-17 16:29:08.028506,2026-07-17 16:29:08.042512,0 days 00:00:00.014006,-0.38662444791567674,782.205091209559,49.26857456954028,7.230084076760356,1.02124091386269,779.0051815419963,2.2906530560957217,0.28033464577187805,782.2073880069446,2.543552367288603,,COMPLETE
296,1.0209106330153463,2026-07-17 16:29:08.042512,2026-07-17 16:29:08.054975,0 days 00:00:00.012463,0.19915588118824867,777.2652918530573,-103.8543896770772,1.0546825960972044,1.164250261796406,779.4102431699316,2.84498013876634,0.8183231939714753,777.4563089993816,2.036136415988806,,COMPLETE
297,0.3427213614022934,2026-07-17 16:29:08.055975,2026-07-17 16:29:08.067976,0 days 00:00:00.012001,-0.30108189659919626,776.2901274238407,-181.79322329964543,2.1304686846067695,0.8372756304435283,782.3403766239478,1.980944805427415,0.7429570298486566,777.4751152203492,2.7738853634382536,,COMPLETE
298,0.583526299254814,2026-07-17 16:29:08.067976,2026-07-17 16:29:08.082974,0 days 00:00:00.014998,-0.038948417353042386,782.1983892024535,226.25502137631202,2.6874031539020873,1.419327436696956,778.553094133365,1.5115554678707384,0.5179558051270452,782.2637989174802,0.12545939998470526,,COMPLETE
299,0.4167731510229291,2026-07-17 16:29:08.082974,2026-07-17 16:29:08.096778,0 days 00:00:00.013804,-1.2545368586108083,783.8259558480288,49.115493586818985,6.739920851566278,0.7810951362752871,779.8762392941467,1.5478766696713584,0.0411013692311476,783.4915643373433,2.8403029105564324,,COMPLETE
300,0.7405970613039765,2026-07-17 16:29:08.096778,2026-07-17 16:29:08.110939,0 days 00:00:00.014161,0.5669557122262182,776.4899100918194,-1.8558290158468367,1.232587793288795,0.7113699316573694,779.9991235659143,2.4944846723714544,0.2927101068210867,777.0590597962228,1.442847481650233,,COMPLETE
301,0.4329755224912561,2026-07-17 16:29:08.110939,2026-07-17 16:29:08.124062,0 days 00:00:00.013123,-0.5616104384865404,783.3583603019206,494.96278983292655,7.55281413071074,1.0074948220265136,778.7244653566917,1.7515047153641734,0.04637918836118972,781.14113904569,2.5287798837247344,,COMPLETE
302,0.25684841236558237,2026-07-17 16:29:08.124062,2026-07-17 16:29:08.137418,0 days 00:00:00.013356,-1.2267798960112892,781.8753679904715,406.45929565499694,2.7046358783655085,1.1001761223394986,779.6502898396697,1.6479532579532559,0.1496010466036803,783.0057705132363,0.11122387641514428,,COMPLETE
303,0.6604247255593967,2026-07-17 16:29:08.138609,2026-07-17 16:29:08.152611,0 days 00:00:00.014002,-0.9195771577971295,779.1880441466839,660.6719081080158,1.416543435988389,1.3135200419537079,778.1248585029849,1.3434283644064755,0.6573305436732768,782.8154378311681,1.1417623856788266,,COMPLETE
304,0.3099683930549995,2026-07-17 16:29:08.152611,2026-07-17 16:29:08.161628,0 days 00:00:00.009017,-0.7122838137483036,781.7265447370658,737.2001388530806,0.22374390530275853,0.07698924399982635,776.3553129624413,1.458914547570886,0.036771149357937793,783.6612654669411,2.5496267967246746,,COMPLETE
305,0.40254848606773136,2026-07-17 16:29:08.161628,2026-07-17 16:29:08.171643,0 days 00:00:00.010015,-0.12153874136374221,781.6369810464026,304.6516276435542,0.10507067863834908,0.5808012289884769,780.9090748328482,0.6303119133362322,0.34718174778542327,782.1947704382843,2.4928543916023846,,COMPLETE
306,0.5340935555773598,2026-07-17 16:29:08.171643,2026-07-17 16:29:08.186599,0 days 00:00:00.014956,-0.5336003803801607,781.176897631167,159.3543290381137,1.5165394377312391,0.9732739772608124,782.6258145439615,1.2163991156458773,0.03948972169742397,782.3157997694298,0.2558709619702395,,COMPLETE
307,0.4150659227164487,2026-07-17 16:29:08.186599,2026-07-17 16:29:08.202131,0 days 00:00:00.015532,-1.245905552099132,782.6849462316665,439.8981792188887,3.2415364590730253,0.8917854655035153,781.6633220461329,1.3425209418973865,0.10739458756125156,783.4721222376749,1.874613018891258,,COMPLETE
308,0.4922691751728233,2026-07-17 16:29:08.202131,2026-07-17 16:29:08.216649,0 days 00:00:00.014518,-1.0952157022078572,783.6355550849215,47.72944556594119,2.4322918300176717,1.4516322134111352,778.5508829428301,0.7004770006330677,0.7814051590863907,783.1768861731194,0.42136837535087746,,COMPLETE
309,0.40387185520760327,2026-07-17 16:29:08.216649,2026-07-17 16:29:08.228643,0 days 00:00:00.011994,0.2695473772682249,783.8622322802755,259.17421205947386,0.9979269796923622,1.4758972562733363,779.1467767042134,0.7713689132265953,0.5131190673295447,783.9555716460864,0.7443608426299394,,COMPLETE
310,0.6624456693546683,2026-07-17 16:29:08.228643,2026-07-17 16:29:08.243065,0 days 00:00:00.014422,0.0834052930017658,782.013824874344,334.20060827868053,3.8458817857629453,0.9305700969578137,780.8665455485693,1.831971148205772,0.2016821547766624,783.766257919657,2.958056624645931,,COMPLETE
311,0.483483466649492,2026-07-17 16:29:08.243065,2026-07-17 16:29:08.258061,0 days 00:00:00.014996,-0.8415224749688277,780.4424553378851,523.5946627468843,6.708037673189594,1.2024569679873096,778.5354953966136,1.977616221481162,0.5286535020419229,783.7970844512646,0.26938544197307573,,COMPLETE
312,0.3069578679745155,2026-07-17 16:29:08.258061,2026-07-17 16:29:08.270422,0 days 00:00:00.012361,0.42617091015585873,783.8737424321896,-15.728116003081794,2.7732776397997525,0.7813407571764422,778.4675494716518,2.1586966449927365,0.06694957073112136,783.926517397841,2.178599771038922,,COMPLETE
313,0.7741425760144517,2026-07-17 16:29:08.270422,2026-07-17 16:29:08.280424,0 days 00:00:00.010002,-1.0668260784723822,776.2666314004998,90.42068492490132,1.0619891016569583,0.6146683583284742,780.0915651687491,2.331776338248215,0.46254995316031794,776.9319384213404,1.6721680294474204,,COMPLETE
314,0.31010769865452326,2026-07-17 16:29:08.280424,2026-07-17 16:29:08.295432,0 days 00:00:00.015008,-1.3410044132573589,782.0262471615251,800.0382832060964,6.317147132248838,1.0205071438032516,780.2071964343384,1.6716746670097935,0.5340124031681509,783.817589554671,0.3893623343290554,,COMPLETE
315,0.5673784970532871,2026-07-17 16:29:08.295432,2026-07-17 16:29:08.308947,0 days 00:00:00.013515,-0.08782538388424907,778.8113315293215,89.93843224966868,1.010389962497383,0.6779330727535701,779.4039354327834,2.311004422698857,0.7393697583645906,776.2444735693888,2.9379785718104907,,COMPLETE
316,0.3976320154467796,2026-07-17 16:29:08.308947,2026-07-17 16:29:08.322947,0 days 00:00:00.014000,-1.2676890758871213,782.9494111877988,308.01920195189575,0.44630967462115445,0.7476778565158182,782.437870459733,2.966542118261842,0.32639203875442857,780.713546226026,0.3803646753060535,,COMPLETE
317,0.19975180149562272,2026-07-17 16:29:08.322947,2026-07-17 16:29:08.336350,0 days 00:00:00.013403,0.05693320919769751,780.2212384273184,-110.83813541697626,1.1397812970795123,1.22192362243517,779.4126742185841,1.2960282399516418,0.4452052486594733,781.2577673559559,0.46090709644072897,,COMPLETE
318,0.22110570187053846,2026-07-17 16:29:08.336350,2026-07-17 16:29:08.350374,0 days 00:00:00.014024,-0.35476677642687005,782.9157189335493,-65.54265051162642,5.631911135918027,1.3699875455595822,779.8888372505819,1.470475544441932,0.15959967248055829,781.268645431994,0.26176410772903047,,COMPLETE
319,1000.0051398508652,2026-07-17 16:29:08.350374,2026-07-17 16:29:08.365374,0 days 00:00:00.015000,-1.0010869994449874,783.8125184079596,750.268092555773,3.378648410116077,0.9079170962123351,779.683672602146,1.4059451593477648,0.058186139693358105,779.6242774239814,1.503905136867638,,COMPLETE
320,0.6780432970074088,2026-07-17 16:29:08.365374,2026-07-17 16:29:08.380374,0 days 00:00:00.015000,0.44183423954584766,783.2958689097902,207.93454933596811,6.908669390261145,1.3246649628880391,780.7960393343626,1.0307061894322858,0.42812987699287264,781.821836099077,0.3202744637618698,,COMPLETE
321,0.3316346346415755,2026-07-17 16:29:08.380374,2026-07-17 16:29:08.394382,0 days 00:00:00.014008,-0.5418317814357778,782.5261030100145,-187.91980590084125,4.897734766964335,1.203250268312574,780.5324768846135,1.4480965392797278,0.05074308108018105,778.3384375362159,0.35971858120803046,,COMPLETE
322,0.35427677875644564,2026-07-17 16:29:08.394382,2026-07-17 16:29:08.408897,0 days 00:00:00.014515,0.06469945697637514,780.5878001085201,-262.33085752342333,0.5919435554966869,1.360108512221336,778.8956512953217,0.69115431685997,0.29232679173903553,782.0195181129427,0.3265595513794799,,COMPLETE
323,0.4777018072358666,2026-07-17 16:29:08.408897,2026-07-17 16:29:08.422986,0 days 00:00:00.014089,-0.40854152870095173,783.8841363089764,572.6435829368958,3.861883983217958,0.8057652961583213,780.572721681988,1.1977476987010185,0.24929875153481817,783.9069778203158,2.343972114161648,,COMPLETE
324,0.30858806724371135,2026-07-17 16:29:08.422986,2026-07-17 16:29:08.439132,0 days 00:00:00.016146,-0.1802676637831417,780.5725918620898,-58.814888333367946,0.9370909782178051,1.222351541758544,778.9704971741978,1.2269874869827384,0.5926583176055223,779.6110791846681,0.3435465258841914,,COMPLETE
325,0.3468364663939054,2026-07-17 16:29:08.439132,2026-07-17 16:29:08.453527,0 days 00:00:00.014395,-0.3403501424631298,781.7695081899608,-189.76991021947984,2.069285545838223,1.4301791380969948,778.68877357998,1.4006151598899428,0.20959068551855264,781.5072368527674,1.0645300083056313,,COMPLETE
326,0.2725553488264561,2026-07-17 16:29:08.453527,2026-07-17 16:29:08.468920,0 days 00:00:00.015393,-1.0225466188132784,780.3017769583117,340.12718407498204,1.5817498333777475,0.8240279208846927,779.2170779122616,1.9513318445412176,0.3395332809627843,783.412153072258,2.1642811461307208,,COMPLETE
327,0.2190814874208778,2026-07-17 16:29:08.468920,2026-07-17 16:29:08.482228,0 days 00:00:00.013308,-0.16349757161632808,776.3281328797641,-22.384651018875275,0.6016253359818248,0.520110880755571,779.4884888558408,2.663782867127098,0.427076936085506,779.3880421026838,2.4894194638610307,,COMPLETE
328,0.5091772871978166,2026-07-17 16:29:08.482228,2026-07-17 16:29:08.492454,0 days 00:00:00.010226,-0.3633318164650296,783.4402098426835,-212.39111675691166,2.1281704978775915,1.0155621844364147,777.4768688820247,1.8084832112057518,0.131697796283726,782.7889661675196,0.3365451060586129,,COMPLETE
329,0.3180140797081512,2026-07-17 16:29:08.492454,2026-07-17 16:29:08.505971,0 days 00:00:00.013517,-1.175913334617938,781.0054907744134,560.0959386524681,0.25392412627472566,0.3929940308505414,781.6419863652029,2.715220668630693,0.18341591745334618,782.2307816990312,0.48342090622757655,,COMPLETE
330,0.5306358312832904,2026-07-17 16:29:08.505971,2026-07-17 16:29:08.519668,0 days 00:00:00.013697,-0.4745088213337686,776.7033442262531,-241.950141568529,0.6823097609947,1.0045551785428066,778.9948586108093,1.5905100474011353,0.05041718009865015,778.5492826098539,2.339153960720302,,COMPLETE
331,0.30399094001368643,2026-07-17 16:29:08.519668,2026-07-17 16:29:08.532951,0 days 00:00:00.013283,0.004252706320347882,776.751776916446,202.37245962373277,0.9910541209903374,0.20392543634427268,779.5179870408971,2.9808227174427113,0.48958751680744766,778.5000114422355,1.7591473146362087,,COMPLETE
332,0.5180061131569266,2026-07-17 16:29:08.532951,2026-07-17 16:29:08.544999,0 days 00:00:00.012048,0.05568478593678994,782.6074325557275,413.4746431569347,6.002315064488085,0.8512412088015783,780.3679562304893,1.0321697033250523,0.2910989678704026,778.9645212721033,2.9727187712390934,,COMPLETE
333,0.2577581390507924,2026-07-17 16:29:08.544999,2026-07-17 16:29:08.553997,0 days 00:00:00.008998,-0.5217293293125222,781.7831712415755,-86.12750925433431,3.332170054246951,1.44966315142345,779.5077498103653,1.0537352105509015,0.4780064483493935,781.2001608731699,0.17325484515459072,,COMPLETE
334,0.26304962137933385,2026-07-17 16:29:08.553997,2026-07-17 16:29:08.566382,0 days 00:00:00.012385,-0.622247825986119,780.4653249549965,171.7295207858113,0.18264948746511478,0.10081266842984841,781.7513858077484,0.333548953231625,0.49384017573410943,781.253328573462,2.785883666782794,,COMPLETE
335,0.8678671432239947,2026-07-17 16:29:08.566382,2026-07-17 16:29:08.582290,0 days 00:00:00.015908,0.17403265948648072,777.2739382092074,121.8146187323863,0.3062328304474165,0.6370211214318695,781.1266918583619,2.696909131295612,0.7144826540372672,779.3495248655032,2.7737637085005487,,COMPLETE
336,0.38585813804230606,2026-07-17 16:29:08.582290,2026-07-17 16:29:08.598284,0 days 00:00:00.015994,-0.7700951175110914,776.4196512095288,380.65511040516037,0.5400451038858126,0.49263158964532855,779.0730439850475,2.913370836257952,0.27067934381496705,778.6201604505529,2.861481076203924,,COMPLETE
337,0.45085023435052646,2026-07-17 16:29:08.598284,2026-07-17 16:29:08.611797,0 days 00:00:00.013513,-0.7096791643937688,777.4921338339657,-240.81823456468595,0.8454877219526333,0.840216931519213,780.6410854441679,2.9028562739375197,0.24266315289103935,778.0776991982259,2.5647821979432646,,COMPLETE
338,0.3327825687036808,2026-07-17 16:29:08.611797,2026-07-17 16:29:08.627528,0 days 00:00:00.015731,-1.0739832572348296,783.0068920946288,390.6853621990963,0.19237516820605322,0.12095933298335326,779.8497132285897,0.6432509763070731,0.11567100342430159,782.4520849020155,2.808226382046308,,COMPLETE
339,0.17190968014465383,2026-07-17 16:29:08.627528,2026-07-17 16:29:08.640897,0 days 00:00:00.013369,-0.6886820572365273,777.099014183283,-40.252609749180294,3.0931765110317175,0.2894747327302284,782.1914938939682,2.9454336923876885,0.9391199106494744,779.6619806086672,2.3421611602798404,,COMPLETE
340,0.38230583251541717,2026-07-17 16:29:08.640897,2026-07-17 16:29:08.651899,0 days 00:00:00.011002,-1.402410649418767,782.0088250795555,312.3568936587892,1.104308300000556,0.3913858180777183,782.742034369709,2.648874996903363,0.09265737580833475,783.7646216288554,0.8546036814934739,,COMPLETE
341,0.8974972951227685,2026-07-17 16:29:08.651899,2026-07-17 16:29:08.667313,0 days 00:00:00.015414,-1.1576055437615942,777.254919739839,-2.7406327984048104,5.532003535708476,0.10773123157467374,783.4331976445673,2.915302105973684,0.8682598903887735,776.6100158960132,1.8365757791307256,,COMPLETE
342,0.4435958672376678,2026-07-17 16:29:08.667313,2026-07-17 16:29:08.682312,0 days 00:00:00.014999,-0.5630532592744659,783.3849511613895,-26.17595105189225,6.019381189696618,1.3165018673965658,778.2857658775116,1.3245334038236325,0.22386101301980726,781.4826095232143,0.3074943965030409,,COMPLETE
343,0.48347102744442566,2026-07-17 16:29:08.682312,2026-07-17 16:29:08.698289,0 days 00:00:00.015977,-1.453201693375425,779.8073575828398,453.9650302699788,2.845798083499034,1.1229087701014142,781.2644706712294,1.1958064847157541,0.6927770309868018,783.3642931645638,0.8301663730890448,,COMPLETE
344,0.38104934394342815,2026-07-17 16:29:08.698289,2026-07-17 16:29:08.714310,0 days 00:00:00.016021,-0.5115607610505908,779.5873221961991,888.274510716874,3.077258043752452,0.8036920387029391,780.3634943567142,0.695282333218505,0.3299321770363379,782.8865180390133,0.2904715776490838,,COMPLETE
345,0.2036099595706673,2026-07-17 16:29:08.714310,2026-07-17 16:29:08.729823,0 days 00:00:00.015513,-0.6278669436371179,777.9655332349184,49.32238677300212,5.3560905232623055,0.27581856570311003,780.8787511305923,2.6285811321327874,0.6235749332824405,779.8320978038048,2.383964904118282,,COMPLETE
346,0.34838913509719666,2026-07-17 16:29:08.729823,2026-07-17 16:29:08.744825,0 days 00:00:00.015002,-0.7398693994578618,779.0940642513641,-152.3023366145406,6.20401547296618,0.3623446349385906,780.4633795249958,2.4787510059603868,0.5352136867844735,780.3214529469491,2.312780967750356,,COMPLETE
347,0.17776789319082165,2026-07-17 16:29:08.744825,2026-07-17 16:29:08.759822,0 days 00:00:00.014997,-0.40842524861191243,780.3084430215292,138.5130977092959,0.7629608520007635,1.0675803453757982,778.9345613739437,0.49091689116460635,0.6408498918601246,781.0152192895648,1.6954202135452072,,COMPLETE
348,0.3535812696182274,2026-07-17 16:29:08.759822,2026-07-17 16:29:08.774845,0 days 00:00:00.015023,-1.1874787052035725,780.4348997563463,453.441226453268,3.9275265324980584,1.1234802375707487,778.5509386321992,1.6052701901849724,0.3041522679445376,782.6271970217302,1.493210229964154,,COMPLETE
349,0.3461733704367869,2026-07-17 16:29:08.774845,2026-07-17 16:29:08.791086,0 days 00:00:00.016241,-1.1063671382102147,781.5083621201746,168.29854208161493,0.4382583839958699,1.445625820655032,779.0065163139615,0.2520382332942892,0.650688129060013,782.5306300732396,1.5323345534390662,,COMPLETE
350,0.4733929932895339,2026-07-17 16:29:08.791086,2026-07-17 16:29:08.804997,0 days 00:00:00.013911,-0.8910775210060747,776.4608710860318,-271.30551265494415,2.5883042607712015,0.4533554343061539,781.9128547720816,2.548664743297423,1.0295901911229992,778.6880672365075,1.9532387712880452,,COMPLETE
351,0.21799305697227772,2026-07-17 16:29:08.804997,2026-07-17 16:29:08.817438,0 days 00:00:00.012441,-0.1902763126109414,781.0489150929268,110.1432495398783,0.6028217935492045,1.0742353255522334,779.8043977384582,0.2516828227210811,0.37343907413145944,779.55137184189,1.7260000682290673,,COMPLETE
352,0.39593005868605585,2026-07-17 16:29:08.817438,2026-07-17 16:29:08.828897,0 days 00:00:00.011459,-0.24021469345045787,781.2365212750447,319.79270305772735,1.9801523238322414,1.2924401379390635,777.2445673579625,0.16110568124826513,0.4186376602438827,780.9314576552439,1.9942408627596355,,COMPLETE
353,0.33999581546914165,2026-07-17 16:29:08.828897,2026-07-17 16:29:08.838897,0 days 00:00:00.010000,0.004952042721725364,780.3321458799737,362.52441231891237,0.576361408770513,0.7739780578822755,780.2533450787604,0.11847966176627628,0.4981764195255396,779.0379396481749,2.160743408071837,,COMPLETE
354,0.35264019433493726,2026-07-17 16:29:08.838897,2026-07-17 16:29:08.849177,0 days 00:00:00.010280,-0.409297543288557,780.1925245623912,-67.69889987405068,0.4745902586703687,0.7777490007465363,780.9225407251242,0.2417526298713889,0.8844921266289535,781.0474665114289,1.593166095938385,,COMPLETE
355,0.3011078759420026,2026-07-17 16:29:08.849177,2026-07-17 16:29:08.862531,0 days 00:00:00.013354,-0.02616850169155338,777.5333699716333,216.755083109351,6.785828445228378,0.16151425985445966,781.195039349611,2.0062810839279184,0.6335569734830483,780.0245271349137,1.7973595824029616,,COMPLETE
356,0.3907672885394382,2026-07-17 16:29:08.862531,2026-07-17 16:29:08.877914,0 days 00:00:00.015383,-0.5980351829459281,781.9832211329357,412.7278999955835,0.9599960596973,1.3345679406107551,780.0505951109136,0.7371077973607141,0.35591978196266205,777.9966751784735,1.2491713274982674,,COMPLETE
357,0.3344818758346917,2026-07-17 16:29:08.877914,2026-07-17 16:29:08.893923,0 days 00:00:00.016009,-0.9825498121246314,779.0993891911521,476.98856752448984,3.010346766633809,0.11858876812212785,782.0475063564024,2.854227476059951,1.0711541531301834,779.8055456292367,2.5008775765352973,,COMPLETE
358,0.3818032420580624,2026-07-17 16:29:08.893923,2026-07-17 16:29:08.909444,0 days 00:00:00.015521,0.2835646734042956,777.7306079887468,-242.29073334271365,0.963376095644868,0.5836865029501882,779.9704226201483,2.1787134083025554,0.41821666531950186,780.438698243324,2.3865304349514522,,COMPLETE
359,0.4630523197086055,2026-07-17 16:29:08.909444,2026-07-17 16:29:08.921443,0 days 00:00:00.011999,-1.3797063069104754,782.4326201461595,582.6612430909955,5.49068042012723,1.103249337673929,781.3186016416356,2.4572455737486134,0.1145220284902502,783.580156793252,2.9609265944863967,,COMPLETE
360,0.6076460174532068,2026-07-17 16:29:08.921443,2026-07-17 16:29:08.937360,0 days 00:00:00.015917,-0.8263296218207822,783.815643580328,299.0258126784161,0.37627939016106826,0.9441387886878289,781.7021217288841,2.784017204123467,0.0894749313311583,783.9898069763329,0.5892217502050434,,COMPLETE
361,0.7147219683921706,2026-07-17 16:29:08.937360,2026-07-17 16:29:08.953797,0 days 00:00:00.016437,-0.3691606342295881,778.4816250322195,29.541118954487487,3.6706408485659994,0.6320731696351638,780.8455297847215,2.841038393633117,1.0577705840797742,779.6740161005392,2.910679343892711,,COMPLETE
362,0.5265250208925214,2026-07-17 16:29:08.953797,2026-07-17 16:29:08.969813,0 days 00:00:00.016016,-0.1712017376305564,779.6301815288222,436.09879903635755,3.6299806096088227,0.17767348772009128,780.6970076539275,2.1562330006244235,0.6348548211057656,781.2686819078734,2.5407886144934495,,COMPLETE
363,0.38828844305078347,2026-07-17 16:29:08.969813,2026-07-17 16:29:08.985021,0 days 00:00:00.015208,-0.19737785774339317,780.2851042919116,-122.20826351390207,0.730001608569146,0.8990189900508107,778.1231764670873,0.49858106750361675,0.5336008418845305,781.6766995231261,1.6555625158339544,,COMPLETE
364,0.32403652929786253,2026-07-17 16:29:08.985021,2026-07-17 16:29:09.000626,0 days 00:00:00.015605,-0.6240312782726214,782.4592293706385,173.51725508079286,1.3954109343121255,1.3859963311964703,780.3707515553896,0.9512421262327524,0.47854119594439976,783.6062253196401,0.3155279684324647,,COMPLETE
365,0.5574466891209315,2026-07-17 16:29:09.000626,2026-07-17 16:29:09.018000,0 days 00:00:00.017374,0.08206537232108047,778.8924623574874,176.5799913877725,6.847092820300852,0.47963203857555037,779.9367435111941,2.49184302418017,0.668616554292993,777.717020952626,2.1003560995559036,,COMPLETE
366,0.42494621517088704,2026-07-17 16:29:09.018000,2026-07-17 16:29:09.031674,0 days 00:00:00.013674,-0.9481105422132695,780.0456214756746,1026.5194270058482,4.604008112821015,1.4477547123628975,779.8671630962165,0.8016951459888743,0.09050552700131465,782.8439873185747,0.8873743291911402,,COMPLETE
367,0.5182135900807124,2026-07-17 16:29:09.031674,2026-07-17 16:29:09.046179,0 days 00:00:00.014505,-0.1719925832885046,778.5159399208356,269.7423046472545,1.5700852766795843,1.043253683531274,778.0934781955161,1.5108728569363366,0.6548128166022891,781.1976933161611,1.2864024928926239,,COMPLETE
368,0.3002486128544214,2026-07-17 16:29:09.046179,2026-07-17 16:29:09.061932,0 days 00:00:00.015753,-0.23272147672440593,781.8880067108659,437.176872706884,1.0952620428127025,0.97932342414822,779.8191542339889,0.32591708598699337,0.40612295617129357,781.0848385767486,1.2453862063093333,,COMPLETE
369,0.35696296313212345,2026-07-17 16:29:09.061932,2026-07-17 16:29:09.074297,0 days 00:00:00.012365,-0.29102515586216626,780.1076783113501,-71.95133869280073,1.3057110317577627,1.0788121801295532,779.9533146580486,0.29752569654336913,0.32147467915500877,779.3511144920276,2.2570610087857443,,COMPLETE
370,0.3227273348626198,2026-07-17 16:29:09.074297,2026-07-17 16:29:09.091326,0 days 00:00:00.017029,0.11484885182337057,783.3281779065996,188.61328472905925,1.0235046570080177,1.0727542742946783,780.2974350036262,1.1507246958538049,0.1418197493784723,781.3780614162625,0.1819816545079263,,COMPLETE
371,0.3995196518453205,2026-07-17 16:29:09.091326,2026-07-17 16:29:09.105104,0 days 00:00:00.013778,0.35235438326617435,781.4783108161279,365.06308749880054,0.4873127574655176,1.004271485217649,779.0179246188103,0.38014969413416355,0.2800687198784703,778.3537456113627,1.402437677431031,,COMPLETE
372,0.34103138916318426,2026-07-17 16:29:09.105104,2026-07-17 16:29:09.121118,0 days 00:00:00.016014,-0.6778053202396097,776.6053181620987,71.41896864050373,4.264757143714231,0.05443662810217076,782.8067086071326,2.631112999030737,0.6571136329514561,779.9120896858634,2.9148987399890744,,COMPLETE
373,0.3078762805482167,2026-07-17 16:29:09.121118,2026-07-17 16:29:09.136370,0 days 00:00:00.015252,-1.3517334543925608,778.3608467907698,1061.5055294361719,7.235322060843792,0.9053665931220006,779.7687950775705,1.7706529746365085,0.24792404098828089,781.9474520126462,0.56158514918357,,COMPLETE
374,0.42889685987685794,2026-07-17 16:29:09.136370,2026-07-17 16:29:09.152401,0 days 00:00:00.016031,-1.0764241824003804,780.0129708100511,517.272859341719,6.789315605902436,0.8069977265702071,781.0599510477224,0.9963675278368059,0.00197814372903906,781.8331131811912,2.697261183752586,,COMPLETE
375,0.32840688858162775,2026-07-17 16:29:09.152401,2026-07-17 16:29:09.167415,0 days 00:00:00.015014,0.21320019687674358,776.4456491120651,69.89061545544854,0.21082197956855928,0.279623835117543,779.8632335421872,2.3033127437338976,0.3762736623636343,779.2022702311353,1.8565909828400842,,COMPLETE
376,0.7479451564263621,2026-07-17 16:29:09.167415,2026-07-17 16:29:09.182966,0 days 00:00:00.015551,0.7805870421114045,779.2891420613981,-212.83875211543779,0.8074639272502614,1.3757426465065046,777.1285675634384,1.9892230896958214,0.7874217897869962,781.7280319727093,0.40370684621571723,,COMPLETE
377,0.6306220175049218,2026-07-17 16:29:09.182966,2026-07-17 16:29:09.198977,0 days 00:00:00.016011,-0.6364220024283049,783.4103096854948,679.3478411483582,1.159877221865633,1.4436434911268925,779.7816496509772,0.9795358774557946,0.1211450249352761,783.6483823738631,2.936278209303895,,COMPLETE
378,0.45765938189765926,2026-07-17 16:29:09.198977,2026-07-17 16:29:09.214508,0 days 00:00:00.015531,-0.7722547460666112,783.0288562928408,-119.55827086184684,1.192655017556456,1.2977318197767738,778.5624956286109,1.1863253357326524,0.0005448586636458627,782.6126067615381,2.63835483137348,,COMPLETE
379,0.3383072247387415,2026-07-17 16:29:09.214508,2026-07-17 16:29:09.230024,0 days 00:00:00.015516,-1.1904017042096395,779.0710609343002,794.2753692090189,4.237124316152841,0.769281330293305,780.577387039726,0.8105243802812974,0.022761402274499853,783.6917432511839,1.4313248961926741,,COMPLETE
380,0.7711968422684125,2026-07-17 16:29:09.230024,2026-07-17 16:29:09.246023,0 days 00:00:00.015999,-1.104918486342755,777.3441439249976,1097.4976069665702,0.2446146105037383,0.44479026708606606,776.2038531251782,0.342876508271162,0.12483624936873938,776.372871768961,1.5886494375141818,,COMPLETE
381,0.8560297554648221,2026-07-17 16:29:09.246023,2026-07-17 16:29:09.261023,0 days 00:00:00.015000,0.7390681697416883,780.6362257595656,232.4579833424144,0.6305225377791023,1.1387223573573098,779.8203911407132,0.7307950090998098,0.8110863566673864,780.024407768287,1.3072489850735682,,COMPLETE
382,0.3297885844497345,2026-07-17 16:29:09.261023,2026-07-17 16:29:09.276022,0 days 00:00:00.014999,0.06916834248252883,778.5842508889974,-8.374813290059706,1.4173113424661647,1.1438670084893963,780.3679184067574,1.292203868558361,0.385567865679998,782.0209208358887,0.1114012736035081,,COMPLETE
383,0.682801118696297,2026-07-17 16:29:09.276022,2026-07-17 16:29:09.293034,0 days 00:00:00.017012,-0.812545140439465,778.2931200659868,467.6005431176257,0.5636670837217047,1.417472639353032,778.8324456765599,0.5232261069082699,1.0542756997570533,779.0111444723308,2.0956882647198416,,COMPLETE
384,0.5501659951334008,2026-07-17 16:29:09.293034,2026-07-17 16:29:09.308551,0 days 00:00:00.015517,-0.2630966605256116,782.0944914707878,-20.887535390541927,0.26460141450818275,1.3580661219935064,780.5912282069623,0.7707154246753567,0.6985713780889068,779.7911488170892,1.6710511711849838,,COMPLETE
385,0.4191806599564096,2026-07-17 16:29:09.308551,2026-07-17 16:29:09.322460,0 days 00:00:00.013909,-0.28344220745377,783.423088735736,-134.5119832874076,0.2635334479717677,0.7195045725964597,779.5881267900337,0.12371616786590478,0.44248340437406053,781.1594175732694,1.3163680574977221,,COMPLETE
386,0.3703213182092262,2026-07-17 16:29:09.323460,2026-07-17 16:29:09.338460,0 days 00:00:00.015000,-0.2743696825144921,782.7944361288635,175.30261877878812,5.197494688328723,0.7869669666345387,778.1549904095064,0.7787707179208907,0.09740410035426057,782.7967039317922,2.711712833578286,,COMPLETE
387,0.591108198915394,2026-07-17 16:29:09.339462,2026-07-17 16:29:09.355460,0 days 00:00:00.015998,0.2997620706360371,782.7306803024128,219.91453267770945,3.7658592629383647,1.4612943622758423,779.9439003573314,1.3652250684278453,0.03177524095771922,780.9460878234262,0.7774149914415671,,COMPLETE
388,0.2900019804654279,2026-07-17 16:29:09.355460,2026-07-17 16:29:09.366652,0 days 00:00:00.011192,-0.7705098013124546,777.5140031192593,263.5288979497112,1.020948660453796,0.45651241316354163,783.5309750014011,2.4234966485267173,1.0883951746253722,779.2107071227507,2.4035373021222317,,COMPLETE
389,0.2789257106679466,2026-07-17 16:29:09.366652,2026-07-17 16:29:09.378881,0 days 00:00:00.012229,-0.6564974908693587,782.934724822073,-106.03955184975226,5.18499084532513,1.0196750241942312,778.928766283412,1.8750794372978175,0.006013901338549406,783.4256347374507,2.8769249134940447,,COMPLETE
390,0.3771993957267798,2026-07-17 16:29:09.378881,2026-07-17 16:29:09.395634,0 days 00:00:00.016753,-0.4543212823010661,780.4045537829994,91.69207841955128,0.440089611688973,0.9027854848822235,779.1047333244658,0.25057235615412776,0.42492010623048454,778.9600786606834,1.630417491934303,,COMPLETE
391,0.6239103915208483,2026-07-17 16:29:09.395634,2026-07-17 16:29:09.411149,0 days 00:00:00.015515,0.038061381741292644,783.4435483463416,-26.85516122123782,5.576202633108909,1.2207949556091604,780.7127978358899,1.9868050230027132,0.85834359242526,780.0014186507113,0.5397779326182957,,COMPLETE
392,0.425470374954199,2026-07-17 16:29:09.412149,2026-07-17 16:29:09.428149,0 days 00:00:00.016000,-0.07296753688864815,778.5358906084713,301.57167140906006,0.4686511649030163,1.0655996994088295,779.1813170767365,0.39822963699333913,0.6671630398939337,782.6277309464722,1.5105836091938303,,COMPLETE
393,0.7214228018775996,2026-07-17 16:29:09.428149,2026-07-17 16:29:09.443691,0 days 00:00:00.015542,-1.4796221305028703,779.0505407315557,362.8322480757886,3.2613693345881574,0.482366476884232,780.3263901015654,1.4834036398619057,0.04508506521394788,780.8970245767049,1.6280350946358018,,COMPLETE
394,0.34477972011922225,2026-07-17 16:29:09.443691,2026-07-17 16:29:09.460008,0 days 00:00:00.016317,-1.32846936102653,779.7476727486073,885.2455562055864,6.531520610001412,0.9666937064621852,778.6927442111815,0.7952319127695733,0.6772837083914731,783.936118385897,0.5003724766811161,,COMPLETE
395,0.2794207886050802,2026-07-17 16:29:09.460008,2026-07-17 16:29:09.476622,0 days 00:00:00.016614,-0.4153239425446316,783.6074424883044,-102.73647004596519,3.111877086737503,0.8865039793099233,780.5539512977529,1.5006768941065853,0.07410738901197053,783.2194293986648,0.23938733949574342,,COMPLETE
396,0.5095806117154671,2026-07-17 16:29:09.476622,2026-07-17 16:29:09.491046,0 days 00:00:00.014424,-0.5149821311325736,782.4840224011115,358.49850566949067,6.7819336173561044,1.3597956640613296,779.4524996903182,1.1751993170968125,0.42062441949726725,781.8703818373774,2.7435745584943763,,COMPLETE
397,0.435868469947026,2026-07-17 16:29:09.491046,2026-07-17 16:29:09.504062,0 days 00:00:00.013016,-0.529853234172837,780.9994508546023,-139.35569130599583,5.165084311864997,1.4523823071244462,778.4682223335192,2.3462031208802507,0.30197439113945995,781.3559815597058,0.10216435445570912,,COMPLETE
398,0.25392791385166136,2026-07-17 16:29:09.505076,2026-07-17 16:29:09.518823,0 days 00:00:00.013747,-0.6374696461145912,782.8688285824866,332.9206147890017,6.646565873304304,0.6177766167499126,779.4515412654596,2.6595190566504323,0.07404493215074213,783.3864342236395,2.9468236441600943,,COMPLETE
399,0.5581019226508341,2026-07-17 16:29:09.518823,2026-07-17 16:29:09.530851,0 days 00:00:00.012028,-0.23433846719221058,777.2123367362658,262.6454489078234,2.777495425554709,0.5638994479671982,780.9868182960306,2.7928538470817537,0.642420606243737,780.8357344820018,2.0607412625053776,,COMPLETE
400,0.19670861447274587,2026-07-17 16:29:09.530851,2026-07-17 16:29:09.546205,0 days 00:00:00.015354,-0.7934066295244058,776.7562336999976,343.47400065547237,4.248419591037176,0.36592725181188224,779.4775437837866,1.9069000828154525,0.5623770813935942,781.2536877810365,2.767573520042587,,COMPLETE
401,0.8147131982230479,2026-07-17 16:29:09.546205,2026-07-17 16:29:09.562616,0 days 00:00:00.016411,0.5720436400104312,778.1725193983493,48.325811444435686,1.2116770416642808,0.17141748999166567,781.694805102231,2.949297223182855,0.9192033164437339,780.4422758806253,1.8746989149730409,,COMPLETE
402,0.4765635501237917,2026-07-17 16:29:09.562616,2026-07-17 16:29:09.579165,0 days 00:00:00.016549,-1.046781307423453,783.6335435901237,561.8261901498194,5.6450100365906115,0.7317216394482332,782.3229737938126,1.0879116342252297,0.1056394584129943,781.640249786425,2.9295943083407567,,COMPLETE
403,0.6755798320306311,2026-07-17 16:29:09.579165,2026-07-17 16:29:09.595906,0 days 00:00:00.016741,-0.7493566078933314,777.4952173093609,411.9486649379975,1.9702972221657729,0.7570894193306267,778.806001632344,1.8052398164377002,1.113114655343805,778.9643298374654,1.9848984289006775,,COMPLETE
404,0.5697726240746499,2026-07-17 16:29:09.595906,2026-07-17 16:29:09.608831,0 days 00:00:00.012925,-1.424812891495513,776.9127706783682,544.3122901993218,1.357023574569172,0.7084167648189912,778.9273867500876,1.649124155881684,0.5073818820381081,779.2241801310938,2.9868090897085935,,COMPLETE
405,0.6160250294838684,2026-07-17 16:29:09.608831,2026-07-17 16:29:09.622832,0 days 00:00:00.014001,-1.0868824902143255,783.0904879709811,-184.1527947993166,3.0709632648723213,1.2658408674791237,781.676554462337,1.490370523615613,0.39973593351773395,781.9573356655666,0.5154691874157282,,COMPLETE
406,0.3367412656412571,2026-07-17 16:29:09.622832,2026-07-17 16:29:09.640120,0 days 00:00:00.017288,-0.9985090087836033,776.3476140327365,339.2404440554772,2.1711142694995096,0.2820839291759171,779.7698800296833,2.178485939215119,0.6820424552714832,781.4164448856408,2.887801603925513,,COMPLETE
407,0.5894145782567871,2026-07-17 16:29:09.640120,2026-07-17 16:29:09.654849,0 days 00:00:00.014729,-0.7391759240580528,783.3431021457004,492.66909095235496,4.736202410051617,1.0840143772783357,781.8257025971099,1.4992062452017139,0.06326207593899988,783.6064021127146,2.8719219326828758,,COMPLETE
408,0.4541664710123547,2026-07-17 16:29:09.654849,2026-07-17 16:29:09.671965,0 days 00:00:00.017116,-1.2050757285905753,783.5447201072284,416.54414155425235,5.8942607219105705,0.9317367202689516,781.6550424324624,0.7559959244238881,0.1894191665453276,779.8171684341091,1.527706706378273,,COMPLETE
409,0.5871726379278255,2026-07-17 16:29:09.671965,2026-07-17 16:29:09.687971,0 days 00:00:00.016006,0.4108361658262866,780.5080084102353,34.994979604708746,0.8705861763496977,1.0924196218781572,782.0503514929682,0.47686223602562444,0.17689538123392812,779.3842972016348,1.4542704749433537,,COMPLETE
410,0.4136352027601243,2026-07-17 16:29:09.688971,2026-07-17 16:29:09.704492,0 days 00:00:00.015521,-0.4393632689867183,777.4590590352395,-20.01813493799483,0.9201950394524966,0.13664588605169928,778.8855086808883,2.193665123917584,0.8578391389612549,778.2799637235053,2.3145239665796655,,COMPLETE
411,0.23465804279178673,2026-07-17 16:29:09.704492,2026-07-17 16:29:09.715847,0 days 00:00:00.011355,-1.1819659709440469,776.53604483361,799.5130945035053,5.165545927834979,0.38811178502736116,780.3303909078396,2.005488707318233,0.2734000582112686,780.8294925485433,2.528114569770077,,COMPLETE
412,0.2356407427577346,2026-07-17 16:29:09.715847,2026-07-17 16:29:09.730023,0 days 00:00:00.014176,-1.380710611796809,777.9878141717058,1099.2867311571579,7.870953885869452,0.45851026878578516,779.2167196604304,1.9417846393849822,0.11579909955973797,780.8339719824947,2.960839346003305,,COMPLETE
413,0.40057567095774654,2026-07-17 16:29:09.730023,2026-07-17 16:29:09.744023,0 days 00:00:00.014000,-0.7786156583773918,777.8095809675664,-43.77687758329955,6.5544883630907975,0.35815938438282774,777.574835704315,2.608679616273223,0.8163688672729578,778.488040432468,2.438993261795462,,COMPLETE
414,0.9886556855125569,2026-07-17 16:29:09.744023,2026-07-17 16:29:09.757022,0 days 00:00:00.012999,-0.33141989661435595,777.4393630528074,1037.6497269285055,5.3507525097386655,0.3590224677356104,777.9009746249573,1.286688383416339,0.8512245414344775,782.1811894802726,2.753893675902853,,COMPLETE
415,0.5743801790365072,2026-07-17 16:29:09.757022,2026-07-17 16:29:09.774025,0 days 00:00:00.017003,-1.4509699831372087,777.0730717392249,591.8787776287311,3.291410841736402,0.5797912922668363,779.2513190872137,1.7783424559526837,0.16552258379775303,783.1669556265716,2.3770862940062987,,COMPLETE
416,0.4293112196766193,2026-07-17 16:29:09.774025,2026-07-17 16:29:09.789908,0 days 00:00:00.015883,-1.364802704477455,781.7954458649835,-91.07785126959746,0.6151179268215513,0.9612882157370611,780.9666068695211,1.4190103750484084,0.45197568568137547,783.341800687237,0.7620826770643467,,COMPLETE
417,0.46428468672744155,2026-07-17 16:29:09.789908,2026-07-17 16:29:09.804400,0 days 00:00:00.014492,-0.5632319532814997,777.1319946409059,1017.5102950266445,4.945551244875912,0.46668669066265084,778.8213430139443,1.3534322741057743,0.1851977428408108,778.1694185271485,2.4782116798092413,,COMPLETE
418,1.146467801819163,2026-07-17 16:29:09.804400,2026-07-17 16:29:09.819489,0 days 00:00:00.015089,0.7390249840173234,776.5439212753397,248.26727416991906,0.6993836013369806,0.38456017895200645,777.5802695732763,2.7644029531669045,0.5870235082086891,779.7230900834519,2.500699208065819,,COMPLETE
419,0.41817326495819945,2026-07-17 16:29:09.819489,2026-07-17 16:29:09.836212,0 days 00:00:00.016723,-1.2042352659420603,777.3190363973969,970.1228027614402,2.3347248481318763,0.3705005757922147,783.318098389337,2.2361438609751594,0.28839363549937397,782.6168755677141,2.816961026554491,,COMPLETE
420,0.44120553683636055,2026-07-17 16:29:09.836212,2026-07-17 16:29:09.853624,0 days 00:00:00.017412,-0.2978112617850186,776.6010388739965,498.7757486935667,3.494443628809056,0.6642882935870542,780.911065201923,1.645785223990675,0.33960468485932016,779.847485606261,2.1432194245477207,,COMPLETE
421,0.553669309529247,2026-07-17 16:29:09.853624,2026-07-17 16:29:09.868943,0 days 00:00:00.015319,-0.8693358218231515,779.1695542980741,92.18979501619543,0.7540852065416767,0.5300846402192242,779.4833496003424,2.8765557946583993,0.3007367155993266,783.4548334076962,0.8013697794411715,,COMPLETE
422,0.33002192653518564,2026-07-17 16:29:09.868943,2026-07-17 16:29:09.891866,0 days 00:00:00.022923,-1.0931113976513094,776.9140993949475,1129.7247971235045,6.007513550655932,0.11526394506334303,781.3833146340905,1.772719493408865,0.24385369268151638,781.9018778537179,1.933638677277,,COMPLETE
423,0.44663091275367117,2026-07-17 16:29:09.891866,2026-07-17 16:29:09.909528,0 days 00:00:00.017662,-0.7899830767105307,783.3915657458716,123.95720117239495,7.036605945587865,1.3264884451967598,779.0309542915049,0.50155065427321,0.26713397417579654,783.3438861366461,0.14694004031070035,,COMPLETE
424,0.703552522327781,2026-07-17 16:29:09.909528,2026-07-17 16:29:09.928813,0 days 00:00:00.019285,-0.6313366186174594,776.2918685952245,1226.8643051793467,5.34921150353548,0.27594743902984137,780.0089976265995,2.192472965631346,0.4389986701220553,779.4918356595177,2.5577664261237794,,COMPLETE
425,0.7052533632282404,2026-07-17 16:29:09.928813,2026-07-17 16:29:09.947835,0 days 00:00:00.019022,-0.959393852974755,778.1564532445524,-272.9021943753563,2.135454307184739,0.4409511111393771,783.2334645567305,2.913619535053597,1.0800067709979466,782.1965090802657,1.9810204230499069,,COMPLETE
426,0.6873737131404293,2026-07-17 16:29:09.947835,2026-07-17 16:29:09.960594,0 days 00:00:00.012759,0.6922578437574478,780.2565298560393,412.4043478121121,0.22468184165858204,1.4604862279373285,779.5709014241273,0.1950583444921818,0.17048248506429906,780.9981996409921,1.7990156675233462,,COMPLETE
427,0.2603703074353477,2026-07-17 16:29:09.960594,2026-07-17 16:29:09.981176,0 days 00:00:00.020582,-0.26266675586553045,778.3138832260308,-161.57655457492893,3.0475482642801768,0.004128495964823065,783.508233189036,2.3395552594759237,0.9154292700288846,779.3466065041268,1.531347359787641,,COMPLETE
428,0.18054114554232978,2026-07-17 16:29:09.981176,2026-07-17 16:29:09.999456,0 days 00:00:00.018280,-1.4013813317729658,777.9079768497246,477.9302722710693,5.512207954241771,0.42338644744190546,778.5010181371583,1.2934665797625056,0.8440676124733022,780.6073103557969,2.7055122951306965,,COMPLETE
429,0.7982504785272664,2026-07-17 16:29:09.999456,2026-07-17 16:29:10.017797,0 days 00:00:00.018341,-1.3084446952758664,776.8571542190081,266.5357115932122,5.667731369385699,0.17201136402388634,777.6768906174478,1.6631966357151367,0.24123196845858874,780.6391820241836,2.6741572950618977,,COMPLETE
430,0.40375610642865806,2026-07-17 16:29:10.017797,2026-07-17 16:29:10.028591,0 days 00:00:00.010794,-1.2243380742717807,776.7360954075242,673.0438096464541,7.011699807526332,0.7950565897110237,779.3854228902951,1.441489394130788,0.8779103355374268,781.4497719069483,2.7513300205049367,,COMPLETE
431,0.21129114846636524,2026-07-17 16:29:10.028591,2026-07-17 16:29:10.045700,0 days 00:00:00.017109,-0.9201883675960827,779.4791836436677,174.67601850361268,3.985006641815177,0.16488170471038444,779.9386698260338,0.5584605837158826,1.0136412590242425,780.8703574508596,2.977502452381923,,COMPLETE
432,0.33220992823739354,2026-07-17 16:29:10.045700,2026-07-17 16:29:10.063429,0 days 00:00:00.017729,-1.1836453835698166,778.5058508333698,540.798035677384,4.1577761340386985,0.5667604279593859,777.2822681726157,1.2100332866952814,1.0007923401426733,781.3552391664832,2.113184254221051,,COMPLETE
433,0.3864567331232933,2026-07-17 16:29:10.063429,2026-07-17 16:29:10.078867,0 days 00:00:00.015438,-1.3593993962614523,779.030335068199,612.2284072029984,4.280670738070768,0.47265009395122515,779.0500625746989,1.4869079535916672,0.8589912959432212,779.2001066685806,2.977527066854401,,COMPLETE
434,0.2087773170066872,2026-07-17 16:29:10.078867,2026-07-17 16:29:10.097208,0 days 00:00:00.018341,0.4760869731801331,781.2305932632479,-239.43367177316554,0.28958045807360044,1.2262192921471198,779.5580331314734,0.9203018894181999,0.33134461583302444,778.794435817316,2.1381972969376952,,COMPLETE
435,0.3723815517244982,2026-07-17 16:29:10.097208,2026-07-17 16:29:10.115645,0 days 00:00:00.018437,-0.6972933366008099,780.1595229358733,174.15820560458147,5.427259157234291,0.24292539648052586,778.8637946700338,0.7789870922795943,1.1004322779756748,781.2664166574742,2.947331581685238,,COMPLETE
436,0.5659661192618652,2026-07-17 16:29:10.115645,2026-07-17 16:29:10.132811,0 days 00:00:00.017166,-1.2468277544233293,777.0799695116667,-218.85223087773613,3.326606950760027,0.7397135861323975,780.918736756652,1.0461415255605881,1.0545633502012448,780.506710081388,2.4233144619891265,,COMPLETE
437,0.36381844041174544,2026-07-17 16:29:10.132811,2026-07-17 16:29:10.150179,0 days 00:00:00.017368,0.12513334313543684,780.2480963062468,15.083534507702865,0.3415288708053966,1.2290898629529776,780.4627995861165,0.5909234552615019,0.4726593838281593,776.7988996015351,2.028747823494327,,COMPLETE
438,0.37422129577685614,2026-07-17 16:29:10.150179,2026-07-17 16:29:10.169042,0 days 00:00:00.018863,-0.23988207550995208,778.0611255040183,232.88116168049834,1.103229142144689,0.9008362253497054,779.4800745084372,2.214685539300135,0.2005283783641442,779.131947191352,1.9634028578491958,,COMPLETE
439,0.6465952564389414,2026-07-17 16:29:10.169042,2026-07-17 16:29:10.187481,0 days 00:00:00.018439,0.48115815952660773,780.2617218604485,-20.16543873783172,0.1788339682250913,1.400966777112389,779.3000104306759,1.6561303852793086,0.1433632540774503,778.3107843393321,2.0777861874640906,,COMPLETE
440,0.31012388355511417,2026-07-17 16:29:10.187481,2026-07-17 16:29:10.206624,0 days 00:00:00.019143,-1.190731142872054,780.6861264221099,409.0423562201174,7.134566167228355,0.37726233559480105,783.1965199029113,0.46289275032680033,1.0068394863005063,780.2694183503451,2.910110356096865,,COMPLETE
441,0.7644552818282001,2026-07-17 16:29:10.206624,2026-07-17 16:29:10.222502,0 days 00:00:00.015878,-1.3382597404050833,780.5125678680794,390.66074934293715,0.42956181849438957,1.0233316466119515,777.3650385462511,0.4132166802904573,0.26852986417833535,781.1385989684335,2.2408865902917245,,COMPLETE
442,0.4255603838711489,2026-07-17 16:29:10.222502,2026-07-17 16:29:10.239873,0 days 00:00:00.017371,0.1753440670188362,781.5533173579004,-142.63503108621123,0.3044978034829235,0.8481793789111518,781.3807859385915,0.5394290676109528,0.44617653188683015,779.9154776029848,2.120269685648841,,COMPLETE
443,0.6078686209535836,2026-07-17 16:29:10.239873,2026-07-17 16:29:10.257335,0 days 00:00:00.017462,-0.27264460686533953,776.7337976962929,412.32506825457097,5.151859223110221,0.3587011863578572,781.9729063064078,0.6553743908271962,0.9821021659629617,779.6348061661027,2.6427494072579267,,COMPLETE
444,0.7875796104133386,2026-07-17 16:29:10.257335,2026-07-17 16:29:10.270618,0 days 00:00:00.013283,-1.0649847515435586,776.2217084331145,-144.84943364194976,2.590753287473909,0.18554442658450512,781.1056062436816,2.8595917198476712,0.6885788850594999,779.3035705201526,2.1714690665778726,,COMPLETE
445,0.3307749879938246,2026-07-17 16:29:10.270618,2026-07-17 16:29:10.289076,0 days 00:00:00.018458,0.4640740401309017,781.1042779440427,-267.9890273264515,0.15116767814352025,0.7905583006293175,778.0600106847974,1.5552688425707677,0.23483940401361914,780.3142060029637,2.180399001926438,,COMPLETE
446,0.2242849784251045,2026-07-17 16:29:10.289076,2026-07-17 16:29:10.308715,0 days 00:00:00.019639,-0.9190665795324913,783.2623338124406,570.1609479799108,3.4227277611053797,0.7414859268016315,779.0128673388001,0.5619594224954116,0.22529885088305976,779.5411645935229,2.441559717939448,,COMPLETE
447,1.0248558971696358,2026-07-17 16:29:10.308715,2026-07-17 16:29:10.326751,0 days 00:00:00.018036,-1.0489269947142792,783.7206515621872,983.2350512245113,2.075825880443036,1.0493002394536157,778.3432358161051,1.213267632743603,0.5055503728481723,779.8924482628706,2.2990339935989557,,COMPLETE
448,0.7520287131170965,2026-07-17 16:29:10.328761,2026-07-17 16:29:10.346881,0 days 00:00:00.018120,-0.12805449224491672,780.3259135755256,138.61805235323607,2.21186243923771,1.4799970694727884,781.5032031833503,1.8540565810417922,0.1328202666915822,782.2195273715631,0.4070620339490647,,COMPLETE
449,0.5843699409071024,2026-07-17 16:29:10.346881,2026-07-17 16:29:10.364383,0 days 00:00:00.017502,-1.399330042449967,777.6018306047027,682.2104348021692,6.700484499682745,0.30674425638680314,778.1145397244522,0.16620843291241583,1.4920977202698154,782.2462740410991,2.608748121461666,,COMPLETE
450,0.5147049073175731,2026-07-17 16:29:10.364383,2026-07-17 16:29:10.380620,0 days 00:00:00.016237,-1.4306185527538342,779.1753572788533,-73.70481926596023,2.750304763297902,0.374841808005518,780.0169850595631,0.7219924116299219,1.213840383586341,782.4021707980048,2.716219581136627,,COMPLETE
451,1000.0053939068646,2026-07-17 16:29:10.380620,2026-07-17 16:29:10.399901,0 days 00:00:00.019281,-0.8998194007621326,781.7450221410259,352.12637495089666,3.6458295576958744,0.6556084160437792,779.0403911163503,0.9125664280346655,0.15491982014488032,779.0977792521205,2.7763406509677875,,COMPLETE
452,0.4535849280316927,2026-07-17 16:29:10.399901,2026-07-17 16:29:10.418288,0 days 00:00:00.018387,0.37100003512562896,781.2929251907235,-218.7019676374453,0.6395456010219768,1.2890581866669584,777.6691952255088,0.21472152349314466,0.38970936280827567,779.7488494914907,2.7652451886367544,,COMPLETE
453,0.658465460365802,2026-07-17 16:29:10.418288,2026-07-17 16:29:10.437145,0 days 00:00:00.018857,-0.19471441838312406,779.6751708855222,370.2463151457382,2.205892887049219,1.3120194172568913,780.1671628514604,0.7774685211018968,0.7319928955856229,781.504584970017,1.5334849831936093,,COMPLETE
454,0.7796499384558675,2026-07-17 16:29:10.437145,2026-07-17 16:29:10.456253,0 days 00:00:00.019108,0.0732661681142317,780.8578870657753,527.3668698411859,1.2311278497610672,0.11886461015672065,781.2378047273376,0.5295970658198289,0.8456361133209831,781.497248830584,2.601260588254647,,COMPLETE
455,0.21219153883542743,2026-07-17 16:29:10.456253,2026-07-17 16:29:10.474379,0 days 00:00:00.018126,0.37543878386578006,782.8277710516719,-171.72615933322953,3.946970253039119,1.4240528484502122,779.3404645765232,1.1636210241676181,0.0402868827168667,783.9012040370562,0.23771293808355207,,COMPLETE
456,0.45267493908323,2026-07-17 16:29:10.474379,2026-07-17 16:29:10.492514,0 days 00:00:00.018135,-0.9335126845715138,783.9277173837716,-124.46288539473369,0.2807521695504835,0.3159913204944528,782.3464532713126,2.866927774745541,0.06293465633633841,782.6501836634144,0.3928890942387449,,COMPLETE
457,0.3981788245581427,2026-07-17 16:29:10.492514,2026-07-17 16:29:10.511131,0 days 00:00:00.018617,0.6077178731632649,783.9819313237188,-208.67327531031845,3.1012845290029567,1.2772220628508042,780.1761746083911,1.5472042750843737,0.25648112589868466,782.6458313218927,0.5106301899301722,,COMPLETE
458,0.39336058016816494,2026-07-17 16:29:10.511131,2026-07-17 16:29:10.529244,0 days 00:00:00.018113,-1.0404558493845866,778.1627415992309,231.17692961213197,3.550400238232098,0.45273963913859394,777.531495150789,1.5249539952295097,1.2728485943841261,780.4813876454796,2.9265235641961724,,COMPLETE
459,0.24609420315217181,2026-07-17 16:29:10.529244,2026-07-17 16:29:10.547361,0 days 00:00:00.018117,-1.0578409457989464,778.0350451427374,351.3413987781206,1.58445028653349,0.1257512848912386,780.2627933738717,0.40441280421575343,1.3379420830222029,780.0358254488655,2.4090135461416082,,COMPLETE
460,0.5527417369981696,2026-07-17 16:29:10.547361,2026-07-17 16:29:10.566468,0 days 00:00:00.019107,-0.6893751299955926,781.925992300645,744.9845148693972,6.7514166779472715,0.9026263323058539,776.2135282328712,0.8746752790995076,0.33839065203208796,780.9727034007678,2.5590725356413224,,COMPLETE
461,0.5663671149654591,2026-07-17 16:29:10.566468,2026-07-17 16:29:10.584481,0 days 00:00:00.018013,-0.6251420684331999,783.6429296490984,1004.1756824392139,2.6119928966688954,0.44127617010876197,778.7285659387853,0.45725450128603395,0.4508536859919592,779.5353853194085,1.3855423884712446,,COMPLETE
462,0.2372639627383038,2026-07-17 16:29:10.584481,2026-07-17 16:29:10.602956,0 days 00:00:00.018475,0.4602196418586159,781.4030787897382,-44.27784644996058,5.793782711389632,1.3803949327245055,779.2055462064745,0.8053129078942909,0.040068792299133474,782.641230200651,0.240999644270779,,COMPLETE
463,0.30832191379002716,2026-07-17 16:29:10.602956,2026-07-17 16:29:10.618069,0 days 00:00:00.015113,-1.2541074883629901,783.4114486684093,377.92906023483005,5.6938537572119445,0.7463922133895188,779.472460043529,0.19289484922816263,0.4282052992345936,781.6074369407155,2.683012465560569,,COMPLETE
464,0.43824215419140755,2026-07-17 16:29:10.618069,2026-07-17 16:29:10.633480,0 days 00:00:00.015411,0.7090272542013034,781.6397505872715,-72.15048991816158,0.5962512978105248,1.0590140483173565,778.793070888676,1.2312289355666048,0.32493793601054827,776.8607755212885,2.4172733494615968,,COMPLETE
465,0.4920686045611734,2026-07-17 16:29:10.633480,2026-07-17 16:29:10.644337,0 days 00:00:00.010857,0.8928704652708173,781.7803339466484,-296.4597441842478,1.9082078661273367,1.2810713623573957,777.7897159088977,1.8174532664903136,0.1877777046835279,783.6638001551077,0.24758403849536936,,COMPLETE
466,0.4736424039092289,2026-07-17 16:29:10.644337,2026-07-17 16:29:10.654377,0 days 00:00:00.010040,-0.8267636419379811,782.4570374755557,565.4917703263114,2.840472510328543,0.4129257106634203,778.3743091472834,0.44375639411635626,0.6744709691125934,778.6203153808336,2.6837079478963837,,COMPLETE
467,0.9178926049220935,2026-07-17 16:29:10.654377,2026-07-17 16:29:10.671619,0 days 00:00:00.017242,-0.9275674456537405,781.2622081899785,1235.0466148738678,4.998504726938412,1.1339399804776835,777.1540786379463,1.4810624246013397,0.40432509007337736,782.607408796549,0.5512891530198998,,COMPLETE
468,0.27013873225049595,2026-07-17 16:29:10.671619,2026-07-17 16:29:10.689739,0 days 00:00:00.018120,-0.06044233994399206,783.6133204394079,376.3684386967043,7.1785611503246125,0.47305876281971215,779.592575713682,1.582953205811204,0.08702165466310803,782.0673423444533,2.547898483427266,,COMPLETE
469,0.26324179688306054,2026-07-17 16:29:10.689739,2026-07-17 16:29:10.708879,0 days 00:00:00.019140,-0.1574910847495505,783.2828848235816,-166.96880318221272,1.2643458546612527,1.4215129615433035,779.4893103800188,0.7608161473670381,0.5723157876882102,783.4539372890125,0.10567560081087676,,COMPLETE
470,0.3958318126257405,2026-07-17 16:29:10.708879,2026-07-17 16:29:10.724976,0 days 00:00:00.016097,0.7763473021785572,783.0424939775979,-7.313132215022989,2.006872604299604,1.3651998718697302,778.5607523065758,0.5439074263367069,0.10151637935806547,783.6245150093001,0.22316971303853134,,COMPLETE
471,0.4665907935066532,2026-07-17 16:29:10.724976,2026-07-17 16:29:10.742085,0 days 00:00:00.017109,-0.0726012513298908,777.9403843425132,-186.93297972358636,0.6938869753192245,0.5145481517008534,782.4376221358577,2.8133852617597874,1.0867868164698775,779.6679326009819,2.12646923157697,,COMPLETE
472,0.7132826574932989,2026-07-17 16:29:10.742085,2026-07-17 16:29:10.756161,0 days 00:00:00.014076,0.48541772070181566,776.5351521043442,-142.06348926710314,1.0299872510181995,0.7321686204704889,778.1901294739497,2.9899462736929188,0.39746316869769066,779.350560864356,2.124440141873479,,COMPLETE
473,0.3135483368734633,2026-07-17 16:29:10.756161,2026-07-17 16:29:10.771905,0 days 00:00:00.015744,-0.2733558999535671,783.6749051377602,368.28065741438047,1.2253156068704654,0.4945031462423355,776.8770965797429,0.12779032188194656,0.21044236075693978,778.8668372278257,2.342358273791436,,COMPLETE
474,0.21044621640317102,2026-07-17 16:29:10.771905,2026-07-17 16:29:10.786425,0 days 00:00:00.014520,-0.9033234716840105,782.6511849404998,548.5712901859022,2.449913030443379,0.781202971026785,779.6933995500924,0.6304939605729617,0.32056760960966196,780.333200943901,2.170977339907772,,COMPLETE
475,1000.0103913646751,2026-07-17 16:29:10.786425,2026-07-17 16:29:10.803995,0 days 00:00:00.017570,-0.4694765518254585,783.5227918278484,13.227999134794487,2.381841372087549,1.4372974582397675,781.8069943294167,1.4224222029330198,0.08441510341283473,781.8249025484836,0.11210328649003823,,COMPLETE
476,0.2987113299804572,2026-07-17 16:29:10.803995,2026-07-17 16:29:10.822293,0 days 00:00:00.018298,-1.0204854510470198,779.6813731948467,490.51448197573546,2.8425293484312295,0.15445264094006053,779.9161788660568,0.6623573990138243,0.9337901183200171,781.8045050822226,2.6169893353514455,,COMPLETE
477,0.618364438885405,2026-07-17 16:29:10.822293,2026-07-17 16:29:10.837744,0 days 00:00:00.015451,-0.664833288192664,779.6445838357607,210.3806601565887,0.5851796747911368,1.2283368841299291,776.9584046482817,0.8065728894535608,0.7852691227395954,781.73039821091,2.1900740631482214,,COMPLETE
478,1000.009759752745,2026-07-17 16:29:10.837744,2026-07-17 16:29:10.859327,0 days 00:00:00.021583,-0.7908906346682066,776.6517114256495,9.463956244794247,2.100941596891461,0.4724070290520151,781.5186813706879,1.2877875053573438,0.4884517306868134,781.4957834173739,2.992158819144354,,COMPLETE
479,0.5570848633489981,2026-07-17 16:29:10.859327,2026-07-17 16:29:10.878218,0 days 00:00:00.018891,-1.150368236676025,781.0899545393142,876.333470577496,0.9811965744851512,0.6480696327446565,778.8230949898827,0.7342235722635234,0.4825010588488388,779.848099230579,2.1986368888651855,,COMPLETE
480,0.24777860543923988,2026-07-17 16:29:10.878218,2026-07-17 16:29:10.896447,0 days 00:00:00.018229,-0.5397913464862433,782.2569278140537,72.88391043474374,7.3563641785582154,0.6387202581970035,778.8870551131032,2.273084815541042,0.2086653633249626,783.6991280456373,1.8662979327784104,,COMPLETE
481,0.7480187464485959,2026-07-17 16:29:10.896447,2026-07-17 16:29:10.917475,0 days 00:00:00.021028,1.0274972108374254,782.3608266967641,-183.57908529969416,0.22940192415667687,1.1555857344972373,781.0220528293793,1.495844650641312,0.28638266110473976,779.6722129634026,2.4889893894482196,,COMPLETE
482,0.6452827046634505,2026-07-17 16:29:10.917475,2026-07-17 16:29:10.928546,0 days 00:00:00.011071,0.5783420126492277,782.9592929091609,-203.08847238886915,4.30426461234783,0.485804129893712,780.9124458796363,2.987005463736529,0.6674839585139295,781.7757659370602,2.4689402707913266,,COMPLETE
483,1.200552495664614,2026-07-17 16:29:10.928546,2026-07-17 16:29:10.940617,0 days 00:00:00.012071,-1.4343520716031564,779.3915115889907,-273.0772866050763,0.9406155514815073,1.3517798152885196,779.1358591157849,0.3793393438931222,0.6232468798306424,779.6379707355218,1.1703698216037948,,COMPLETE
484,0.4414676202653114,2026-07-17 16:29:10.940617,2026-07-17 16:29:10.953752,0 days 00:00:00.013135,-0.8994212032450954,777.2298951708701,388.41917793513204,6.552650052023443,0.516944096019295,782.6640295091661,2.5733178914558033,1.1139001302257896,780.2519323380467,1.873062684453041,,COMPLETE
485,0.7640282159514147,2026-07-17 16:29:10.953752,2026-07-17 16:29:10.974516,0 days 00:00:00.020764,0.3676496153431473,781.3120296091815,-246.2962679937419,0.4730159472398825,1.386566776887832,781.7648832239321,0.8389009233264435,0.00880551612311542,777.9641961754265,2.7658210623336275,,COMPLETE
486,0.31383530428375217,2026-07-17 16:29:10.974516,2026-07-17 16:29:10.994362,0 days 00:00:00.019846,-0.14151269898639557,782.6929142081639,-270.8083292190245,0.43206519753181666,1.2879509302846461,778.7287578576706,1.2717887023622967,0.13736738810071594,779.7997671062584,2.2942009148158617,,COMPLETE
487,0.5825366831858363,2026-07-17 16:29:10.994362,2026-07-17 16:29:11.014488,0 days 00:00:00.020126,-0.5112636817583162,776.215546293965,414.118199081486,0.44272369125130867,0.9609314302352653,779.5407251408791,2.8290642643673807,0.580224926003108,780.336154016735,2.228412261050578,,COMPLETE
488,0.371144590792183,2026-07-17 16:29:11.014488,2026-07-17 16:29:11.033599,0 days 00:00:00.019111,0.2624757336515718,780.4949211971308,-235.18076662514497,0.2153897572264683,1.2082415665765587,779.9635810566947,0.4511265523699199,0.8087720832970573,779.2843797010845,2.4650140189301366,,COMPLETE
489,0.3833109811520455,2026-07-17 16:29:11.033599,2026-07-17 16:29:11.051932,0 days 00:00:00.018333,-1.311120217786879,779.2595316544163,197.7861675902842,6.881449625758254,0.4160221759200793,779.0412272401903,1.0618821382554566,0.8466281918020407,779.1963463139957,1.9149005125989382,,COMPLETE
490,0.3235586917912056,2026-07-17 16:29:11.051932,2026-07-17 16:29:11.066826,0 days 00:00:00.014894,-0.9566371127572404,778.5091082086137,440.3879319817857,7.825036123949782,0.6644454244058142,777.8800378181734,0.7183582646365286,0.5999580434839273,780.7982600646026,2.898670150344701,,COMPLETE
491,0.5208929399686835,2026-07-17 16:29:11.066826,2026-07-17 16:29:11.090413,0 days 00:00:00.023587,-0.9733684551820708,779.5224941549227,-39.79453900152143,3.333394521340651,0.23194441042308978,781.0719820961098,0.6148715958211075,0.6308568419502243,778.8841189248196,2.8410602008741854,,COMPLETE
492,0.37640681498335643,2026-07-17 16:29:11.090413,2026-07-17 16:29:11.108229,0 days 00:00:00.017816,-0.31817216890012323,778.2123446279189,198.84093297895967,0.37177080778300803,0.4574000137639168,778.320418816417,2.2066568466507084,0.5240415615385715,779.5819393111284,2.722390709167077,,COMPLETE
493,0.25407914290767847,2026-07-17 16:29:11.108229,2026-07-17 16:29:11.126121,0 days 00:00:00.017892,-0.6362373555637568,777.6347944741043,312.331520617196,3.6956722321108315,0.4666499632630141,777.8158456280125,2.0825690696761243,0.5335117345519427,780.2439840137118,2.278004136444604,,COMPLETE
494,0.22878592787723953,2026-07-17 16:29:11.126121,2026-07-17 16:29:11.145482,0 days 00:00:00.019361,-0.045905069751366906,777.1427271564967,-79.11239955895621,3.713425912184216,0.29550452345109113,781.2136720853975,2.8279398081541087,0.9529988610137952,779.9519761280529,1.342687405974036,,COMPLETE
495,0.47490474973956864,2026-07-17 16:29:11.145482,2026-07-17 16:29:11.161959,0 days 00:00:00.016477,-0.2311494040490173,780.8688614047973,840.9273242372731,2.5452222797087125,0.948145809522962,779.6762428362134,0.7602402695207895,0.0644992536712542,779.3613314709855,1.9776548901110116,,COMPLETE
496,0.3910900069265058,2026-07-17 16:29:11.161959,2026-07-17 16:29:11.174459,0 days 00:00:00.012500,0.3298257097818168,783.0265535888287,113.48014105860028,5.125027821296131,1.2276803592753143,780.3436661823018,1.0398098477653102,0.015881566699374888,783.788869449718,0.18571127613870586,,COMPLETE
497,0.42745299152092653,2026-07-17 16:29:11.174459,2026-07-17 16:29:11.191919,0 days 00:00:00.017460,-1.4013295730848288,780.8173062956957,114.35520545036064,0.7869414646135737,0.07117154930664105,781.3179743819824,1.1680271493976437,1.240200047036098,780.1865665177062,2.803239958559166,,COMPLETE
498,0.20052286577002523,2026-07-17 16:29:11.191919,2026-07-17 16:29:11.203700,0 days 00:00:00.011781,-0.17965831396059245,780.7274337790593,1.583188080361353,5.2558439993772845,1.0953866260760443,779.9945706430746,1.4664594030137803,0.3277238170695418,781.7855469705119,0.2464330332752493,,COMPLETE
499,0.3374547857530013,2026-07-17 16:29:11.203700,2026-07-17 16:29:11.215762,0 days 00:00:00.012062,-0.6571465334215393,779.1439149938096,-60.23267315074178,0.932855035459248,0.032806626027318764,781.5511188837462,2.8150147607094405,0.7958378784854855,780.098365383706,2.781268135520465,,COMPLETE
500,0.24652285560821036,2026-07-17 16:29:11.215762,2026-07-17 16:29:11.233672,0 days 00:00:00.017910,-0.5311494531489556,778.2622489830453,371.13197697503904,2.1881899156146654,0.05444921644621198,778.2891880013185,0.8479804464488832,0.6157638597303987,779.667294177553,2.6963001380892244,,COMPLETE
501,0.36276914393494153,2026-07-17 16:29:11.233672,2026-07-17 16:29:11.251018,0 days 00:00:00.017346,-0.15401912228176184,776.2422658826478,297.7256086810467,0.79760577346059,0.18067094009514922,782.5381543770427,2.9954762658715945,0.7953711168647193,780.2484868717816,1.8167225171983294,,COMPLETE
502,0.1923411895945826,2026-07-17 16:29:11.251018,2026-07-17 16:29:11.270315,0 days 00:00:00.019297,-0.4670199730756276,777.584872396669,40.00923501737123,6.918324796488905,0.413073226177367,780.520736270194,2.9800042806138065,0.5141593913592952,779.1153680599854,2.458833343372052,,COMPLETE
503,2.224268976752221,2026-07-17 16:29:11.270315,2026-07-17 16:29:11.290103,0 days 00:00:00.019788,0.5185975470637698,776.5027294448803,1208.972944650025,1.0695657684619668,0.4912322513197065,781.1366976466512,2.2612449353248487,1.308959361667131,782.2860384169329,2.3311447756709334,,COMPLETE
504,0.3361859229801401,2026-07-17 16:29:11.290103,2026-07-17 16:29:11.307714,0 days 00:00:00.017611,-0.20385400050000124,783.5895444579515,235.6299143563101,6.236712621569196,1.0867003332736842,779.2029996012584,1.4979245288702652,0.6276790501733869,783.8112949825094,0.3490528698403216,,COMPLETE
505,0.3225041551510572,2026-07-17 16:29:11.307714,2026-07-17 16:29:11.327835,0 days 00:00:00.020121,-0.05483665798694015,777.1004188960014,87.80344581802241,4.1280022494290955,0.1602911043637792,780.4566962682334,2.8386354109337626,0.7009475178188183,778.6194074713774,2.476648707936611,,COMPLETE
506,0.19498850305304438,2026-07-17 16:29:11.327835,2026-07-17 16:29:11.345949,0 days 00:00:00.018114,-0.08150465475521083,779.4202029159442,-17.98426307305422,5.597000593387179,1.0350160618685444,779.7750640653563,1.4909286494968517,0.4055390612149321,782.6362898426518,0.5710521074398072,,COMPLETE
507,0.18827585813272746,2026-07-17 16:29:11.345949,2026-07-17 16:29:11.366088,0 days 00:00:00.020139,-0.15109975639073414,781.8827801933691,79.11722238844004,7.699187170746995,0.7175078307220444,779.9532240695135,2.0084559925366268,0.02766155801733296,780.0911336138479,2.703966997838825,,COMPLETE
508,0.34619880154383775,2026-07-17 16:29:11.366088,2026-07-17 16:29:11.385190,0 days 00:00:00.019102,-0.6746158680420384,781.965211477229,-36.37181823093701,4.218208490796799,0.4594934388236161,779.3674024398744,2.475296596705666,0.1419952882353318,779.1811855491966,2.4558264877965312,,COMPLETE
509,0.25576065920691854,2026-07-17 16:29:11.386202,2026-07-17 16:29:11.396313,0 days 00:00:00.010111,0.8395079564233443,782.9778503450273,-230.54209990825873,0.768352359644755,1.0350651770210675,779.0555439911602,0.7145366281753442,0.2542488571505238,780.3191098358822,1.912348097869391,,COMPLETE
510,0.9033555160474593,2026-07-17 16:29:11.396313,2026-07-17 16:29:11.406784,0 days 00:00:00.010471,0.024096262124094256,780.5048470638571,343.4639743379467,3.9536268489613398,1.079064791037844,780.7172752325,1.7842041335979646,0.6912371197990848,781.5690798289048,1.0272889771072014,,COMPLETE
511,0.7178403006929763,2026-07-17 16:29:11.406784,2026-07-17 16:29:11.422203,0 days 00:00:00.015419,1.1015514497373826,781.3911010898431,-26.90125812901826,0.2131084001450692,1.2740555652263554,778.2953461174621,0.45208718976646217,0.42531596086193574,778.7423812069986,1.9705657380325106,,COMPLETE
512,0.37626266045597256,2026-07-17 16:29:11.422203,2026-07-17 16:29:11.437474,0 days 00:00:00.015271,0.47167738131616754,782.8099026193561,-223.76745825320558,3.870062539720016,1.2582430509814229,778.3718812268274,1.4696415558295028,0.34630273625349606,783.9763545528361,0.1668285744920212,,COMPLETE
513,0.25663689474329887,2026-07-17 16:29:11.437474,2026-07-17 16:29:11.452821,0 days 00:00:00.015347,-0.5915214433058156,780.3283181179736,-4.551973671808856,6.903895297020955,0.8962957787417603,779.8596586980324,1.73977830694498,0.5228902801159641,781.6434837322823,0.3449005812941267,,COMPLETE
514,0.5977142395409277,2026-07-17 16:29:11.452821,2026-07-17 16:29:11.467892,0 days 00:00:00.015071,0.17241596848762286,777.2628289405033,-54.23112161615493,3.6337084431766327,1.4375232014784252,778.2727895915037,1.2480732304171238,0.7323451721469774,782.9997864267442,0.7972073710081736,,COMPLETE
515,0.2503791686477993,2026-07-17 16:29:11.467892,2026-07-17 16:29:11.483373,0 days 00:00:00.015481,-0.2864326715219508,777.4660329876422,-218.80737476356413,4.432147239777568,0.962851091174935,780.060894882491,1.7864646922129754,0.0068861235192373416,782.7472005171011,0.8962897060233008,,COMPLETE
516,1000.009664832001,2026-07-17 16:29:11.483373,2026-07-17 16:29:11.501037,0 days 00:00:00.017664,-0.8601141239973971,783.651941958677,441.187114220767,2.1316711867543474,1.1467401660524228,780.7379619570411,1.1066890767980193,0.16556366711743445,780.7616097842333,2.078284387794076,,COMPLETE
517,0.29624587020962145,2026-07-17 16:29:11.501037,2026-07-17 16:29:11.518488,0 days 00:00:00.017451,-0.0158912512535912,781.7573677788064,-18.745967833661112,6.861096711395644,0.5682505950438165,780.5843978711055,1.249220133171558,0.05970153565708969,780.8621215886402,2.6725514039685967,,COMPLETE
518,0.5974413876354897,2026-07-17 16:29:11.518488,2026-07-17 16:29:11.533569,0 days 00:00:00.015081,-1.3932606936528285,776.4491434569941,-171.11828450287717,4.200372977766803,0.31281669536048357,782.5274560928386,2.9765886042302476,1.122618551871432,778.3553116333633,2.8746501641561557,,COMPLETE
519,0.39622113293826977,2026-07-17 16:29:11.533569,2026-07-17 16:29:11.550652,0 days 00:00:00.017083,0.1632411339203424,779.2618040335361,-221.27649727730025,2.936725492307889,0.8197630727997882,781.3892221501205,2.9624013612431845,0.35539933453445033,780.3365153616517,0.23439542146335307,,COMPLETE
520,0.28233313070249544,2026-07-17 16:29:11.550652,2026-07-17 16:29:11.568753,0 days 00:00:00.018101,-0.35071251862775865,776.7107690866371,-85.54127791964677,5.884164420652371,0.30760683465271654,779.4801133686086,2.9247004289756826,0.35461216717478244,780.0156393569998,2.8362523851914703,,COMPLETE
521,0.31660368361498703,2026-07-17 16:29:11.568753,2026-07-17 16:29:11.583830,0 days 00:00:00.015077,-0.42059258415135564,777.4425418564223,378.343561295003,4.598486436411766,0.605093699639853,780.5700327620011,2.9418278100581694,0.1500069169226313,777.4482928634919,2.425578340151909,,COMPLETE
522,0.3614273075479946,2026-07-17 16:29:11.583830,2026-07-17 16:29:11.603513,0 days 00:00:00.019683,0.2452991330733038,778.9418440834824,259.6093567099312,5.581252222639153,0.9844264092700965,779.3905814904609,1.2483615472880236,0.05684416562127609,783.7066462772865,0.3212447766266048,,COMPLETE
523,1.0139602322304817,2026-07-17 16:29:11.603513,2026-07-17 16:29:11.618721,0 days 00:00:00.015208,-0.03601061514329919,782.1984502523328,436.97116889060743,5.586133169985416,1.0403741386639929,781.3400296535689,2.851623361114346,0.4560456789527088,778.3030443556626,2.417571824947622,,COMPLETE
524,0.3589476286067009,2026-07-17 16:29:11.618721,2026-07-17 16:29:11.638941,0 days 00:00:00.020220,-0.6553138199527332,776.3664250346638,189.58245237191616,2.5509350959873327,0.3670860790518388,778.6481662514761,1.5739578708914583,0.49282544393419714,782.2966707296629,2.679032267720684,,COMPLETE
525,0.5382437435010815,2026-07-17 16:29:11.638941,2026-07-17 16:29:11.658123,0 days 00:00:00.019182,-1.124609921840773,776.934157714375,-193.70015592475454,5.99675413633028,0.6426819925979219,780.3052785288571,2.5411387710194444,0.6274013988671768,782.4386369026707,2.372490547225429,,COMPLETE
526,0.36392566187544345,2026-07-17 16:29:11.658123,2026-07-17 16:29:11.676610,0 days 00:00:00.018487,-0.6867851370088613,776.3355726900865,356.52855991704547,6.454196497031403,0.7557327817225157,780.7369085237156,2.76612429735732,0.33697236316369983,780.2205605205437,2.952539653113561,,COMPLETE
527,0.4851742615832603,2026-07-17 16:29:11.676610,2026-07-17 16:29:11.697749,0 days 00:00:00.021139,-0.641277053754203,781.4484517499991,48.84558751817268,5.7913143418816935,1.398696194944256,781.1667311968035,1.8038732861214395,0.10745178229381964,779.8955847951661,2.7530758528485655,,COMPLETE
528,0.30019594043393105,2026-07-17 16:29:11.697749,2026-07-17 16:29:11.714855,0 days 00:00:00.017106,-0.8447494226831995,776.6440814096125,244.256353552375,0.330348747288218,0.5837370999367584,779.9112440452565,1.8168203903858355,0.7346415584654609,780.5622673483205,1.9317862045026628,,COMPLETE
529,0.13534299706243721,2026-07-17 16:29:11.716871,2026-07-17 16:29:11.740262,0 days 00:00:00.023391,-0.8460669200702885,783.4857054220367,381.5556911131554,3.075517861291823,0.6599120091529956,779.4170907472686,1.1938868369724787,0.053088776175247696,780.883785362786,2.7980443212688932,,COMPLETE
530,0.541147019933397,2026-07-17 16:29:11.740262,2026-07-17 16:29:11.757488,0 days 00:00:00.017226,-0.5311956575502597,779.393443325764,-2.8331018180464937,3.9447384186854713,1.200578248888229,780.9901868072379,0.8818157753842444,0.12127735556282379,782.4524235292781,0.4428562879448388,,COMPLETE
531,0.5228281985355551,2026-07-17 16:29:11.757488,2026-07-17 16:29:11.779769,0 days 00:00:00.022281,-1.0627394315945544,781.7721560536327,439.0944390894247,5.809007211591718,0.2771803236832626,778.9211004194942,0.20032947082693342,1.3731031655179424,779.3472681957481,2.4179325429328338,,COMPLETE
532,0.9260942827878671,2026-07-17 16:29:11.779769,2026-07-17 16:29:11.796145,0 days 00:00:00.016376,0.5797664499637121,778.3350004779006,-297.91520064811255,0.29795167675759054,1.2378171802167925,782.6744853519039,0.9938162531909887,1.3401635663831875,780.499021773279,0.7020264821360909,,COMPLETE
533,0.43367589761585296,2026-07-17 16:29:11.796145,2026-07-17 16:29:11.815752,0 days 00:00:00.019607,-1.1404327679757542,783.8355188813277,529.7042281920251,0.7259467385283669,0.678384362414985,779.9539227662459,1.3163270070779995,0.24845291881082843,782.1814258305953,2.488890762965256,,COMPLETE
534,0.27487708360734936,2026-07-17 16:29:11.815752,2026-07-17 16:29:11.841914,0 days 00:00:00.026162,-1.0387765005677636,781.9949730899634,655.5460794020275,2.1857047519088812,0.5485820632203504,779.8396573579822,1.5631180212760536,0.19760142748883536,780.8587106671376,2.3020979042083654,,COMPLETE
535,0.20128783068993034,2026-07-17 16:29:11.841914,2026-07-17 16:29:11.905439,0 days 00:00:00.063525,0.022557328068394764,780.4505189591274,-92.54630991830642,3.2015847165091738,0.7388757867385303,779.4425181102448,1.2429974257313832,0.4264738664857448,783.6552402499552,0.5562498897772106,,COMPLETE
536,0.6351999191558558,2026-07-17 16:29:11.905439,2026-07-17 16:29:11.928112,0 days 00:00:00.022673,-0.7924588506964978,783.8764978126942,-199.788167994162,5.036638664106962,0.7323280477218722,778.1335727327064,1.2397400300470554,0.0050933783156712695,779.2612569600933,2.8108242747190215,,COMPLETE
537,0.46713510483823,2026-07-17 16:29:11.928112,2026-07-17 16:29:11.946177,0 days 00:00:00.018065,-0.8008111473693813,777.1193550409448,126.43356080397115,5.937196626035819,0.23377619280149967,779.4765837772673,1.833377449550182,1.0232944663188235,782.650437082923,2.289311247011947,,COMPLETE
538,0.6634945347862393,2026-07-17 16:29:11.946177,2026-07-17 16:29:11.966240,0 days 00:00:00.020063,0.5571641543320909,779.669222910999,-284.10574302265394,4.080669246908416,1.1938325926456013,780.4780875173674,1.9254622593135218,0.4636670894105616,780.6127534853986,0.898540969011524,,COMPLETE
539,0.16373816344501532,2026-07-17 16:29:11.966240,2026-07-17 16:29:11.985318,0 days 00:00:00.019078,-0.9124290155146835,783.2024340373872,391.13839331466204,4.605787825806688,1.0042377265445481,779.015238778737,0.9006366329276811,0.3682100250658119,782.4449024859944,1.3919532807819979,,COMPLETE
540,0.49075494178798396,2026-07-17 16:29:11.985318,2026-07-17 16:29:12.004432,0 days 00:00:00.019114,-0.7656785001636983,783.0979898772948,438.4192510382118,3.9564324285590833,1.053252323598658,778.4414346609634,0.23839548531201193,0.8054227660962037,783.723630515688,1.4034617706132446,,COMPLETE
541,0.4207856394019298,2026-07-17 16:29:12.004432,2026-07-17 16:29:12.023507,0 days 00:00:00.019075,-0.45230366321453086,778.3638964017556,522.2813138497228,4.321882859323025,0.4804964858581205,780.5657171108472,1.705226498965158,0.41346337515820186,782.1740157246268,2.8547494757464307,,COMPLETE
542,0.582898406488416,2026-07-17 16:29:12.023507,2026-07-17 16:29:12.040672,0 days 00:00:00.017165,0.5207055648420899,783.1316078778401,111.10687698645819,5.706207537961393,0.7166037195020832,782.1581092926513,2.1688081204378746,0.05202524318010515,778.733941969223,2.789089005993342,,COMPLETE
543,0.2662397575793517,2026-07-17 16:29:12.040672,2026-07-17 16:29:12.053716,0 days 00:00:00.013044,0.5127545874302616,780.9014367460143,-287.4863336197075,4.892488075105268,0.9231567181824846,779.3768119597257,0.8839719303078658,0.629335498902913,783.0755998487263,0.4856039381720089,,COMPLETE
544,0.5019920022853955,2026-07-17 16:29:12.053716,2026-07-17 16:29:12.070817,0 days 00:00:00.017101,0.20639701581238534,781.276164199674,188.54649098048372,5.816031885547488,0.9651998965647377,779.2391877443217,1.9365921656875265,0.09194427509968704,780.4503884099196,2.4495641255057494,,COMPLETE
545,0.43374480488299777,2026-07-17 16:29:12.070817,2026-07-17 16:29:12.087712,0 days 00:00:00.016895,-0.2882748059208263,780.1342449523411,-220.3199982243498,7.008320622613317,0.6521363582071255,779.0091545790375,1.4102244030004156,0.41988217194940036,783.6624857828928,0.19760159894302953,,COMPLETE
546,0.7635326925872222,2026-07-17 16:29:12.087712,2026-07-17 16:29:12.106242,0 days 00:00:00.018530,0.09180406028514233,779.2384802272383,83.28674986775977,6.632237537707057,0.8727856604303144,782.1238785303575,1.5747012892129661,0.5261946059407194,782.8851366925654,1.023103505607276,,COMPLETE
547,0.2687528391118134,2026-07-17 16:29:12.106242,2026-07-17 16:29:12.122825,0 days 00:00:00.016583,-0.11735046556275791,781.3456124541782,197.45111333459286,6.218814917417916,0.8820847667867641,778.6094699199352,0.9940253628785846,0.46370909798991505,781.5462649119914,1.1854448956378365,,COMPLETE
548,1.7600770555413632,2026-07-17 16:29:12.122825,2026-07-17 16:29:12.141922,0 days 00:00:00.019097,-0.4080766682010557,780.7936974851735,909.1642080447075,5.790684975126547,0.9404686751044637,780.7787419104206,1.8727468663678561,1.4099900609868454,781.5502161014585,2.7427095377666477,,COMPLETE
549,0.21188930030617964,2026-07-17 16:29:12.141922,2026-07-17 16:29:12.160014,0 days 00:00:00.018092,-1.4041318347303697,783.5908761640253,500.7248098601796,1.2670728763857964,0.9597408666214198,779.205287597597,0.6226693958836128,0.3036044066402276,782.3148780253296,1.1631414230451762,,COMPLETE
550,0.2708868860235346,2026-07-17 16:29:12.160014,2026-07-17 16:29:12.180116,0 days 00:00:00.020102,-0.886361904892178,777.4761115807825,500.80676922412,5.7535166972258205,0.25414018007033556,778.7461506415178,1.030675801905923,0.8888590914602812,780.2187495293462,2.7520296447561265,,COMPLETE
551,0.49655239356415987,2026-07-17 16:29:12.180116,2026-07-17 16:29:12.199869,0 days 00:00:00.019753,-0.31941221980918366,783.5525867593431,339.081601686524,1.214382746332961,0.7423106167705175,779.0031945777108,1.3895927025853203,0.42208042028351656,779.9617382406485,2.5937218335286127,,COMPLETE
552,0.23804255356105639,2026-07-17 16:29:12.199869,2026-07-17 16:29:12.218056,0 days 00:00:00.018187,-0.5639430568376682,782.5957594384703,150.52208886025875,3.4554296021528446,0.8908219969490365,778.5564783086004,1.1555618759758906,0.4605737663647877,781.7621527046912,2.079445008838775,,COMPLETE
553,0.38864074236985013,2026-07-17 16:29:12.218056,2026-07-17 16:29:12.239092,0 days 00:00:00.021036,-0.42816805923179274,780.8569432622559,-42.6045322504602,3.174283172106671,0.6651857193963078,780.4153578128771,1.1154012291063886,0.3027167497490737,783.3171401498142,1.2550741120312605,,COMPLETE
554,0.6030902334029622,2026-07-17 16:29:12.239092,2026-07-17 16:29:12.253155,0 days 00:00:00.014063,0.5694500085128119,782.6710677266509,315.27252123466224,4.669506175286053,0.5281319090319485,777.7294874412662,2.803174046443598,0.16933982205173137,779.8279811484665,2.611034042515037,,COMPLETE
555,0.19626952237259368,2026-07-17 16:29:12.253155,2026-07-17 16:29:12.273536,0 days 00:00:00.020381,-0.9173280732159688,782.8305070718005,611.17426132376,7.780126096724475,0.6492488415504144,779.0889948146126,1.162129477128631,0.24459302584453918,783.3823314819049,1.0768473055680272,,COMPLETE
556,0.2436152944071772,2026-07-17 16:29:12.273536,2026-07-17 16:29:12.293471,0 days 00:00:00.019935,-0.7324538816668462,782.6673088091994,350.0038756328473,2.5801570737436967,0.3362917703801934,778.4642217361754,0.8851236169460462,0.57123584541102,781.0076362891098,0.9696720927146041,,COMPLETE
557,0.28303164790454044,2026-07-17 16:29:12.293471,2026-07-17 16:29:12.314328,0 days 00:00:00.020857,-0.21440042199164683,778.3296915663586,-187.381576604216,5.8709044675108135,1.1564917108315786,778.8252535688448,1.2142714736681488,0.46925587547553205,782.0287184064174,0.360865209759333,,COMPLETE
558,0.15537179766930276,2026-07-17 16:29:12.314328,2026-07-17 16:29:12.332644,0 days 00:00:00.018316,-0.6067653372535522,783.6623654064053,487.8426773003447,4.9965877349461625,0.8626171287168642,779.7438319899578,1.1775167895816063,0.042418195469329456,783.8893780513541,0.628057381122995,,COMPLETE
559,0.8100254914936863,2026-07-17 16:29:12.332644,2026-07-17 16:29:12.352753,0 days 00:00:00.020109,0.38998889074334664,782.8530991573049,878.3395943917071,3.5182836473935764,0.7359760951284802,778.6752361545477,1.3042635312823965,0.13779547269136205,782.0175478875047,0.6698863415709344,,COMPLETE
560,0.4260489620934602,2026-07-17 16:29:12.352753,2026-07-17 16:29:12.372870,0 days 00:00:00.020117,-0.8769120581455543,782.9046238509758,847.0956078180632,3.806433380260277,0.8182758861116342,779.3105364642807,0.8253893324027906,0.6391300120636262,782.8774726188464,0.7120357109733416,,COMPLETE
561,0.4903821088834567,2026-07-17 16:29:12.372870,2026-07-17 16:29:12.395008,0 days 00:00:00.022138,-0.17550650591750616,782.147366763268,356.1362285748986,3.6235086430137797,0.866918847159159,780.0104035874916,2.473496897254507,0.03956335695418732,782.0724765522866,0.3500648267850366,,COMPLETE
562,0.5513701047252664,2026-07-17 16:29:12.395008,2026-07-17 16:29:12.414626,0 days 00:00:00.019618,-1.2033362528034353,783.4486673234458,1088.750492531158,7.10632176322617,0.704985588447725,780.3246476051696,1.9685332067299968,0.25068107851979454,783.6014450933236,1.0220878763746415,,COMPLETE
563,0.5150493596900783,2026-07-17 16:29:12.415638,2026-07-17 16:29:12.433052,0 days 00:00:00.017414,-0.8396200719298719,782.1410267945529,104.22597582178429,7.607561179591491,0.4644436785030749,777.828112613495,1.9561142719226428,0.03507032321301947,781.8609524623696,2.788265602534875,,COMPLETE
564,0.4005233104016677,2026-07-17 16:29:12.433052,2026-07-17 16:29:12.446513,0 days 00:00:00.013461,-0.2858350927282132,782.7690984114298,376.1348230974449,3.4675027026462066,1.2258843550030092,779.3413629064137,1.2894935328078572,0.24014865547318268,783.3697742143844,1.1737164041555181,,COMPLETE
565,0.4783357942451649,2026-07-17 16:29:12.446513,2026-07-17 16:29:12.461959,0 days 00:00:00.015446,-1.2239163336820233,783.5569975260353,430.2175264766778,3.59422707851206,0.7272347469701589,777.7925128904966,1.1943230983334112,0.09397646255849176,783.9294522145276,0.599614187499021,,COMPLETE
566,0.4521995133766727,2026-07-17 16:29:12.461959,2026-07-17 16:29:12.487555,0 days 00:00:00.025596,-0.2789063925385137,781.9774710035031,226.6358789816524,4.667767626699629,0.5457297255393991,777.6353345689521,0.4866860980039517,0.08830928387598191,782.7730043912517,0.7063806070551615,,COMPLETE
567,0.282846791355159,2026-07-17 16:29:12.487555,2026-07-17 16:29:12.503565,0 days 00:00:00.016010,0.6776543123848063,781.0320418617697,-171.72591818564356,5.013354879880825,0.3947019987121013,778.6393569599845,1.672873444921206,0.2934842002771684,778.1789759349303,2.3168999043900396,,COMPLETE
568,0.45382264969186314,2026-07-17 16:29:12.503565,2026-07-17 16:29:12.519238,0 days 00:00:00.015673,0.041932172944991755,778.9021036872716,-1.6566932006579123,2.3097504960116115,0.5483078839802835,776.5425433631532,1.7086821265577625,0.21889833626817626,783.1238872924049,0.6837044614624688,,COMPLETE
569,0.41598247779649766,2026-07-17 16:29:12.519238,2026-07-17 16:29:12.541610,0 days 00:00:00.022372,0.22337059858513653,779.0401712363526,59.45320910210792,1.8086827508021763,0.12315986194327277,780.6628367050113,1.6159776697155785,0.6601475003271855,783.8199450083424,0.25413245327692763,,COMPLETE
570,0.6419742004117002,2026-07-17 16:29:12.541610,2026-07-17 16:29:12.563382,0 days 00:00:00.021772,-0.755321157261861,777.056041446229,-175.17555051057047,6.131978461959533,0.29573548850945275,780.5086341987278,2.1441462463071184,0.31121755101183823,778.6976915588868,2.2281704499451025,,COMPLETE
571,0.3040908355774563,2026-07-17 16:29:12.563382,2026-07-17 16:29:12.583871,0 days 00:00:00.020489,-0.72259212204446,782.8223059222865,379.1290058322909,5.136137759605069,1.2483530949072905,780.2675416847038,1.3202207692742192,0.025972318250521872,781.8992276400928,1.312459012670146,,COMPLETE
572,0.5136117195186359,2026-07-17 16:29:12.583871,2026-07-17 16:29:12.603507,0 days 00:00:00.019636,0.7870809799352735,780.1329719104415,32.138195534124876,2.117298135332975,0.6276623735788093,778.5464805903711,1.3575412222501952,0.33336367073441103,783.1974101801268,0.8720823980018164,,COMPLETE
573,0.38950884963216986,2026-07-17 16:29:12.603507,2026-07-17 16:29:12.622730,0 days 00:00:00.019223,-0.5085798918691872,783.938335169256,455.53568006699265,3.374791699152142,0.6191147442802636,780.6751233145069,1.1472121208765151,0.45092013569544837,782.9323642653269,0.7658595401536654,,COMPLETE
574,0.43688714190680644,2026-07-17 16:29:12.622730,2026-07-17 16:29:12.651890,0 days 00:00:00.029160,-1.1277000205889893,782.9779194903454,447.63047823735315,7.702853303144328,0.6649720587950928,778.7383962931909,0.39456936451579994,0.23269582957491902,782.48222833729,1.1889018156859588,,COMPLETE
575,0.2152703636849394,2026-07-17 16:29:12.651890,2026-07-17 16:29:12.671687,0 days 00:00:00.019797,-0.9296677837059655,778.2728611125742,358.3174230770729,3.9428617232554717,0.4909295909142737,781.5117497311056,2.790400875021383,0.4966698323140105,778.8460530648599,2.511046341645962,,COMPLETE
576,0.7078971168669731,2026-07-17 16:29:12.671687,2026-07-17 16:29:12.702795,0 days 00:00:00.031108,-0.16423589609619182,780.5997108749581,-243.60311638259566,0.38723885784671214,1.3841256017905756,777.6699290281509,1.0494254890811816,0.6484875899572283,778.7849845519626,1.3921434464480635,,COMPLETE
577,0.4715749587794917,2026-07-17 16:29:12.702795,2026-07-17 16:29:12.723004,0 days 00:00:00.020209,-0.4690726762554419,777.466121601247,-0.7148926867873087,2.2178639661067083,0.6121470888395406,780.0312406479986,1.1126481699656783,0.7410769460686826,783.3358614107138,0.8944625073914336,,COMPLETE
578,0.47203637885747834,2026-07-17 16:29:12.724015,2026-07-17 16:29:12.741603,0 days 00:00:00.017588,-0.7957830425717503,783.4917439836846,-99.06557146588169,2.2462504342269507,1.2869172335977115,780.3815091631063,0.6761191611158797,0.5451223665306753,781.7285383932134,0.18204107070906472,,COMPLETE
579,0.43166081146082824,2026-07-17 16:29:12.741603,2026-07-17 16:29:12.762602,0 days 00:00:00.020999,-1.4913607831488798,782.3622101894258,771.8950770269219,6.387671456473138,0.41841912825409766,778.099834288032,0.8892977859293552,0.4788796930035877,783.5419663046083,0.9351063315603197,,COMPLETE
580,1000.0043230980368,2026-07-17 16:29:12.762602,2026-07-17 16:29:12.783008,0 days 00:00:00.020406,-0.25699666243731917,781.7973332286822,-222.59588982218486,6.135564575224959,0.871104918752096,780.1858616592464,2.71743908583518,0.11821866107964035,780.2517091847558,2.1918443382156605,,COMPLETE
581,0.3108709910941433,2026-07-17 16:29:12.783008,2026-07-17 16:29:12.803690,0 days 00:00:00.020682,-0.9378600708212955,783.789599222669,569.5964662055738,6.115117910976536,0.7043771016050837,778.4644957324988,0.9152172515546528,0.011684316175643535,783.2089177311265,2.957533324605321,,COMPLETE
582,0.19891629422765564,2026-07-17 16:29:12.803690,2026-07-17 16:29:12.823719,0 days 00:00:00.020029,-0.7524264519839444,782.4992561927692,-145.83838818123917,1.5644795832971283,1.1449042305977986,780.2440861300071,2.048051507670792,0.18578333639949945,782.1183172453484,0.16248963320691734,,COMPLETE
583,0.3387575082153437,2026-07-17 16:29:12.823719,2026-07-17 16:29:12.845141,0 days 00:00:00.021422,-0.10834969735651512,780.0802268230434,3.1265206514644035,0.6910818102564199,0.7709587922157697,780.2189733706448,2.0578676202235457,0.6141889432951799,783.7360857913976,0.892528548987223,,COMPLETE
584,0.5275866471495226,2026-07-17 16:29:12.845141,2026-07-17 16:29:12.862523,0 days 00:00:00.017382,-0.49088856861702784,783.8483799897058,-194.64306553343556,2.3153356083030316,1.2315581325055656,782.3855191438502,2.6859539510780728,0.12178033856226934,781.8478246527146,0.2824891092100589,,COMPLETE
585,0.3440951181971066,2026-07-17 16:29:12.862523,2026-07-17 16:29:12.879104,0 days 00:00:00.016581,-1.403385316050417,783.5646103518778,184.44288348454285,0.5205336406662322,0.9084150400130581,779.5740975975751,1.9436994041016187,0.16072489835084997,782.4628838630246,0.1454010948423754,,COMPLETE
586,0.6988124014805128,2026-07-17 16:29:12.879104,2026-07-17 16:29:12.901203,0 days 00:00:00.022099,-0.277320255438795,781.264510548773,790.1228551325864,5.759533838040897,0.6462397856886918,781.5008553037785,0.7639197477606359,0.4217544972946444,782.294280871855,1.4516761844063701,,COMPLETE
587,0.38573480601318394,2026-07-17 16:29:12.901203,2026-07-17 16:29:12.919810,0 days 00:00:00.018607,-1.163320661774301,783.3785959986599,-150.33666679214843,1.03061064146916,1.3315763022786344,780.4645616749367,2.6788613125363328,0.043019842138925624,783.565901844543,0.34266245806439355,,COMPLETE
588,0.3888145757469398,2026-07-17 16:29:12.919810,2026-07-17 16:29:12.942161,0 days 00:00:00.022351,-1.0833862497389828,777.6470379443285,-200.0506498447588,2.2354527354063953,0.27132675455271793,779.0341763782967,2.9030156891071472,1.4743456700558486,779.5416477341993,2.13482575836001,,COMPLETE
589,0.6807212654136527,2026-07-17 16:29:12.942161,2026-07-17 16:29:12.962964,0 days 00:00:00.020803,-0.006514461823271131,779.228572755229,-253.9595602897129,1.0069051558624937,1.4762381864329088,780.8917904257319,1.2314919670434716,0.6395918601352679,782.2068367046163,0.8279738612100047,,COMPLETE
590,0.3526372228295764,2026-07-17 16:29:12.962964,2026-07-17 16:29:12.982218,0 days 00:00:00.019254,-0.4427522011382591,778.7126446783975,92.07012265876605,6.224652207091115,0.5248423740900036,781.8199038911844,2.6831464500270847,0.6620227723059718,780.0053099402792,2.3197671603056564,,COMPLETE
591,0.8378751507760462,2026-07-17 16:29:12.982218,2026-07-17 16:29:13.001226,0 days 00:00:00.019008,0.287506210700031,777.985472031276,391.7282939760563,6.398724776647803,1.02462557184329,779.2703760702216,2.3291827161265046,0.33327134457758045,781.857646620278,0.36946576816996046,,COMPLETE
592,0.2822099681036422,2026-07-17 16:29:13.001226,2026-07-17 16:29:13.019744,0 days 00:00:00.018518,0.4613573477825228,780.0976338242034,-102.48131587435469,0.9932640156507496,0.792180836026648,779.3385857835117,1.3989416712941982,0.5276845175646592,780.9051464526913,0.31257414594798527,,COMPLETE
593,0.44341368978449924,2026-07-17 16:29:13.019744,2026-07-17 16:29:13.036742,0 days 00:00:00.016998,-1.4664733049247998,776.817589539731,845.2850359718618,4.895856795761528,0.12548998802363132,778.1905641313009,0.44556093634489913,0.5682780466117743,781.9613795018524,2.253809711701373,,COMPLETE
594,0.5227347644201853,2026-07-17 16:29:13.036742,2026-07-17 16:29:13.056442,0 days 00:00:00.019700,-0.5453575460663711,782.2942344836101,379.5146481451179,5.06505596956326,1.1296605451611823,778.2403310802147,2.035762412186549,0.07277312987380243,783.7663859662593,2.921415721936364,,COMPLETE
595,0.25161746107984145,2026-07-17 16:29:13.057454,2026-07-17 16:29:13.075468,0 days 00:00:00.018014,-0.43782412356379674,783.9879050996623,611.4463152286411,2.556772665301185,0.9473402441443082,779.501696455029,0.6384163718446805,0.02805539587125923,782.6903090330976,0.43082174826669317,,COMPLETE
596,0.4633444876569974,2026-07-17 16:29:13.075468,2026-07-17 16:29:13.098580,0 days 00:00:00.023112,0.5713751592101783,783.2259508597241,-307.4449930946739,0.22209803846299483,1.165386225467572,783.9686924906326,0.21307159350872373,0.8682376717740261,779.4071128013875,0.8856681795442969,,COMPLETE
597,1.2433196775161792,2026-07-17 16:29:13.098580,2026-07-17 16:29:13.119348,0 days 00:00:00.020768,1.109350560744791,778.7803200211828,686.7437554098982,0.21438644858763167,1.130174912012012,778.812515287337,0.7304495964806443,0.12998202418938876,780.8695269493059,0.216498148745504,,COMPLETE
598,0.392331095717153,2026-07-17 16:29:13.119348,2026-07-17 16:29:13.131348,0 days 00:00:00.012000,-0.5147505623856091,782.4646795327576,-143.84768380418828,0.6648762856522803,1.2665502732356433,778.7191612081679,1.7470886489520432,0.14960160456866034,781.8375904925689,0.12561195847873924,,COMPLETE
599,0.3215425391915246,2026-07-17 16:29:13.132351,2026-07-17 16:29:13.151346,0 days 00:00:00.018995,-0.6383324803979473,783.4983961202819,782.8558066871075,5.406861165764508,0.11748710350848501,778.5745691288632,1.8407370543956496,0.0050170033167591666,782.3233740464291,1.377748489911255,,COMPLETE
600,0.4288680838590659,2026-07-17 16:29:13.151346,2026-07-17 16:29:13.173348,0 days 00:00:00.022002,-0.40505237427615415,783.6655609621876,581.7678585888382,4.298510380499919,1.1243561580103718,778.9587507801684,0.901103171293264,0.3275108963045597,781.3679528703191,1.2110897776270488,,COMPLETE
601,0.5251688425381371,2026-07-17 16:29:13.173348,2026-07-17 16:29:13.192663,0 days 00:00:00.019315,-1.1621893268147592,783.1892259852056,161.00051433561165,1.4820676251228961,0.8708358021160304,782.4038388809929,1.3703085155641408,0.725464736547585,783.2623631390547,0.38436475620150334,,COMPLETE
602,0.1782129257130563,2026-07-17 16:29:13.192663,2026-07-17 16:29:13.214193,0 days 00:00:00.021530,-0.17091692826401533,777.4801063137189,-259.44567085486227,4.888186571146449,0.6374118901498276,780.5126836701724,2.624075074641111,0.3227244688991901,779.1861402778801,1.6753369004386125,,COMPLETE
603,0.2621435757879186,2026-07-17 16:29:13.214193,2026-07-17 16:29:13.235709,0 days 00:00:00.021516,-0.19370824497484773,776.5179227568518,-41.45050004341283,3.6253954826806503,0.402013376255046,778.9949065081828,2.8257955788519467,0.23563471220380322,780.698803126879,1.680395103493797,,COMPLETE
604,0.39385984026070575,2026-07-17 16:29:13.235709,2026-07-17 16:29:13.256057,0 days 00:00:00.020348,-0.7057474948023396,783.3963734504619,607.6858688138561,5.072133935877004,0.8227725190541881,779.8545259659757,1.4488043255248824,0.39383151092367535,783.3253152504906,1.3242991328258522,,COMPLETE
605,0.6848412496464078,2026-07-17 16:29:13.256057,2026-07-17 16:29:13.271596,0 days 00:00:00.015539,0.20078834119917188,777.5118742362503,116.79246027170211,4.528111476366735,0.9822344120748652,781.4242190941012,2.93004249588771,0.09872420206361848,778.6115741255655,1.1002113076882551,,COMPLETE
606,0.2213507949009221,2026-07-17 16:29:13.271596,2026-07-17 16:29:13.282651,0 days 00:00:00.011055,-0.8180332684476652,783.1208052951557,170.84957612970845,0.3589869636762061,1.0146894876247392,779.3497950433278,1.3519879193911968,0.8794599220525885,783.4970298664672,0.3639908597577248,,COMPLETE
607,0.35481309528578664,2026-07-17 16:29:13.282651,2026-07-17 16:29:13.303568,0 days 00:00:00.020917,-0.33917572231771304,778.2589938316402,-159.12895621707818,3.4650779502604476,0.19605299564217377,782.1973789707062,2.7972882181151344,1.2785311098740877,779.3698612360485,2.602851297977727,,COMPLETE
608,0.41474870828627863,2026-07-17 16:29:13.303568,2026-07-17 16:29:13.326063,0 days 00:00:00.022495,0.027545352586642306,781.2960518619478,-200.0305556566658,2.445768410363491,1.000032300686628,777.8802816501876,1.5779784409524928,0.6805619389311899,782.388848251469,0.9235067934149195,,COMPLETE
609,0.368164038783577,2026-07-17 16:29:13.326063,2026-07-17 16:29:13.350128,0 days 00:00:00.024065,0.17091486526070265,780.0483813477164,-4.84787075372491,3.2774636342309047,0.8555612810667708,780.6287673548403,1.8086870035906566,0.11802551512326115,783.148141906742,0.634383554214925,,COMPLETE
610,0.49684349000175426,2026-07-17 16:29:13.350128,2026-07-17 16:29:13.370369,0 days 00:00:00.020241,0.1698872081317508,776.2685716299079,-223.49619827347087,2.814721876967555,0.8474952380689181,781.3166453459149,1.9534371972915037,0.7064007951670366,780.2720664406459,0.9048533682729392,,COMPLETE
611,0.8770092706978485,2026-07-17 16:29:13.370369,2026-07-17 16:29:13.386031,0 days 00:00:00.015662,-0.012359767625757745,776.2756942379132,802.2849973333322,2.082544329808863,0.10619661749321585,780.7259009636596,1.4542150969702554,0.7522517224879852,781.4032228860566,2.4891263152191105,,COMPLETE
612,0.4110641977306753,2026-07-17 16:29:13.386031,2026-07-17 16:29:13.396503,0 days 00:00:00.010472,-0.01895967320985517,776.5375724636879,-259.0291799198765,4.352133561931431,0.7679770363166206,782.2361294211743,2.2822459984300467,0.17577688242575407,778.9675483875585,1.6101274550112674,,COMPLETE
613,0.4522723194667576,2026-07-17 16:29:13.396503,2026-07-17 16:29:13.421365,0 days 00:00:00.024862,-0.5120410904391269,780.1191146321191,220.07331260132753,6.4645847575975415,0.4927338774232678,782.5701398708435,1.6989229439782094,0.07035747627011266,779.3907754238911,2.4384063471020516,,COMPLETE
614,0.44498632225297124,2026-07-17 16:29:13.421365,2026-07-17 16:29:13.436890,0 days 00:00:00.015525,-0.6935228500679615,783.6370621296506,314.00049269007945,1.9896240778008387,0.5286428833652497,776.4546994594092,1.3295944566894558,0.03949586997121025,780.0180859844859,2.4221474883145064,,COMPLETE
615,0.19919180921060628,2026-07-17 16:29:13.436890,2026-07-17 16:29:13.459598,0 days 00:00:00.022708,-0.927307238242553,783.5963551919532,175.81151145783602,1.652039118820187,0.5572689807208389,780.2539753038673,1.524837040912861,0.061422653084763114,782.1642827994833,2.8043339088815347,,COMPLETE
616,0.4137033119292618,2026-07-17 16:29:13.459598,2026-07-17 16:29:13.478086,0 days 00:00:00.018488,-0.3650993998208538,783.9084665782061,-124.33515204492195,1.8512059362509699,0.41319458797935926,781.9230620844689,1.9298975748617118,0.1961678999136085,782.1012595133187,2.892295989637368,,COMPLETE
617,0.2719058734893733,2026-07-17 16:29:13.478086,2026-07-17 16:29:13.558884,0 days 00:00:00.080798,-0.8429200330588698,783.7447902019233,620.2516453691858,5.218071344579847,1.0315187601194518,779.6350010500576,1.2534430370053309,0.013343158499398523,778.0623469022464,2.589415934716105,,COMPLETE
618,0.49739015040856865,2026-07-17 16:29:13.558884,2026-07-17 16:29:13.576244,0 days 00:00:00.017360,-1.1134169231491162,782.9792420247721,160.50197852737375,1.771199558082395,0.34260602806306906,781.1474996509298,0.8111415209923595,0.02209348284102062,782.3481763491391,2.0125610093833637,,COMPLETE
619,0.3297234874097215,2026-07-17 16:29:13.576244,2026-07-17 16:29:13.598394,0 days 00:00:00.022150,-1.183168614894941,782.1116072223241,243.46900282163247,0.774547956979226,0.4849827123793973,781.5263917174515,1.7794864208546737,0.03800316282981511,781.3712443846184,2.468535431785062,,COMPLETE
620,1.1309247208360043,2026-07-17 16:29:13.598394,2026-07-17 16:29:13.620584,0 days 00:00:00.022190,-0.3116587234985594,776.8001092598469,1075.3290853878098,0.15228296745249248,1.204145491918907,776.247043477304,2.667736803353188,0.6049847957891312,781.1188986446458,1.7238439110680965,,COMPLETE
621,0.38795226729341026,2026-07-17 16:29:13.621751,2026-07-17 16:29:13.642205,0 days 00:00:00.020454,-0.2202082593029123,779.1584902817622,-215.31029637889125,3.8133481831654588,0.4265139981516672,780.5903686240732,2.4222834992138487,0.16398676661510378,778.5480165118829,1.2959766588782018,,COMPLETE
622,0.24702765783894515,2026-07-17 16:29:13.642205,2026-07-17 16:29:13.665327,0 days 00:00:00.023122,-0.5484057817242916,782.7327526092804,152.1701663590128,2.4293911450346664,0.6467282254899103,778.8228412794605,1.5998850434580412,0.03301099492538818,782.6162745277304,2.604395927387028,,COMPLETE
623,0.32735530226529563,2026-07-17 16:29:13.665327,2026-07-17 16:29:13.687449,0 days 00:00:00.022122,-0.550726392357293,777.4196833675827,71.43839529961403,0.8442063955909184,1.0250857032872611,778.6208914461132,0.33836611263775895,0.8266853165595072,780.041710672584,1.6524309499087224,,COMPLETE
624,0.4522021107792172,2026-07-17 16:29:13.689457,2026-07-17 16:29:13.707810,0 days 00:00:00.018353,-0.738022744794665,783.9790774894566,635.5414964965317,7.397215707958159,0.8089227919544564,778.8538383684863,1.262213084661144,0.34684985350931496,780.1851165537124,2.471633070685212,,COMPLETE
625,0.3304767582066513,2026-07-17 16:29:13.707810,2026-07-17 16:29:13.728168,0 days 00:00:00.020358,-0.7073020240586667,783.4497234387763,251.29936443556713,1.4817244477075124,0.6870796433443581,780.4820839100341,0.7570318378613216,0.4483521018280698,782.0945779086763,2.737181153100755,,COMPLETE
626,0.1564094689420748,2026-07-17 16:29:13.728168,2026-07-17 16:29:13.746264,0 days 00:00:00.018096,-1.0165480455406861,783.8773048082202,-34.552364830167164,1.181230678712408,0.6966435703181036,779.609237720114,1.257414016912651,0.19589080277457954,781.2590980576547,2.8369638380796856,,COMPLETE
627,0.42348296888539755,2026-07-17 16:29:13.746264,2026-07-17 16:29:13.763797,0 days 00:00:00.017533,-0.9136256123898532,783.7512355691067,-53.20437503918566,2.246954434362131,0.6104950869506843,779.4923907140693,0.8849513088714384,0.046151152081906247,781.9971569993643,2.7232222908942902,,COMPLETE
628,0.5915769335912116,2026-07-17 16:29:13.763797,2026-07-17 16:29:13.781908,0 days 00:00:00.018111,-0.927744438454847,781.062252881462,58.93363582121425,1.2387707806487092,0.20054135268767492,781.2321735594445,1.0922597464690789,0.14865235770928797,782.1602348390263,2.89211224514864,,COMPLETE
629,0.1930776482528705,2026-07-17 16:29:13.781908,2026-07-17 16:29:13.797542,0 days 00:00:00.015634,-1.1299969928118707,778.3086411486722,195.97400892997646,6.808244815781701,0.6168604719217519,779.4884360358446,2.078948299458495,0.8262445146570396,780.2648369500217,2.5755266714652514,,COMPLETE
630,0.7220440081579884,2026-07-17 16:29:13.797542,2026-07-17 16:29:13.817326,0 days 00:00:00.019784,-1.3114717294486653,779.0889297672682,380.8594253964335,2.8208933188015792,0.9042408039652101,779.9629178272197,2.864225743203805,1.2560718463100549,782.1205895998058,2.7002500014230617,,COMPLETE
631,0.6254179822731923,2026-07-17 16:29:13.817326,2026-07-17 16:29:13.832839,0 days 00:00:00.015513,-1.3034745569872048,783.3065719408612,-57.81313308398204,0.4583546026755322,0.8642669281856397,777.2780983924745,0.9500632681310224,0.023787113875026633,781.4423737072032,2.3736288131536756,,COMPLETE
632,0.22023816543120497,2026-07-17 16:29:13.832839,2026-07-17 16:29:13.853571,0 days 00:00:00.020732,-0.8142314554366056,782.3687348427013,109.96104563460472,2.463187850355428,0.7855634921421081,780.4965002706829,1.6168752216306206,0.05229862465836869,780.1596741827027,2.509188530074163,,COMPLETE
633,0.551175610040504,2026-07-17 16:29:13.853571,2026-07-17 16:29:13.877864,0 days 00:00:00.024293,-0.16354897573104576,781.88701555277,39.83229809855703,0.7506289947407188,1.1021394898131989,780.2476347843722,2.4661047031979955,0.5173586462142006,781.7857000811423,0.4955682614575224,,COMPLETE
634,0.2789266072216477,2026-07-17 16:29:13.877864,2026-07-17 16:29:13.899556,0 days 00:00:00.021692,-1.3877974279476395,783.5966446795209,407.3208221379477,6.532147603530124,0.7156865922204294,778.910608781257,1.5004159705976252,0.12316148435794795,782.3225854172028,1.7999162657891905,,COMPLETE
635,0.21848578678438363,2026-07-17 16:29:13.899556,2026-07-17 16:29:13.919689,0 days 00:00:00.020133,-0.9129947084659538,779.2597833442526,289.3071075825297,7.041500431845571,0.21451154942561546,779.3434743981376,2.7024090681701827,0.8807106181992401,780.6636716587154,2.1009827460270993,,COMPLETE
636,0.30497747149793686,2026-07-17 16:29:13.919689,2026-07-17 16:29:13.942442,0 days 00:00:00.022753,-0.7348481798828079,783.8691250633183,215.26497808874652,0.7683961041372797,0.6585678875120202,780.3405490024898,1.6150148202122148,0.19753888625284713,781.0949265457579,2.982457067284087,,COMPLETE
637,0.26505351570324737,2026-07-17 16:29:13.942442,2026-07-17 16:29:13.961463,0 days 00:00:00.019021,-0.2895882942806155,776.7464309417139,-204.7035556476774,4.523921924192094,0.8490569118326055,779.7715312333834,2.457333340368501,0.5376530710085187,778.9921874131719,2.385133503983905,,COMPLETE
638,0.2155616189929327,2026-07-17 16:29:13.961463,2026-07-17 16:29:13.982527,0 days 00:00:00.021064,-0.42907762128165583,783.9938319537177,-225.43903886106906,1.4387425588044518,0.5310980808998615,779.8597663411039,1.5618066454081925,0.34555855560585036,780.9014890827324,2.0930239230892433,,COMPLETE
639,0.21399420055636328,2026-07-17 16:29:13.982527,2026-07-17 16:29:14.000047,0 days 00:00:00.017520,-1.1109022504580537,783.4622405236678,355.384142336803,4.217605958911778,0.4778880257223765,779.4635950950651,1.5172288298699472,0.14085767871449295,780.8417867927404,2.744122933700341,,COMPLETE
640,0.4461573680198348,2026-07-17 16:29:14.000047,2026-07-17 16:29:14.008317,0 days 00:00:00.008270,-0.5784963475652447,776.6551426909317,610.7601126600318,7.669780861278956,0.03537471685758514,780.0515045039274,2.2418734312081456,0.6935675328110298,782.2223227589388,2.904916725350978,,COMPLETE
641,0.6439388089227064,2026-07-17 16:29:14.008317,2026-07-17 16:29:14.024204,0 days 00:00:00.015887,0.13554330610569232,777.5562492742653,47.55173372900606,4.590659958739686,0.8596119424995112,779.7156966672612,2.831461549385892,0.478059590270702,779.1949459504767,1.6684962221628388,,COMPLETE
642,0.6727170047973193,2026-07-17 16:29:14.024204,2026-07-17 16:29:14.048809,0 days 00:00:00.024605,0.3028280623310823,783.5649120457409,78.33486821725896,7.893630858059793,1.2473679603468,776.6516190232115,1.3175242077320104,1.04110557883527,781.1419179159691,0.29012719626464256,,COMPLETE
643,1.141495501641307,2026-07-17 16:29:14.048809,2026-07-17 16:29:14.071951,0 days 00:00:00.023142,1.452304956125558,777.4919712631818,-272.08908797731704,0.976366125322452,0.3806348375447862,776.1114084913204,0.7576548315051571,1.0260657863933345,778.2197060435085,1.8393997380175802,,COMPLETE
644,0.3291597475180019,2026-07-17 16:29:14.071951,2026-07-17 16:29:14.090210,0 days 00:00:00.018259,-0.5470098343042324,776.2668225884316,40.219795884140154,0.7591044130872415,0.4765508759228441,779.8226936254362,2.885389309010738,0.6429760760983835,780.6313796095591,1.2891176241647568,,COMPLETE
645,0.6877967298482596,2026-07-17 16:29:14.090210,2026-07-17 16:29:14.110496,0 days 00:00:00.020286,-0.4028435066204103,783.6013652281592,766.4704270310051,5.6269179551892075,0.9046869346253408,782.4214734646358,0.9452915884695667,0.23271310580772028,783.9626850572072,0.5390477002285406,,COMPLETE
646,0.2926042747416352,2026-07-17 16:29:14.110496,2026-07-17 16:29:14.131319,0 days 00:00:00.020823,-0.46677667316744165,782.4275349244293,433.2033240035021,7.83880968147638,0.6056342276318221,780.4375561640687,0.8918078215277634,0.2629931176594322,783.734545423579,1.1351790580163221,,COMPLETE
647,0.3398841442398659,2026-07-17 16:29:14.131319,2026-07-17 16:29:14.153908,0 days 00:00:00.022589,-1.1551478889221747,783.6782747151965,-280.889433746607,0.987631151297988,0.8534445130575956,780.4007971718696,1.0487096491963768,0.3800342610044539,781.1457883398136,2.752142236078388,,COMPLETE
648,0.368836213211534,2026-07-17 16:29:14.153908,2026-07-17 16:29:14.174125,0 days 00:00:00.020217,-0.9951570727110786,783.644045316877,-260.91001790072676,1.4516930149471379,1.2542968296130121,778.9258589988016,1.4972374559130097,0.39420058908696587,783.7317515473852,0.12934277948499914,,COMPLETE
649,0.2678302402989151,2026-07-17 16:29:14.174125,2026-07-17 16:29:14.192491,0 days 00:00:00.018366,-0.6061830018012121,781.0291478920011,-130.33876146602526,1.6482511708284597,1.1853781066577238,780.0210253429735,2.5751107952250636,0.3760324789367483,781.0904054273628,0.2797174383966315,,COMPLETE
650,0.4383221196595943,2026-07-17 16:29:14.192491,2026-07-17 16:29:14.212663,0 days 00:00:00.020172,-0.3691619538036593,782.0831814788277,-268.3672496280605,4.566428117006019,1.3644424480254018,780.9742855155652,1.5466035201487194,0.6157962516834576,783.7767204064822,0.13260684374031445,,COMPLETE
651,1000.0067779808139,2026-07-17 16:29:14.212663,2026-07-17 16:29:14.234799,0 days 00:00:00.022136,-0.8829394459186897,779.5125000190409,171.45566969527846,0.8438954253711382,1.0036521118454336,780.0740231973987,0.896414444557194,0.8019120721493578,780.120477148969,2.0637045586139995,,COMPLETE
652,1.6045538788818232,2026-07-17 16:29:14.234799,2026-07-17 16:29:14.256923,0 days 00:00:00.022124,0.457326716822229,783.775572970256,1249.2347278387974,0.15083425122972607,1.2783733991432806,781.926972861195,2.8869884344611005,0.019718334104404822,780.796562822908,2.110896258725731,,COMPLETE
653,0.29605535603125577,2026-07-17 16:29:14.256923,2026-07-17 16:29:14.277038,0 days 00:00:00.020115,-1.0510150343543903,776.7073241672636,87.4586758515042,5.864537997344145,0.9145282222139919,779.8172327335244,1.8975382963875758,0.7641652328175527,778.350803964638,2.6738444276208564,,COMPLETE
654,0.18082224911179764,2026-07-17 16:29:14.278048,2026-07-17 16:29:14.298170,0 days 00:00:00.020122,-1.4208441329168293,783.8488994190383,396.2821566845985,3.641507876933164,0.961606172124665,780.1042644536737,1.2141419737363814,0.05547417407411133,781.3137431404328,2.7479204156279775,,COMPLETE
655,0.3257963539593858,2026-07-17 16:29:14.298170,2026-07-17 16:29:14.314571,0 days 00:00:00.016401,-1.0640598178799532,782.5699871393551,206.42430115164095,6.2951980744142295,1.250009883501698,779.7794803807994,0.7515560860362251,0.09449501882902092,780.8997918595946,2.8065267501997586,,COMPLETE
656,0.6894699401658604,2026-07-17 16:29:14.314571,2026-07-17 16:29:14.324514,0 days 00:00:00.009943,-0.32109323685442026,783.4832940733139,-204.12779572181154,5.961001286047386,1.2785111261791022,777.0506309752137,0.5350989170030542,0.4022297503588812,782.5664595623482,1.2207856034348663,,COMPLETE
657,1.1375407707671343,2026-07-17 16:29:14.324514,2026-07-17 16:29:14.351707,0 days 00:00:00.027193,-1.1472325584237915,778.1763200903514,-76.00006127562258,0.32748123179522504,0.5130135489849833,779.3525735102984,2.0258925473041973,0.8808918305247586,777.4806894140547,0.7366957527083065,,COMPLETE
658,0.28460367034212913,2026-07-17 16:29:14.351707,2026-07-17 16:29:14.370171,0 days 00:00:00.018464,-1.4636734618833378,780.1278305215031,348.0697691985937,4.572608724153356,0.6872635539919556,781.8436206588085,1.8249261181511056,0.6642676509358623,780.1839718926406,2.209350884628955,,COMPLETE
659,0.24277954508509703,2026-07-17 16:29:14.370171,2026-07-17 16:29:14.387198,0 days 00:00:00.017027,-1.4060453032433384,780.9743931595713,95.32128547425805,1.1627993030787085,1.0606174992588566,781.1939292710339,2.3584159817115427,0.6200129889751551,782.9270806751906,0.43592350647248834,,COMPLETE
660,1.129609058866081,2026-07-17 16:29:14.387198,2026-07-17 16:29:14.408338,0 days 00:00:00.021140,-0.33668402370603034,776.357584154589,830.1028912755473,1.0913062933033901,0.409510187812474,779.6445732866504,2.8427370834029952,1.1798948578956592,778.2794081283246,2.68043181041065,,COMPLETE
661,0.2966368841154849,2026-07-17 16:29:14.408338,2026-07-17 16:29:14.424822,0 days 00:00:00.016484,0.03417192217607856,783.3890916311382,61.32377886708643,2.46219266154548,0.9853247652860031,780.0786030315172,0.58988411977099,0.43875545354070333,782.3741855665966,0.4118441638957837,,COMPLETE
662,1.0281050442684874,2026-07-17 16:29:14.424822,2026-07-17 16:29:14.439293,0 days 00:00:00.014471,0.8697522462983421,777.2764474821093,458.4154286332896,0.1465811611991693,0.12381007955622314,783.2726740468337,2.2218673551306605,0.9294302326187109,779.1810702831222,0.6622281945076703,,COMPLETE
663,0.3524456785395618,2026-07-17 16:29:14.439293,2026-07-17 16:29:14.455747,0 days 00:00:00.016454,-0.9149580228111364,778.5328767995122,235.58425344251538,5.199291186117944,0.7173536912460705,780.1735993429543,1.7709119392394508,0.8599899598522159,780.5648747548615,2.414766510429565,,COMPLETE
664,0.8216398827666597,2026-07-17 16:29:14.455747,2026-07-17 16:29:14.477759,0 days 00:00:00.022012,-1.1524379981872777,776.3846704855531,490.84366638715494,0.7651880651795837,0.18319970230815494,780.0186454050164,2.3631047112255077,0.6551972603621113,777.2409625852725,1.702563271526696,,COMPLETE
665,0.8635592151126412,2026-07-17 16:29:14.477759,2026-07-17 16:29:14.495531,0 days 00:00:00.017772,-1.3593275372649296,782.4134577158675,807.0229049189102,2.8987646228831285,1.1822180733191858,782.6088243234074,0.8957872990847822,0.7791147514085476,780.8001197204158,2.6635393932336937,,COMPLETE
666,0.25305366193577267,2026-07-17 16:29:14.495531,2026-07-17 16:29:14.520204,0 days 00:00:00.024673,-0.8800774630279204,781.604837969375,714.4965282493313,6.109966382726726,0.5625881069350506,778.7853763339809,1.3610679759757527,0.08320295245964426,782.9462767625762,0.7417299768552713,,COMPLETE
667,0.3011514447572979,2026-07-17 16:29:14.520204,2026-07-17 16:29:14.541578,0 days 00:00:00.021374,-1.431172814681185,783.7835548404131,673.8116554748796,2.883370139103683,0.951700472719405,779.623613550869,1.2433086262528357,0.0903768508640409,782.0364179639799,2.6699809427546186,,COMPLETE
668,0.44670357181399506,2026-07-17 16:29:14.541578,2026-07-17 16:29:14.562626,0 days 00:00:00.021048,-1.3298255501511729,782.907632014948,404.80396131244925,5.5488995363936,1.2002485734435928,779.8590172740967,1.6487573903428538,0.4340954460168879,779.9623568310931,2.8060351746687995,,COMPLETE
669,0.36517504109228166,2026-07-17 16:29:14.562626,2026-07-17 16:29:14.582915,0 days 00:00:00.020289,-1.1004925776667276,780.6027345649069,339.8969290692889,5.762858193724975,0.31871565954467146,777.9704326660493,1.8893014870626597,0.8507053848012914,783.6821038602272,2.936943021464038,,COMPLETE
670,0.48134264137297894,2026-07-17 16:29:14.582915,2026-07-17 16:29:14.605663,0 days 00:00:00.022748,-0.6726975839237944,783.2535651504015,525.6449587100951,5.813520712684726,0.9983417707089622,780.6761095176316,1.8877175465711227,0.2424814631073275,783.1601658876536,0.4234633100397176,,COMPLETE
671,0.6477287632692714,2026-07-17 16:29:14.605663,2026-07-17 16:29:14.624037,0 days 00:00:00.018374,-0.8798066096546433,776.3419495980337,-1.2351293659258715,0.8027321478077193,0.4084954137239304,777.5052443319759,2.737085859507128,0.9203792907444249,778.6510040607725,1.713379540363815,,COMPLETE
672,0.6341417122011229,2026-07-17 16:29:14.624037,2026-07-17 16:29:14.645855,0 days 00:00:00.021818,-1.3571156826217072,779.1018636366646,453.6059984875095,7.364081973639121,1.0080198576029737,778.3537620597299,1.9868492767298789,1.2739488530424705,780.874222874181,2.072187732227392,,COMPLETE
673,1000.0122038350387,2026-07-17 16:29:14.645855,2026-07-17 16:29:14.665710,0 days 00:00:00.019855,1.0783765513341064,781.7865681814088,1074.4230620529015,0.4605344475028006,0.5128600098597668,778.8621488089218,1.5852339217441587,0.7057383939007743,778.8657385121161,2.091579112868326,,COMPLETE
674,0.4900902061549519,2026-07-17 16:29:14.665710,2026-07-17 16:29:14.682502,0 days 00:00:00.016792,-0.896043672590747,776.1765788483308,88.32200334906474,3.033512339537557,0.4230530229115679,781.9961081288843,2.815365222688543,1.1433984087074553,781.6919635247036,2.2859512412625387,,COMPLETE
675,0.48954286371087324,2026-07-17 16:29:14.682502,2026-07-17 16:29:14.700808,0 days 00:00:00.018306,-1.200964831643635,783.7341523806662,153.47261825575237,2.6078357569145516,1.1691754248402968,778.2447225612627,0.909413942221025,0.09702347940993794,781.8357192848894,2.2372032403044613,,COMPLETE
676,1000.0030635917133,2026-07-17 16:29:14.700808,2026-07-17 16:29:14.724428,0 days 00:00:00.023620,-1.4057066434723107,776.8096678954444,821.9154235685089,3.598698838904235,0.697843931096646,777.0474826873684,0.879890557786327,0.8693535919609109,777.1232803128335,2.48402929784442,,COMPLETE
677,0.7793006694440625,2026-07-17 16:29:14.724428,2026-07-17 16:29:14.748559,0 days 00:00:00.024131,-1.4144205226916966,781.9042605468454,-161.22812821108917,0.5336697690641488,0.3305787282634829,777.9790677456996,1.8388100380677699,0.1513913110577294,780.8992295323644,2.9677322457253177,,COMPLETE
678,0.2629802908835898,2026-07-17 16:29:14.748559,2026-07-17 16:29:14.766811,0 days 00:00:00.018252,-1.088871246931069,781.1924346363598,22.600961889667076,1.5655293584047465,1.0975886430925392,780.216865507266,1.7069897707944048,0.14846145134345945,783.2713682696535,0.7227824182514987,,COMPLETE
679,0.8464594100187801,2026-07-17 16:29:14.766811,2026-07-17 16:29:14.782084,0 days 00:00:00.015273,-0.3632877354589208,780.4742271940702,807.6377743992185,4.634801849660128,0.6873235684989847,778.9190372549012,2.5605070129980403,0.3586752080707416,780.5733394671408,2.7008634610252598,,COMPLETE
680,1.477915260549922,2026-07-17 16:29:14.782084,2026-07-17 16:29:14.802219,0 days 00:00:00.020135,0.48713110295022455,783.5895766388858,1037.1502499818312,6.869757579219791,1.1357136114991302,776.1368736221954,2.271108526546915,0.6367708325142983,777.5794408759389,1.4911080706523907,,COMPLETE
681,0.49479023146353635,2026-07-17 16:29:14.802219,2026-07-17 16:29:14.812665,0 days 00:00:00.010446,0.14383196510239665,782.2573761265162,307.65848097974197,3.3583378288098467,0.6970293881015576,778.8415865068289,2.223103052752924,0.13866589235030485,777.5709963280431,2.9814978591991417,,COMPLETE
682,0.09646930961896928,2026-07-17 16:29:14.812665,2026-07-17 16:29:14.828351,0 days 00:00:00.015686,-1.0020781039910331,781.2755694902773,640.3577253937141,6.3960547265185195,0.9194606319239922,779.5195406766143,0.899067331186373,0.21076009453526887,783.3155392887671,0.9205297315898929,,COMPLETE
683,0.44028288567615936,2026-07-17 16:29:14.828351,2026-07-17 16:29:14.848948,0 days 00:00:00.020597,-1.3794208704525988,777.5435179330282,372.60250016865075,4.288787757812604,0.0029708729743928575,779.2303593560711,1.3011385919530964,0.8949556599693196,780.9891468289625,2.3025260746205123,,COMPLETE
684,0.4266909373563431,2026-07-17 16:29:14.848948,2026-07-17 16:29:14.872436,0 days 00:00:00.023488,-0.4683097878603224,783.7154473094926,126.93850479682762,5.093567572616997,0.8242497106342297,777.4842308150304,1.5215404372049541,0.20903528963257081,783.8385086907942,2.9492171610544413,,COMPLETE
685,0.4886233123813581,2026-07-17 16:29:14.872436,2026-07-17 16:29:14.893546,0 days 00:00:00.021110,0.6464321360211394,778.2070037295205,-281.10168313268497,6.628610559834425,0.7607906684651573,780.6877600082556,2.1197109686134348,0.25354252836225605,780.9807145136989,1.3009994415405792,,COMPLETE
686,0.34335560810503,2026-07-17 16:29:14.893546,2026-07-17 16:29:14.914798,0 days 00:00:00.021252,-0.954151430472632,783.0685923821532,-116.26799143928044,0.9627263978456816,0.7124829274266511,777.5474707123374,1.6362677319775325,0.5119934006138547,781.3988100618484,2.825705799683443,,COMPLETE
687,0.5765761219153938,2026-07-17 16:29:14.914798,2026-07-17 16:29:14.930355,0 days 00:00:00.015557,-0.4402717311709819,783.9365453151156,275.0879361331541,5.09044209312005,1.0584428116769473,780.8592945945062,1.8399505123267823,0.24027974691510626,781.2173313559517,2.873555143159717,,COMPLETE
688,0.7560799611012977,2026-07-17 16:29:14.930355,2026-07-17 16:29:14.955798,0 days 00:00:00.025443,-0.5692145216788204,783.843869605387,915.2441974615376,0.9894047223104468,0.7921201990171419,780.5663783331028,1.5862334111939767,0.21086052265910066,783.3090252224235,0.4011037788566402,,COMPLETE
689,0.4903964398940182,2026-07-17 16:29:14.955798,2026-07-17 16:29:14.977792,0 days 00:00:00.021994,-0.6334604816229314,776.7858424090779,160.31493325942202,5.454619494735237,0.3276417217173587,779.7121607687965,2.948541385767782,0.567003508799004,776.7986853654004,1.1573251815123657,,COMPLETE
690,1000.0105918412302,2026-07-17 16:29:14.977792,2026-07-17 16:29:15.000935,0 days 00:00:00.023143,-1.0788567146357224,777.792283357269,-85.45423296642619,6.363802827505494,0.5107129720597621,780.3134623609717,2.8571179474837436,0.3714487993221075,780.2971379066901,0.7650729769152237,,COMPLETE
691,0.28160314862216385,2026-07-17 16:29:15.000935,2026-07-17 16:29:15.024328,0 days 00:00:00.023393,0.10697204397307969,778.9788468538653,-216.85242950943848,3.7585693241220715,0.8126595915506994,780.4836445973257,2.7353268821699808,0.0459670626668503,777.2568271654205,2.0914017943120378,,COMPLETE
692,0.5570218579132448,2026-07-17 16:29:15.024328,2026-07-17 16:29:15.048053,0 days 00:00:00.023725,-1.4929309331960419,777.9321950390903,-165.13589021313086,3.2487151354087476,1.0460817054204996,777.7700946745032,2.497826678360955,0.7502944624985292,780.4193723144668,2.8956580348062446,,COMPLETE
693,0.1438450713761482,2026-07-17 16:29:15.048053,2026-07-17 16:29:15.068135,0 days 00:00:00.020082,-0.9632475124089886,782.9265170924748,315.0935326637233,7.697574679297039,0.8689471974507634,779.486179499291,1.8609636596452566,0.030367483843868302,783.1561649585186,2.2843057010569763,,COMPLETE
694,0.3625076943888912,2026-07-17 16:29:15.068135,2026-07-17 16:29:15.088204,0 days 00:00:00.020069,-1.4351699357948937,782.749233262094,424.56602981889966,3.3737143892129455,1.0457058408866289,781.2725065118939,1.3484473074816994,0.08753682523514811,780.5332612896756,2.3251262253796896,,COMPLETE
695,0.20391297257183996,2026-07-17 16:29:15.088204,2026-07-17 16:29:15.112799,0 days 00:00:00.024595,-1.3564596392216302,782.2370747300289,417.114131790956,7.49091461007738,1.2445086502697207,779.961388900548,1.3350454661946063,0.4671808846067618,782.9066391472344,1.4144135818481092,,COMPLETE
696,0.8777896047536693,2026-07-17 16:29:15.112799,2026-07-17 16:29:15.132704,0 days 00:00:00.019905,0.18796058206500071,780.2588001937037,235.68637878728833,7.546097386934108,0.8350238282311362,780.8765682230938,2.0793451245043246,0.5455902875244786,779.8913463168403,2.9364335333575227,,COMPLETE
697,1.5048379802195628,2026-07-17 16:29:15.132704,2026-07-17 16:29:15.156289,0 days 00:00:00.023585,1.2473523173029202,779.1445681448755,923.4486893373148,2.986114692435332,0.6549781149096485,776.6154304641711,1.6896094530118804,1.1809188125451944,781.287011389907,0.34853507900495173,,COMPLETE
698,0.3181146164838252,2026-07-17 16:29:15.158297,2026-07-17 16:29:15.177496,0 days 00:00:00.019199,-1.1159374785766052,781.6483374785856,268.17382523569097,5.394711952629396,0.8826384261696291,778.633361250909,1.4368760615294796,0.2913465649839325,783.9614741256704,1.949597165603519,,COMPLETE
699,0.37539819043229433,2026-07-17 16:29:15.177496,2026-07-17 16:29:15.197616,0 days 00:00:00.020120,-0.3408524607980266,780.8810937880197,42.616452472865554,5.52884573115709,0.6180285933739474,777.8984762775183,1.8066624454451385,0.05285084682036954,779.1275012073964,2.7319012555849493,,COMPLETE
700,0.16409985967349494,2026-07-17 16:29:15.197616,2026-07-17 16:29:15.215154,0 days 00:00:00.017538,-0.5065408577870414,776.9160931842152,48.12435674253706,0.8776154605874924,0.6279314912259923,781.302336232432,1.9336893973691374,0.737548642841981,778.9681350311843,1.333259959880056,,COMPLETE
701,0.7340358581010298,2026-07-17 16:29:15.215154,2026-07-17 16:29:15.238294,0 days 00:00:00.023140,0.035321725100531776,776.6640044689018,512.7011810304351,0.8275735985572195,0.6277311081029227,782.7622531039125,1.3991045282830759,1.3570379915420911,778.612791923035,0.8153188721403922,,COMPLETE
702,0.4970840911659864,2026-07-17 16:29:15.238294,2026-07-17 16:29:15.258457,0 days 00:00:00.020163,-0.8323339352436139,777.3001400236093,724.6109358895018,0.8553368648567733,0.6703592898246019,779.420817029743,1.0181592195133728,1.1051425482575972,781.7963964022603,2.638457325220931,,COMPLETE
703,0.36054655583206746,2026-07-17 16:29:15.258457,2026-07-17 16:29:15.282210,0 days 00:00:00.023753,-0.6128464116327407,776.1260902861691,228.0138227464506,0.8603460489998641,0.7854943011954004,781.7101864074608,1.3654266595990845,0.5878757487637696,779.220501138379,1.0644782621774067,,COMPLETE
704,0.37805824348350664,2026-07-17 16:29:15.282210,2026-07-17 16:29:15.303289,0 days 00:00:00.021079,-0.32188388313018373,777.5166384770524,145.0866591142059,0.45001794128337896,0.6360298284881494,781.5095285635705,2.0739880998019853,0.9416043228242323,779.6373870310167,1.6549507079058563,,COMPLETE
705,0.7336088741543064,2026-07-17 16:29:15.303289,2026-07-17 16:29:15.325904,0 days 00:00:00.022615,0.4334283235150048,783.9076494809401,265.01676246302367,0.25620373581703104,1.059908547323618,781.3544931515302,2.6925066103556166,0.45690755667935995,776.309946732554,0.34378387941176336,,COMPLETE
706,0.286715018839814,2026-07-17 16:29:15.325904,2026-07-17 16:29:15.346907,0 days 00:00:00.021003,-0.8388778542570088,782.6894950891922,483.2779444344937,5.415269450640078,1.2134680154265274,779.4841272700296,0.5556854211941955,0.5768805501561929,780.9732144126351,1.8013377332410336,,COMPLETE
707,0.30503136253874286,2026-07-17 16:29:15.346907,2026-07-17 16:29:15.370908,0 days 00:00:00.024001,-0.019250444875336892,777.6177134176659,-217.2219858419252,0.5923847553730583,0.8830638298185365,781.2802995741148,1.266183096785944,0.6851530765342151,777.7313176592463,1.449413031055556,,COMPLETE
708,1.1169026450978135,2026-07-17 16:29:15.370908,2026-07-17 16:29:15.394918,0 days 00:00:00.024010,-0.8797140751207045,776.3041540278099,-184.8712642205798,0.4030575072978633,0.009410395511817243,782.5254386059506,2.339369059714359,0.659782918145247,777.8645318851856,1.7665950540242863,,COMPLETE
709,0.8950440892508722,2026-07-17 16:29:15.394918,2026-07-17 16:29:15.418897,0 days 00:00:00.023979,-0.0069632491968029415,782.5517750524318,741.5362624227569,0.13866856294166985,1.0398777121486074,777.9671296852101,0.7426651616730819,0.483171528382369,780.3044127819041,2.651634798428358,,COMPLETE
710,0.3439090907533669,2026-07-17 16:29:15.418897,2026-07-17 16:29:15.439727,0 days 00:00:00.020830,-0.45223609356297345,777.9641405785538,39.625560416388055,1.681503805263686,0.306451232143874,783.2980237241851,2.780274712561927,0.6640437002519861,780.950534015003,2.0955247783396787,,COMPLETE
711,0.3204922236017437,2026-07-17 16:29:15.440730,2026-07-17 16:29:15.464730,0 days 00:00:00.024000,-1.0232701342360284,783.8156462766409,229.15617705917902,3.9223187638090153,1.1662486371210758,780.1912857301147,2.168026323782569,0.054502015685973834,783.8880528733453,2.286217183965383,,COMPLETE
712,1.2876584573946916,2026-07-17 16:29:15.464730,2026-07-17 16:29:15.487952,0 days 00:00:00.023222,1.2376244083399786,783.1276900046525,479.8505973158059,0.637464766470895,1.2251960595072178,781.77205412126,2.254511398779809,1.3642984388884893,776.6474638314413,0.44888203596555587,,COMPLETE
713,0.2883607296143304,2026-07-17 16:29:15.487952,2026-07-17 16:29:15.504709,0 days 00:00:00.016757,-1.4125916470018034,780.4643429363376,696.1105393961654,4.605345698018281,0.8834734527747922,779.2583913203705,1.0328692809491815,0.012815168362419211,780.7719991483044,1.2380730388014354,,COMPLETE
714,0.12962820774211278,2026-07-17 16:29:15.504709,2026-07-17 16:29:15.522869,0 days 00:00:00.018160,-0.3060456193000316,776.303824258392,45.66523860888275,0.8417406029796741,0.48490967104249993,781.7210493453264,2.0048203393580795,1.0597795404227441,778.9894319344905,0.903746242364809,,COMPLETE
715,0.3214546094813715,2026-07-17 16:29:15.522869,2026-07-17 16:29:15.545477,0 days 00:00:00.022608,-1.3966653157668727,777.807163334363,555.4724190605003,7.74462220015592,0.358796329247831,777.0033043874532,1.6424545502608963,0.6404834878573602,781.1922880308529,2.6700117277786135,,COMPLETE
716,0.40252038800822404,2026-07-17 16:29:15.545477,2026-07-17 16:29:15.568925,0 days 00:00:00.023448,-0.3157245230838578,782.1202917808605,747.442631687545,4.2438723748765135,1.1815743793225182,780.6452760298711,0.11065377958246336,0.07777954318785171,782.5559958758284,1.4381235041154123,,COMPLETE
717,0.46191807088240183,2026-07-17 16:29:15.568925,2026-07-17 16:29:15.593150,0 days 00:00:00.024225,-0.36872811729199895,776.9910039948311,-248.59077968153548,1.441116908445188,0.6021578924146717,783.2869010782757,2.8500870459794254,1.0890698402762875,780.2885061996772,0.786635174939891,,COMPLETE
718,0.25257288783462906,2026-07-17 16:29:15.593150,2026-07-17 16:29:15.615692,0 days 00:00:00.022542,-0.9556462187337615,780.761602886707,510.60696554785466,6.146773824424085,0.8863231332075396,778.952748115333,0.8829424136117425,0.27702451006379714,783.4128198173659,0.823275007979396,,COMPLETE
719,0.5199519498486703,2026-07-17 16:29:15.616693,2026-07-17 16:29:15.639750,0 days 00:00:00.023057,-1.4681793469326068,782.2560790882978,413.3832142264866,2.4505309283659757,0.844592433810729,778.4931512425381,0.8380493734519134,0.001265376070163797,779.9690158140837,2.6810952351699977,,COMPLETE
720,0.3835198442404003,2026-07-17 16:29:15.639750,2026-07-17 16:29:15.654776,0 days 00:00:00.015026,-0.7978781656042798,782.940018837408,472.0480244267595,3.1495542503735225,0.9939202356491859,779.8274283326052,1.9757453768405153,0.0035624002187635007,781.2495677798673,2.6003727828564744,,COMPLETE
721,0.6218361395459703,2026-07-17 16:29:15.654776,2026-07-17 16:29:15.672839,0 days 00:00:00.018063,-1.066387306271288,779.2123033182463,-284.32190188396373,0.7511289798025786,0.5001887813115901,781.4893211678996,1.783993555127413,0.8607465098638316,779.2728404724413,1.81796998638043,,COMPLETE
722,0.5847681289890667,2026-07-17 16:29:15.672839,2026-07-17 16:29:15.691199,0 days 00:00:00.018360,-0.9391385178861161,776.1828388872698,261.70724818150944,0.8016047191946609,0.47387154790339703,781.9890832212957,2.1660644941910046,0.8757776278775382,780.6003240433082,1.177180287984444,,COMPLETE
723,0.30530006613063804,2026-07-17 16:29:15.691199,2026-07-17 16:29:15.712150,0 days 00:00:00.020951,-1.4641457064229662,779.3437039025564,196.177229723705,4.721636310253863,0.6402811387368792,778.7177471924242,1.4891618915786358,0.659847341235908,781.0063456269814,2.821926979140021,,COMPLETE
724,0.26645308736892304,2026-07-17 16:29:15.712150,2026-07-17 16:29:15.736678,0 days 00:00:00.024528,0.18940293359126595,776.8434268401411,-105.51264283487272,0.6449010136578393,0.2518372953520216,782.1098087460773,2.7350382242732048,0.8785245207532194,779.368968481059,1.3795179598500737,,COMPLETE
725,0.17882707317897117,2026-07-17 16:29:15.736678,2026-07-17 16:29:15.760678,0 days 00:00:00.024000,-0.5896303625907588,781.3406896020833,199.3576736431658,5.574652098105981,0.650802705910616,779.6572016263532,2.0365146033648136,0.04643507816128211,780.8293340326122,2.6307778952196244,,COMPLETE
726,0.6172587868343186,2026-07-17 16:29:15.760678,2026-07-17 16:29:15.784810,0 days 00:00:00.024132,0.08123898381348693,777.4626660110005,97.23395212614722,1.1055357949192384,0.9945801529205511,781.0838418165363,1.8437706251981003,1.1629297028449375,778.7191609088025,0.670231364689261,,COMPLETE
727,0.21360269710997082,2026-07-17 16:29:15.785810,2026-07-17 16:29:15.805343,0 days 00:00:00.019533,-1.0279968217966953,781.0421169275505,279.51572260050074,4.19984467597343,0.9127005539072005,779.4820345495303,1.710128311568401,0.024449516755558058,782.9288586813199,2.6519744448353513,,COMPLETE
728,0.5526545222423701,2026-07-17 16:29:15.805343,2026-07-17 16:29:15.830800,0 days 00:00:00.025457,-0.24870400047510732,777.3244742703479,78.42125406112497,5.38966420857096,0.6119908741672829,778.9319387637256,1.8232863814022102,0.9087447694295918,779.5612085698559,2.6522972338421833,,COMPLETE
729,0.2778087553836425,2026-07-17 16:29:15.830800,2026-07-17 16:29:15.852532,0 days 00:00:00.021732,0.03913035326238845,782.6535486891809,440.986610958919,3.6763610751947,0.9064322642374284,779.836807993609,0.8976521671349612,3.4348142727815695e-05,781.4269249824056,2.8813754584108224,,COMPLETE
730,0.21863302014001124,2026-07-17 16:29:15.852532,2026-07-17 16:29:15.878536,0 days 00:00:00.026004,-0.4342339876344554,782.1176411610584,-150.06563955400117,5.803994992539429,0.7386331003286066,779.484471979796,1.9465240186682087,0.10881098267084088,780.9366974868261,2.863520842496202,,COMPLETE
731,0.776865166050021,2026-07-17 16:29:15.878536,2026-07-17 16:29:15.895613,0 days 00:00:00.017077,-0.5001004624571661,783.7796064864496,754.019183850059,3.0177625207440695,1.2027421750620293,778.7487608791165,1.6703158401958296,0.0367904843914269,783.6653196062456,1.983587583234009,,COMPLETE
732,0.6052987000935574,2026-07-17 16:29:15.895613,2026-07-17 16:29:15.922133,0 days 00:00:00.026520,-0.03378188747292743,777.576571256517,509.9969346544542,0.8317327697761867,0.4849485764897231,780.9791337510358,2.4468306571902234,0.9710043202468586,779.4334773419529,0.8627217392454134,,COMPLETE
733,0.39582435146088457,2026-07-17 16:29:15.922133,2026-07-17 16:29:15.937135,0 days 00:00:00.015002,0.6755459603755594,776.8925717110263,-283.45283494787805,4.345529584906627,0.44334952256132504,781.1455641169694,2.6460637964821867,0.24905334074687713,778.6548672935716,1.7113306321388058,,COMPLETE
734,0.4420196797697609,2026-07-17 16:29:15.937135,2026-07-17 16:29:15.955134,0 days 00:00:00.017999,-0.8537325289120024,778.796618602901,236.5732285825283,1.8803046915567667,0.4724476885286477,781.3023330765458,2.3285617186870313,0.7313670641114852,777.9924407321533,0.8188051233869229,,COMPLETE
735,0.23741482295902633,2026-07-17 16:29:15.955134,2026-07-17 16:29:15.976334,0 days 00:00:00.021200,-0.17809996432231356,776.6277004324214,-256.543031987905,1.9363836048238219,0.29705868668270685,781.9878392035707,2.490151214238209,0.8899544803778124,779.8164503399161,2.6624207612536503,,COMPLETE
736,0.47939014737205643,2026-07-17 16:29:15.976334,2026-07-17 16:29:16.001346,0 days 00:00:00.025012,-0.36951706903895315,776.7940472349861,151.8191743357965,0.5684774282287115,0.1779107780190089,780.5846673633948,2.1037283641012885,1.0467596853357832,778.7230020054483,0.2972642457782636,,COMPLETE
737,0.5060428462587205,2026-07-17 16:29:16.001346,2026-07-17 16:29:16.025888,0 days 00:00:00.024542,0.39695778373457236,776.5248602958598,-141.58776415058804,2.055266501441971,0.20813101771619846,782.9473466759536,0.9903959332144858,1.1079474427361646,780.8845563965158,0.7434625073533736,,COMPLETE
738,0.3492258813859143,2026-07-17 16:29:16.025888,2026-07-17 16:29:16.049068,0 days 00:00:00.023180,-0.4887064214182046,781.9105994993346,454.1546553519558,3.3903099614722163,0.6157266834341695,778.5124782994092,2.4579379121770133,0.016358244174992025,780.5772703069314,2.2368932396495347,,COMPLETE
739,1.183959096714952,2026-07-17 16:29:16.049068,2026-07-17 16:29:16.075072,0 days 00:00:00.026004,-0.40389316603127434,783.5808578281874,507.94318623402194,1.0094858615284972,0.8213673557906179,779.874534986845,2.8512568872037924,1.4591445626455068,783.0297587587811,1.0688336289551779,,COMPLETE
740,0.43918518421270153,2026-07-17 16:29:16.075072,2026-07-17 16:29:16.099078,0 days 00:00:00.024006,-0.474751709764888,782.5309565558831,-74.36745948271317,5.5023439366130935,1.0757355530832617,780.8805387669537,1.617176747578752,0.3628321568721871,783.6596785260942,2.7150307876911692,,COMPLETE
741,0.488919793986964,2026-07-17 16:29:16.099078,2026-07-17 16:29:16.125080,0 days 00:00:00.026002,-1.060672246504225,776.7363532292165,274.9745167996292,6.2648805611822596,0.49210832083903866,780.1983135495236,2.3569801490918647,1.23999724946367,778.2151734658554,2.69458543187575,,COMPLETE
742,1.397372345103176,2026-07-17 16:29:16.125080,2026-07-17 16:29:16.148092,0 days 00:00:00.023012,-1.3168548403196874,783.2952936429064,944.8914926857678,0.8357670669683069,0.560387940825951,781.5454328995194,2.278027731500025,1.1966207870919439,781.6654853349852,2.443485326923607,,COMPLETE
743,0.21956779211948965,2026-07-17 16:29:16.148092,2026-07-17 16:29:16.171094,0 days 00:00:00.023002,-0.16313277356675648,778.0520732134784,6.399541670821833,0.7108107347997067,0.6741562439923986,781.5449941054305,2.010655853196204,0.501577183061255,779.0866497021618,1.2062155850212228,,COMPLETE
744,0.3196124889059104,2026-07-17 16:29:16.172093,2026-07-17 16:29:16.196101,0 days 00:00:00.024008,-0.45739918535619567,781.2091967535787,106.84434161050486,4.94580969290712,0.2526379091513448,779.3105766576243,2.0448781888852583,0.2587148402226037,781.4863003121399,1.980262419458808,,COMPLETE
745,1.1008916671023912,2026-07-17 16:29:16.196101,2026-07-17 16:29:16.221789,0 days 00:00:00.025688,-0.13652070555276602,779.6339148168995,56.480785330984475,2.458816824656715,0.7782673491144007,776.8523952325232,2.5472297123370864,1.450794715396683,777.5010730207415,2.204401100043911,,COMPLETE
746,0.3018607846613222,2026-07-17 16:29:16.221789,2026-07-17 16:29:16.243044,0 days 00:00:00.021255,-0.6219414978989086,781.9392585228045,672.8493878052943,6.124516310432679,0.2691350704160893,780.9281519590869,2.0108555070997727,0.015425027116781318,783.1088736215712,2.2430884259958273,,COMPLETE
747,0.45936911651632,2026-07-17 16:29:16.243044,2026-07-17 16:29:16.265042,0 days 00:00:00.021998,-0.7309837445336665,776.2004541465518,236.82183641413258,0.8359979267197064,0.3849778150934195,779.3811323601562,2.0782370225928015,0.36732857682163916,780.5910470617996,1.9770570320284648,,COMPLETE
748,0.44910753964872313,2026-07-17 16:29:16.265042,2026-07-17 16:29:16.290801,0 days 00:00:00.025759,-0.09478218505788777,781.7915101133285,204.40484139495362,1.8172853958757527,0.5353687709831811,780.6001910686725,2.7905377099701982,0.3054105623860998,780.7085189105958,2.6511997706379478,,COMPLETE
749,1.707465778074563,2026-07-17 16:29:16.290801,2026-07-17 16:29:16.315275,0 days 00:00:00.024474,1.1633291436761208,780.8284385677649,643.1128276928356,0.4877780719237093,0.3948451493219551,783.5184051265757,1.5129452210812053,1.1720007773036898,781.4749916983606,1.649484549231871,,COMPLETE
750,0.5071392449714354,2026-07-17 16:29:16.315275,2026-07-17 16:29:16.343739,0 days 00:00:00.028464,0.11844861291390762,777.1460131890398,-105.98335252331381,1.3600911906780926,0.5328600598637503,781.5145174933737,1.4675911548408558,1.0519319923165862,776.3141411545944,0.7963469761961203,,COMPLETE
751,0.49693450458219024,2026-07-17 16:29:16.343739,2026-07-17 16:29:16.366731,0 days 00:00:00.022992,0.00907066015927993,776.9967701020599,-1.7649957319557785,0.1253536174716696,0.8061015224621618,781.4942890740242,1.6338395152986405,1.1914522501116778,779.4991757784452,1.023667150502245,,COMPLETE
752,0.5765141970326538,2026-07-17 16:29:16.366731,2026-07-17 16:29:16.389893,0 days 00:00:00.023162,-0.7136229933715987,776.641743876399,27.967919221371513,1.370937669384438,0.7386849292686655,782.203089337021,1.2852299694362839,1.1462283397815927,780.730149791892,1.3124478754894828,,COMPLETE
753,0.6841141638152081,2026-07-17 16:29:16.390895,2026-07-17 16:29:16.414642,0 days 00:00:00.023747,0.20483653524726597,780.4938429125814,157.66185239138483,0.8803160173114968,0.8616348718064025,777.5216058678,0.8123504576198011,1.0163427858461134,780.729883421103,1.8129291490842903,,COMPLETE
754,0.4287710567781272,2026-07-17 16:29:16.414642,2026-07-17 16:29:16.437408,0 days 00:00:00.022766,-0.8406245694644463,778.4865953947182,139.1716530459764,6.621153078924577,0.7298934070400104,779.0900969581214,2.568381085473041,0.884873666997107,781.8527002175512,2.8442265972420726,,COMPLETE
755,0.42052428799233055,2026-07-17 16:29:16.437408,2026-07-17 16:29:16.461412,0 days 00:00:00.024004,-1.1069061348804095,778.7500818552309,165.04530142337833,4.531116706499711,0.6453555371586079,780.2802210760512,2.502310816454403,0.08378638848424216,781.7503657696705,2.8296686410444045,,COMPLETE
756,1000.0123330804521,2026-07-17 16:29:16.461412,2026-07-17 16:29:16.486412,0 days 00:00:00.025000,-1.4495311339770498,777.0656389856207,463.7237494676116,7.352998524346934,0.49568546905356414,780.239789876559,1.322556112071185,1.2235497873661012,780.2423585409871,2.3832853301054526,,COMPLETE
757,0.14927189021223175,2026-07-17 16:29:16.487412,2026-07-17 16:29:16.509032,0 days 00:00:00.021620,-0.5413787517527797,778.4964683867615,-50.094540219742676,2.3703184437500044,0.38317343078799515,781.5502934223164,2.9137067465916435,0.9642955351839111,779.6890961312133,1.9132921305220432,,COMPLETE
758,0.5367856607137965,2026-07-17 16:29:16.509032,2026-07-17 16:29:16.529180,0 days 00:00:00.020148,-0.594027566586716,778.6928449333398,294.04474141793037,2.830283948849737,0.35011491412808016,780.3724718607738,2.717069442143645,1.0607456760274316,777.6078862336705,1.478089953667023,,COMPLETE
759,0.1836735758651319,2026-07-17 16:29:16.529180,2026-07-17 16:29:16.551180,0 days 00:00:00.022000,-0.17397643226978377,777.5023016808518,2.3943758245222213,0.7027238801450763,0.24561867686921762,780.9192419904217,1.478883428940371,1.1013569574254138,779.8402605862624,0.9761077216381983,,COMPLETE
760,0.8390694751646774,2026-07-17 16:29:16.551180,2026-07-17 16:29:16.573267,0 days 00:00:00.022087,0.2619953809411283,776.4068323835484,525.617220071552,2.595432552329541,0.44087332876384966,780.0437146068191,0.9383619583489031,1.0224191228224933,781.0520941807791,1.0356382592278963,,COMPLETE
761,0.8325661395408381,2026-07-17 16:29:16.573267,2026-07-17 16:29:16.592454,0 days 00:00:00.019187,0.4745093010367916,777.9404312545234,828.9066674945061,2.222043754074175,0.45980167639255,777.0907016014961,0.33332601740961976,0.11512213320286424,781.0789051177406,2.463439473984355,,COMPLETE
762,0.6327057836757916,2026-07-17 16:29:16.592454,2026-07-17 16:29:16.609979,0 days 00:00:00.017525,-0.3574798322584183,777.5348918742899,157.51202498019188,0.41705251295001006,0.34839653455159625,783.0391068370918,1.5098227898200605,1.0224572004082433,781.637821677113,1.0092246810786567,,COMPLETE
763,0.36659367002150867,2026-07-17 16:29:16.609979,2026-07-17 16:29:16.631089,0 days 00:00:00.021110,-0.6421780896260005,776.9085537541292,283.6940044517439,1.0607595098225473,0.5429915336303959,778.9704853551037,1.240672806010453,0.8265807929865088,779.2625531817856,0.819537086470266,,COMPLETE
764,0.6607981439143708,2026-07-17 16:29:16.631089,2026-07-17 16:29:16.654559,0 days 00:00:00.023470,0.30389475492840656,776.5927410730068,133.95915647550513,0.28495837633924664,0.5225717969177702,783.2702970220546,1.8113097058394512,0.8310283071707616,777.0478593412183,0.7698205269714736,,COMPLETE
765,1000.0025081209086,2026-07-17 16:29:16.654559,2026-07-17 16:29:16.673558,0 days 00:00:00.018999,0.6815366964076558,777.2628792529385,-43.98615673213473,0.6342257356922427,0.556140776204076,779.9073329707325,1.1603506165978386,0.6307363003688553,779.9875188155547,1.4219811596312728,,COMPLETE
766,0.47611513708706255,2026-07-17 16:29:16.673558,2026-07-17 16:29:16.710851,0 days 00:00:00.037293,0.6305369046419531,778.7189295314275,-280.5193396985941,0.6104637542954914,0.25018250830062505,782.8577770429496,2.0437890962412797,1.1506952011694063,779.8873395309811,0.13731121886824726,,COMPLETE
767,0.40518588675949485,2026-07-17 16:29:16.710851,2026-07-17 16:29:16.735774,0 days 00:00:00.024923,-0.14674626827678935,779.8514726283577,-173.41101769993136,2.1001609642526,0.5994127770063913,783.6797423044577,2.835199156801399,1.0273370804700694,780.3073130942819,1.5084450675100736,,COMPLETE
768,0.3972323212403596,2026-07-17 16:29:16.735774,2026-07-17 16:29:16.759675,0 days 00:00:00.023901,-0.4261344107227805,776.478348041167,-91.0898328925486,0.7902294358950239,0.4181868690417583,782.4731892053935,1.4815623158264104,1.2166642149521354,779.3202661963057,0.7709471189962568,,COMPLETE
769,0.8212582605364721,2026-07-17 16:29:16.760677,2026-07-17 16:29:16.786275,0 days 00:00:00.025598,0.11198930813004593,776.1186257406769,-166.01290691233444,1.4998580709921185,0.5480099976178757,780.1858189673895,2.92716004349243,1.1682278120003178,780.4682455094929,2.2584648115122716,,COMPLETE
770,0.35998612916095757,2026-07-17 16:29:16.786275,2026-07-17 16:29:16.810568,0 days 00:00:00.024293,-0.9068264323466417,779.8489018693313,91.95319096849516,2.4532458213498107,0.42345651286514463,780.3125797993872,2.9136811157376834,0.8723826212853547,778.606661393246,2.3875330286678285,,COMPLETE
771,0.7871029979244536,2026-07-17 16:29:16.810568,2026-07-17 16:29:16.834565,0 days 00:00:00.023997,-0.7628455573175399,777.0469445210921,669.2459984432886,2.064847298064493,1.3493075718694678,783.3142744426704,1.9708630047263247,1.032117462893697,776.8991068185957,1.404880666713329,,COMPLETE
772,0.7086958812608154,2026-07-17 16:29:16.834565,2026-07-17 16:29:16.860565,0 days 00:00:00.026000,1.038970290439698,780.3575385666844,362.00387289144095,4.95128402532387,0.2866018207269522,780.0456916805183,2.2940344132344306,0.028102016452826693,779.3771856322431,2.483951626897577,,COMPLETE
773,1.7261631730421265,2026-07-17 16:29:16.860565,2026-07-17 16:29:16.880650,0 days 00:00:00.020085,0.8909619976513594,783.289444638168,756.7512466189701,0.9464140741307864,1.0546699829161768,779.8591321269964,2.406090596555434,0.8838701708850564,781.8248528583223,2.794993027404905,,COMPLETE
774,0.4065908018668462,2026-07-17 16:29:16.880650,2026-07-17 16:29:16.904680,0 days 00:00:00.024030,-0.310584771596403,777.7861367079846,-193.7352845339345,1.7026525019804384,0.09615373535591151,781.1495741177765,1.1934008881723548,1.4289586335258395,780.0557339866087,0.9223044297692448,,COMPLETE
775,0.956414578248874,2026-07-17 16:29:16.904680,2026-07-17 16:29:16.930174,0 days 00:00:00.025494,-1.0869827764395574,776.489032711173,-30.441397373453192,0.9132825427108253,0.531723125833403,780.3814857229961,1.7059866217930848,0.8648575640852526,778.2560975994567,0.6903072794705807,,COMPLETE
776,0.8380732198754272,2026-07-17 16:29:16.930174,2026-07-17 16:29:16.951899,0 days 00:00:00.021725,-0.1363607313390448,779.6306664736368,-164.7639193555948,0.42929833602682266,1.1168377739006836,778.9807409293168,2.6579533220710196,1.1944436768218858,783.6819394672307,2.8204350596316847,,COMPLETE
777,0.9787132896372005,2026-07-17 16:29:16.951899,2026-07-17 16:29:16.977108,0 days 00:00:00.025209,-1.1726140637321179,777.7525745118701,59.711755275684425,0.5641574144757445,0.23037981451467954,779.9442191377328,1.7243649751010799,1.1953479595351233,780.9011528632423,0.7497319969159633,,COMPLETE
778,0.4148002662607248,2026-07-17 16:29:16.977108,2026-07-17 16:29:16.999870,0 days 00:00:00.022762,0.5288305591097957,776.6014602335473,-191.86961517842292,0.2379310201381572,0.21101561592979529,781.8983794148722,1.3116240778908277,1.2231107873315974,779.384841335904,0.8654990028681618,,COMPLETE
779,0.354616353957414,2026-07-17 16:29:16.999870,2026-07-17 16:29:17.021663,0 days 00:00:00.021793,-0.029029094827305923,776.9923270624529,135.29478617955613,2.8136346162316475,0.39756896832989286,781.6117627030562,1.9761848336937893,0.8537300909642623,778.4868637274277,1.448678381601789,,COMPLETE
780,0.3858538680597714,2026-07-17 16:29:17.021663,2026-07-17 16:29:17.045920,0 days 00:00:00.024257,-1.4540505494724776,783.1758522291029,-171.70421929298675,3.0348310006979355,0.6019240337882095,781.8101639082776,2.908086072829667,1.2870725652102148,780.5863322673779,1.5688837222170962,,COMPLETE
781,0.624487136128316,2026-07-17 16:29:17.045920,2026-07-17 16:29:17.070436,0 days 00:00:00.024516,-0.07612567249858089,778.9172805468653,437.9880539578622,1.5349898707596095,0.32418932248010485,782.6612270881558,1.5230698320733147,1.3443163962704858,780.4606760767513,0.9640039785308323,,COMPLETE
782,1.232836541211693,2026-07-17 16:29:17.070436,2026-07-17 16:29:17.095446,0 days 00:00:00.025010,0.713084649869995,778.292927987263,217.64849198673127,0.8166552550612901,0.03745430545128947,780.2928696081784,1.568242543946979,1.4084362037531872,782.5158229196097,1.3433964812866974,,COMPLETE
783,0.4721431719344852,2026-07-17 16:29:17.095446,2026-07-17 16:29:17.119818,0 days 00:00:00.024372,-0.27329953788581773,776.3453822617302,-90.56491047918527,1.480199296691363,0.30485641143646514,781.7289524564148,2.4464690630933625,0.9284848668322587,777.8325643393333,0.9122942547382018,,COMPLETE
784,0.198261586009393,2026-07-17 16:29:17.119818,2026-07-17 16:29:17.134813,0 days 00:00:00.014995,-0.9767344527071969,780.100095416163,279.15646358195096,7.067163715571253,0.6983465201637465,779.3254676400676,2.3074533606433856,0.2204602814919472,779.5282258455203,2.7189882768756735,,COMPLETE
785,0.5242509536986897,2026-07-17 16:29:17.134813,2026-07-17 16:29:17.154817,0 days 00:00:00.020004,-0.7688457049630473,777.4087014159518,-38.70309833057417,1.2994506611292038,0.7430518700282069,781.2408730301622,2.057200033850258,1.4399799158632343,777.8355101210814,1.120168062893856,,COMPLETE
786,0.26936312945561236,2026-07-17 16:29:17.154817,2026-07-17 16:29:17.179818,0 days 00:00:00.025001,-0.4317301737643824,783.4839239698639,296.95920751635435,6.091002345070549,0.9200063897359316,778.7454360745357,1.4644563100695231,0.059183265179175756,783.7206818489974,0.10433110835344994,,COMPLETE
787,0.41984361569706025,2026-07-17 16:29:17.179818,2026-07-17 16:29:17.205827,0 days 00:00:00.026009,0.014749596226226958,783.3933095131143,317.06692822482376,3.3093106850073535,0.5165485213561763,780.7623261034621,1.8270635685271985,0.20326300297260924,779.9724008022007,2.987067656723709,,COMPLETE
788,0.12928600687058428,2026-07-17 16:29:17.205827,2026-07-17 16:29:17.230871,0 days 00:00:00.025044,-1.026895624862387,783.4807686154842,234.33280140925572,3.7403788188916427,0.9133925426014681,779.4901857575128,1.136220057029764,0.15468094089779091,780.7960583990867,2.6301658424824543,,COMPLETE
789,1.9253152617051266,2026-07-17 16:29:17.230871,2026-07-17 16:29:17.253872,0 days 00:00:00.023001,1.2764138181097588,782.1907423122537,775.6760219368628,7.470159074875107,1.1018925229533023,783.9478455466578,2.497465946785648,1.007331362929229,777.7343411068719,2.8465572621044366,,COMPLETE
790,0.29407097277391225,2026-07-17 16:29:17.253872,2026-07-17 16:29:17.280366,0 days 00:00:00.026494,-0.748116987601442,783.3535310901934,278.4083981895778,6.810069262247519,1.1175060336257192,779.1754515315204,0.5756891298587695,0.025895493331958938,782.0111807856479,1.1810755395778343,,COMPLETE
791,0.2725583112392578,2026-07-17 16:29:17.280366,2026-07-17 16:29:17.302059,0 days 00:00:00.021693,-1.446465925101517,783.4228602875609,-170.79527667533702,5.456762435106372,1.0536590252031295,779.2220993596007,2.24711529067517,0.3420690123984442,780.4386602733233,2.209051190419199,,COMPLETE
792,0.359946546824522,2026-07-17 16:29:17.303059,2026-07-17 16:29:17.327118,0 days 00:00:00.024059,-1.0374958277046125,777.2615561403767,777.3445374057139,3.6846637334002983,1.2099167589493764,783.9654840030347,0.304988188668182,0.8178309352689027,779.7259933549204,2.605252419956895,,COMPLETE
793,0.8048633413956432,2026-07-17 16:29:17.327118,2026-07-17 16:29:17.352118,0 days 00:00:00.025000,-0.072609928425176,781.9628972877516,939.0590097236005,1.2549351933465527,0.6605979096717429,782.8793334785274,1.3631881833102948,0.17003970770015098,777.4403830041192,0.9108606018179618,,COMPLETE
794,0.3837582673236602,2026-07-17 16:29:17.352118,2026-07-17 16:29:17.370119,0 days 00:00:00.018001,-1.3059913673903036,782.1636955302646,989.1042306302596,4.674316442328237,0.7198798867255982,781.3221550163292,0.3828314749227264,0.10982978407068708,783.4693395749316,1.3129115648854293,,COMPLETE
795,0.5543991191591562,2026-07-17 16:29:17.370119,2026-07-17 16:29:17.395127,0 days 00:00:00.025008,-0.8615665863145233,782.7948219924702,709.3041847443064,6.8374614596370265,0.8555500776314988,780.3396218529265,2.1662905361215694,0.22812752918168605,782.5011444606185,1.9093630506153003,,COMPLETE
796,0.7846422527286462,2026-07-17 16:29:17.395127,2026-07-17 16:29:17.416946,0 days 00:00:00.021819,0.7078500718027992,776.9905900580139,121.3811890844957,1.0552972601924844,0.07894506846085361,780.522597839497,1.8818989966107615,0.8856823736384087,780.4102905692412,1.2485672840574507,,COMPLETE
797,0.5722242078720692,2026-07-17 16:29:17.416946,2026-07-17 16:29:17.438947,0 days 00:00:00.022001,0.05569970557258261,779.9969423714659,-238.62095185830574,0.5447941345099531,0.42804547537676263,780.8317192335646,1.5472379880625153,1.1342613478418773,781.1496714030734,1.0307925054932434,,COMPLETE
798,0.6854401599496159,2026-07-17 16:29:17.438947,2026-07-17 16:29:17.459947,0 days 00:00:00.021000,-0.9292382804536848,778.2620158189845,-266.52568120751624,0.7396427295516027,0.060662506441870434,780.6656629252594,2.736091978921526,1.1324559704737267,779.4310515788225,1.8702611896086467,,COMPLETE
799,0.4094829001234061,2026-07-17 16:29:17.459947,2026-07-17 16:29:17.474948,0 days 00:00:00.015001,-0.17189308769696812,776.9824897898237,-31.437305533514348,0.37526981007410776,0.22801460171559704,781.3488153047757,1.0602934589043072,0.844680420764524,780.4391387056008,0.8684068339150469,,COMPLETE
800,0.320449812344677,2026-07-17 16:29:17.474948,2026-07-17 16:29:17.500325,0 days 00:00:00.025377,-0.8274209846886824,783.6792621170526,525.1870197055681,3.704093085631363,0.8097603624860753,780.8279348880088,1.246708974398504,0.045108030283351364,779.4378872106729,2.8254380341715257,,COMPLETE
801,0.4933361022274425,2026-07-17 16:29:17.500325,2026-07-17 16:29:17.523362,0 days 00:00:00.023037,-1.3633748491139777,783.281088871979,108.28522163613098,3.6814434228759723,0.6115386586032232,780.8255877398988,0.7503596292994296,0.21356547392216083,779.5846723755056,2.981089674446247,,COMPLETE
802,0.3157318941432104,2026-07-17 16:29:17.523362,2026-07-17 16:29:17.549364,0 days 00:00:00.026002,-0.7360487564618328,776.4574636460384,292.50372029397556,1.4984071614441112,0.9523898542151795,783.0202296554312,2.9641914741645934,0.9239615404259408,779.113808872441,1.6765547189493073,,COMPLETE
803,1.0135511661324004,2026-07-17 16:29:17.549364,2026-07-17 16:29:17.573849,0 days 00:00:00.024485,0.2555632150061835,776.1701361663178,196.3345646724535,1.0835666880125339,0.709589971948425,778.8322908922106,2.262726484861366,1.2524867368083155,781.05637190409,1.2216589727299672,,COMPLETE
804,1.2646186953661414,2026-07-17 16:29:17.573849,2026-07-17 16:29:17.603065,0 days 00:00:00.029216,-1.200344666186777,779.8482356249041,1159.4111103266882,0.41138470231307106,1.499730828551444,781.5197818169584,2.9392518893503556,0.39772285472181174,777.331073808468,2.862446664458153,,COMPLETE
805,0.14445119748353022,2026-07-17 16:29:17.603065,2026-07-17 16:29:17.627648,0 days 00:00:00.024583,-0.5420395403468615,783.9422796548079,-53.43538125016616,5.965592508578014,0.9602318122118451,779.8707927883157,1.4655343440655726,0.11577135925231838,781.0120114137949,2.5740662815569024,,COMPLETE
806,0.6605268556897893,2026-07-17 16:29:17.627648,2026-07-17 16:29:17.652009,0 days 00:00:00.024361,-1.319513689749341,781.2352231605886,-223.691750512808,2.8437766695126547,1.0531935946440847,778.5309072209376,0.953781777053818,0.38984611045261186,780.5454834209338,2.321914432796902,,COMPLETE
807,0.4751372470099619,2026-07-17 16:29:17.652009,2026-07-17 16:29:17.678959,0 days 00:00:00.026950,-0.4910679233154999,783.9021063098982,224.836483793435,4.14384339877939,0.9803694659939817,780.1877845707457,1.0123274727273706,0.5929815030737053,780.6915653317898,2.6331167013549823,,COMPLETE
808,0.8861939360651013,2026-07-17 16:29:17.678959,2026-07-17 16:29:17.705022,0 days 00:00:00.026063,-1.2459361534158555,783.051925108483,-246.05334397960465,3.7470443971010554,1.3200739075684902,782.2412083161586,0.7030466505367106,0.033006164425311735,783.1508649632333,2.4926216384127273,,COMPLETE
809,0.2192313797154421,2026-07-17 16:29:17.705022,2026-07-17 16:29:17.728073,0 days 00:00:00.023051,-0.3356204743505633,782.0701334948133,-182.72826764722024,6.291786558105135,0.9017268665556487,779.5592012322807,1.28991590672448,0.14738206266221376,781.7374589123139,2.1638323584674897,,COMPLETE
810,0.8418226252894757,2026-07-17 16:29:17.728073,2026-07-17 16:29:17.745619,0 days 00:00:00.017546,-0.1682838153011319,778.7227285916704,81.24138306156644,2.370789972827772,0.32895202550672287,781.5744352085364,2.978972757642503,1.3427266686730517,782.2130546589433,1.8641290243577975,,COMPLETE
811,0.1527755170217965,2026-07-17 16:29:17.745619,2026-07-17 16:29:17.771886,0 days 00:00:00.026267,-0.29045006127917905,783.7683343176933,217.6333119412585,7.719491787062566,0.6629080452565874,779.6589058342935,1.5741689545399231,0.09155983262976689,783.7134513245343,1.654022185757418,,COMPLETE
812,0.29721770958389554,2026-07-17 16:29:17.771886,2026-07-17 16:29:17.795794,0 days 00:00:00.023908,-0.12994280213874865,777.4965932713428,-7.304483425575608,0.6676528617945102,0.3421388409021806,779.4011283296378,1.0279638355313616,1.3283268108045478,779.1083114139057,1.0669483687550272,,COMPLETE
813,0.42453110779344344,2026-07-17 16:29:17.795794,2026-07-17 16:29:17.822141,0 days 00:00:00.026347,-0.54753357974457,783.9427191990688,150.5187783532944,5.665581575309796,1.178511696930825,778.2294057726265,1.3777763845137585,0.03535408102041517,783.0428867137922,1.9341126659844474,,COMPLETE
814,0.3894338926274503,2026-07-17 16:29:17.822141,2026-07-17 16:29:17.847254,0 days 00:00:00.025113,0.05756198204013063,779.4803809255978,89.7034571252454,1.1460778167833914,1.192109358542608,778.9165809727941,1.0335044031329592,0.3709118240055726,782.1920526121561,2.7576729941530935,,COMPLETE
815,0.5315229604372497,2026-07-17 16:29:17.847254,2026-07-17 16:29:17.873440,0 days 00:00:00.026186,-0.7367617223805654,780.9189084935831,163.2538155386382,0.567129236338208,0.8501840116328482,777.2871682774803,1.1528211642945025,0.4118093156519088,780.4074077410127,1.7460107957739595,,COMPLETE
816,0.22215274163071785,2026-07-17 16:29:17.873440,2026-07-17 16:29:17.899960,0 days 00:00:00.026520,-0.8061586618521407,777.892962807469,-37.4135989391138,1.8165298768892442,0.3544055303382861,781.667913447107,2.7715119417355045,1.0472382706650407,780.0823472374905,1.8127298374936758,,COMPLETE
817,0.2743518934259257,2026-07-17 16:29:17.899960,2026-07-17 16:29:17.926476,0 days 00:00:00.026516,-1.3789001960240823,783.4525538666252,-72.6837460978303,3.8380738155922467,0.8503605505639102,780.6247507755087,2.3167538709146807,0.518697366459296,782.7424185193282,2.8848107794851257,,COMPLETE
818,0.2419016491693352,2026-07-17 16:29:17.926476,2026-07-17 16:29:17.953477,0 days 00:00:00.027001,-0.5886925274762833,778.0025018363281,-302.2845308282944,3.1136888154004265,0.6881471791378819,779.8567980082389,2.478888422692737,0.9543998281279709,779.343599226168,1.42842686093646,,COMPLETE
819,0.24613063298096305,2026-07-17 16:29:17.953477,2026-07-17 16:29:17.979477,0 days 00:00:00.026000,-0.22258184830587024,783.1221589026019,118.06066420099752,4.794748976643046,0.604233469080273,779.4310867933195,1.8521624774149001,0.3590457529157888,783.7415438497077,1.4223208621853052,,COMPLETE
820,0.2605750447826478,2026-07-17 16:29:17.979477,2026-07-17 16:29:18.005489,0 days 00:00:00.026012,-0.8134653299698034,782.8571209919904,705.0827296345285,4.9924193586337715,1.0708760070665873,779.8950524543334,0.896532269350498,0.17322027465365453,783.4917620895415,0.7253248120778855,,COMPLETE
821,0.21102111584837505,2026-07-17 16:29:18.005489,2026-07-17 16:29:18.030004,0 days 00:00:00.024515,-0.35543251718799285,777.9518843818546,-285.6147978313753,2.4663020395323314,0.7075838454137028,779.9734122024411,2.7229610973294256,0.3487509444437321,779.063387183108,1.7148671372376656,,COMPLETE
822,1.1586077373675578,2026-07-17 16:29:18.030004,2026-07-17 16:29:18.055002,0 days 00:00:00.024998,-1.0616748058938175,777.7387448533594,-297.37546496843015,0.5021536125344599,1.4319172393593564,777.114094399149,2.1366845940682175,0.3149843111470083,782.3894756903939,0.5281895092390803,,COMPLETE
823,0.16659612399974028,2026-07-17 16:29:18.055002,2026-07-17 16:29:18.082640,0 days 00:00:00.027638,-0.07993942005215376,783.5593643403057,-258.8957566594744,5.954644814112865,1.1314930085114023,779.1578005709949,0.8854608634456719,0.3575578668018973,779.6917752342332,2.666667273293987,,COMPLETE
824,0.4230288696669037,2026-07-17 16:29:18.082640,2026-07-17 16:29:18.107652,0 days 00:00:00.025012,0.2776854470513205,781.8950575786846,-261.81638062185107,5.421825855838167,0.932407100330214,780.9790324848963,0.5262401946638087,0.21451554518229798,779.6693771825996,2.4245498069990608,,COMPLETE
825,0.5155436054005272,2026-07-17 16:29:18.107652,2026-07-17 16:29:18.133185,0 days 00:00:00.025533,-0.9003415248168294,782.4256610981238,-207.06963777516359,0.9129058123733478,0.48578913383107397,778.9050518827569,0.48968777409601183,0.2734860320443704,780.5903332652181,2.5169636395014403,,COMPLETE
826,0.31668260812596405,2026-07-17 16:29:18.133185,2026-07-17 16:29:18.158186,0 days 00:00:00.025001,0.023837044405534052,781.5104802452859,-202.31688963603108,5.583453762557736,1.2978951401268088,779.967205320043,1.3293535479678238,0.3105210914116069,779.2934355632837,2.1487452607701636,,COMPLETE
827,0.44509604982682033,2026-07-17 16:29:18.158186,2026-07-17 16:29:18.178660,0 days 00:00:00.020474,-0.3262902758847123,783.8344422192695,-221.0744785750033,2.708407188319524,0.9496293469767044,777.7666725564154,1.1135627299901816,0.34337878174361547,779.7757384878869,2.9087711474460534,,COMPLETE
828,0.3610963037746066,2026-07-17 16:29:18.178660,2026-07-17 16:29:18.203819,0 days 00:00:00.025159,-1.1057193478661596,783.8360012689267,-294.9633249798846,7.007434470059839,1.1125122068486806,778.2452917386497,0.9628339560750983,0.713630426143355,781.4311540796303,2.8424793991863044,,COMPLETE
829,0.8147228366422952,2026-07-17 16:29:18.205830,2026-07-17 16:29:18.231034,0 days 00:00:00.025204,0.23592889081573418,776.7737091391521,1126.0393435086153,3.917069605732175,0.14031050457120675,781.983595446272,0.6282272821471172,0.03401268991047346,777.4119209623082,1.368933363191004,,COMPLETE
830,0.34224069785395084,2026-07-17 16:29:18.231034,2026-07-17 16:29:18.247428,0 days 00:00:00.016394,-0.24321816304777882,782.6802310084903,152.4310325030424,7.123622832340916,0.5407248981820691,781.116856105022,2.068220801661128,0.11617824597811696,783.3560590998324,2.3035936300687196,,COMPLETE
831,0.3377138927683606,2026-07-17 16:29:18.247428,2026-07-17 16:29:18.269988,0 days 00:00:00.022560,-0.8062643263918202,782.6789933271267,217.6982300846712,7.6623141492818485,0.7526248794135283,778.4435352110823,0.8376615439721877,0.20608322573927867,781.4817411641894,2.9086311926561033,,COMPLETE
832,0.18976898983007348,2026-07-17 16:29:18.269988,2026-07-17 16:29:18.291680,0 days 00:00:00.021692,-0.17788443238311052,783.9466422947278,172.15748506340748,5.153571304651578,0.8276774156251687,779.9877270331574,1.6421848924820233,0.0019298773409783254,779.821129042395,1.3406543745273827,,COMPLETE
833,0.4589635902766839,2026-07-17 16:29:18.291680,2026-07-17 16:29:18.318250,0 days 00:00:00.026570,-1.3018866368206303,783.8293387003915,417.6102205377582,3.5797522617304494,0.9366937693065533,780.971802508527,1.2785556720611355,0.4408140460117974,782.2408781407726,2.6644785906803663,,COMPLETE
834,0.7045201802822701,2026-07-17 16:29:18.318250,2026-07-17 16:29:18.344250,0 days 00:00:00.026000,-1.28461508798597,778.7609860042693,137.07791370672498,1.8825209808627092,1.1467668805279805,779.0440534348827,0.5937938006853574,0.669203536144326,783.3578279896499,1.5897311590230134,,COMPLETE
835,0.5172586845199331,2026-07-17 16:29:18.344250,2026-07-17 16:29:18.370246,0 days 00:00:00.025996,0.2429822466222234,783.4142776876193,-108.66670007970129,4.299172509818564,1.0597422021177973,777.7415632745741,0.9027258591851732,0.3351853703711138,778.4225301695228,2.467301998329803,,COMPLETE
836,0.3031430273193315,2026-07-17 16:29:18.370246,2026-07-17 16:29:18.394042,0 days 00:00:00.023796,-0.24710303453982196,776.1714015138438,217.41986507171703,0.4103313537689207,0.07841582856885465,779.9137062153494,2.688050094541336,0.8889914313339659,779.0910427090207,2.538240483586842,,COMPLETE
837,0.24334881820650547,2026-07-17 16:29:18.394042,2026-07-17 16:29:18.415906,0 days 00:00:00.021864,-0.4621094447889922,779.860263576873,25.163800405874554,7.108398282130204,0.9580024524888215,780.5307560874577,2.093648714906745,0.05089292598127425,783.8728681194486,2.651911326915503,,COMPLETE
838,0.9914292794193807,2026-07-17 16:29:18.415906,2026-07-17 16:29:18.437923,0 days 00:00:00.022017,-1.007816518590191,780.2677038906251,-294.40456873943094,0.7953833565837773,0.048429942566099005,776.6439568889776,0.4037738886014015,0.6482716005932757,778.4818671566113,1.2433098007511048,,COMPLETE
839,0.6329835532466804,2026-07-17 16:29:18.437923,2026-07-17 16:29:18.460929,0 days 00:00:00.023006,-0.6984964644394038,778.9292015887052,-230.61072935305882,5.195976921005299,0.7999644431558275,782.5164793288244,2.3257004477241874,0.22137980955506276,781.7889801061067,1.6976142291951353,,COMPLETE
840,0.640357043174398,2026-07-17 16:29:18.460929,2026-07-17 16:29:18.481186,0 days 00:00:00.020257,0.5034053367173318,782.2640773441675,148.45553731817495,1.1190031583395132,1.0366405454415721,779.4388350149441,0.22010975980587055,0.8486323177766746,781.9169244592907,1.606136543069144,,COMPLETE
841,0.29108527286872266,2026-07-17 16:29:18.482183,2026-07-17 16:29:18.505527,0 days 00:00:00.023344,-0.8825280287276187,783.2702118425677,198.95981279932403,0.6715574752923343,0.42066843895108036,780.763708667246,1.3040001718199072,0.2454188419770732,777.0718459708067,1.4058432766418871,,COMPLETE
842,0.4283791026880987,2026-07-17 16:29:18.505527,2026-07-17 16:29:18.530789,0 days 00:00:00.025262,-0.25821087452045144,783.4883386622457,-134.8833297943611,4.070623324826192,1.1381474134012655,780.9509778407635,1.0483190592681317,0.2631400356741394,780.2460112056691,2.282190120060907,,COMPLETE
843,0.3198719440654884,2026-07-17 16:29:18.530789,2026-07-17 16:29:18.556606,0 days 00:00:00.025817,-0.2110301115865918,783.157576460765,-266.92045654330474,6.1318534575493535,1.3203002722346662,779.3253744754326,0.6593057926000603,0.2168202694813806,778.8751780407946,2.3862767797803563,,COMPLETE
844,1.4441985969360291,2026-07-17 16:29:18.556606,2026-07-17 16:29:18.582702,0 days 00:00:00.026096,-0.2403136237647887,783.3366762958627,1070.9704672548003,6.241686726438819,0.8273272588387138,782.4113670723766,0.34182963840469305,1.36840454099503,781.9128703472244,2.1432991317814425,,COMPLETE
845,1.166150601788815,2026-07-17 16:29:18.582702,2026-07-17 16:29:18.604750,0 days 00:00:00.022048,-0.3350266970013808,777.3279336369568,618.9355649801373,4.024379659608432,1.2004076911083028,783.4816432126089,0.6083297945261998,1.3402571525664833,783.1070886617042,1.2941953734969969,,COMPLETE
846,0.624298007445345,2026-07-17 16:29:18.604750,2026-07-17 16:29:18.619473,0 days 00:00:00.014723,-0.40244138082158376,783.9490966559607,-152.5711047202799,5.6748670763753575,1.1599389803688198,778.09245885161,1.2525744128565321,0.6986242768323722,778.4796667001831,2.109269005214051,,COMPLETE
847,0.6784833181431886,2026-07-17 16:29:18.619473,2026-07-17 16:29:18.634475,0 days 00:00:00.015002,0.7485885968865786,783.3276027836241,-279.770085574706,5.647697422526704,1.3363785054510535,778.27760147207,1.0604723903420996,0.7750698739606148,780.3726469107055,2.1509818581281497,,COMPLETE
848,0.9620803699919669,2026-07-17 16:29:18.634475,2026-07-17 16:29:18.654116,0 days 00:00:00.019641,0.8123426810070722,781.1740486405383,91.7954132995406,7.018549463439356,0.029140438014960135,779.3327568848589,2.5903847572503707,1.3111776153455903,783.4176314098218,1.7770287192645937,,COMPLETE
849,0.5746791849690202,2026-07-17 16:29:18.654116,2026-07-17 16:29:18.680116,0 days 00:00:00.026000,-0.23102404109123184,782.193217207836,511.7903526012908,0.4256489535175341,0.9931874518933358,777.9317570780086,0.6030881204064504,0.6947996591110239,780.5295709305092,1.4523490613615153,,COMPLETE
850,0.4884118764704083,2026-07-17 16:29:18.680116,2026-07-17 16:29:18.706127,0 days 00:00:00.026011,-0.14580263170198385,777.0983391324482,629.5475050737186,0.10094897112442916,0.9184145454353648,776.9824118489965,0.2981426224822865,0.01750116360394749,779.1540271331135,0.7747590150158511,,COMPLETE
851,0.6231664839950465,2026-07-17 16:29:18.706127,2026-07-17 16:29:18.732167,0 days 00:00:00.026040,-0.2199564618627723,777.5470002951165,514.5060136114603,0.498350769721656,0.21344371236304874,778.721956262122,2.0179766317223966,1.0985281702176162,778.9347463005477,1.7357016047097835,,COMPLETE
852,0.6438483968433746,2026-07-17 16:29:18.732167,2026-07-17 16:29:18.758167,0 days 00:00:00.026000,-0.11890571129677893,780.0471146929129,-304.79371328582766,4.67659361778737,1.4787509928888458,777.3337394444117,1.1567829204934805,0.24059636228680142,780.655870805726,2.7623227251296756,,COMPLETE
853,0.3828391664185917,2026-07-17 16:29:18.758167,2026-07-17 16:29:18.785102,0 days 00:00:00.026935,0.3167148001903597,783.5053097079781,360.4841021165562,5.048154348557536,0.3402572529165731,779.3505093805323,1.493985155248397,0.20133977428243227,782.7089449610258,1.3837369316526105,,COMPLETE
854,0.6889003633743868,2026-07-17 16:29:18.785102,2026-07-17 16:29:18.811168,0 days 00:00:00.026066,-1.1251896680916236,783.8335083311962,-86.81176446608367,6.646836073173613,0.540535576729806,778.8073460235414,1.2038044597796254,0.013348511545935016,783.4086927125134,2.019578491369878,,COMPLETE
855,0.579098256492034,2026-07-17 16:29:18.812168,2026-07-17 16:29:18.829185,0 days 00:00:00.017017,-0.5332905603312453,783.0092551619003,-273.4126318884162,5.934752282593011,0.8136121348726185,780.5305472549809,0.20574195918838756,0.4590544213758728,781.6976617248728,2.3268411437957295,,COMPLETE
856,0.4018154886095768,2026-07-17 16:29:18.829185,2026-07-17 16:29:18.854186,0 days 00:00:00.025001,-0.9494625631955603,782.5152544101268,265.7893362878325,7.049036685130237,0.49576757845452146,780.3478315308781,1.1408378085130773,0.05672273114577274,780.7152180064072,2.228824982896553,,COMPLETE
857,0.5343752956524204,2026-07-17 16:29:18.854186,2026-07-17 16:29:18.880545,0 days 00:00:00.026359,-0.4276986388594075,781.0354520075891,611.7453720268912,2.769950489728646,0.7938203658785767,777.1056376826793,0.7672417483181051,0.01657040300474502,783.1945571767934,1.8795889723064696,,COMPLETE
858,0.2225420540677458,2026-07-17 16:29:18.880545,2026-07-17 16:29:18.905637,0 days 00:00:00.025092,-0.9284183304681488,783.8153404980012,355.2574705425189,7.627404425727909,0.6179535007589062,779.2928410611466,1.366614184990536,0.024808723061650453,780.5947435378184,2.9731797762008716,,COMPLETE
859,0.7130514292328333,2026-07-17 16:29:18.905637,2026-07-17 16:29:18.932987,0 days 00:00:00.027350,-1.417558799852162,778.0892578567835,359.53896953570774,0.32844073684162733,1.131652419421449,780.9679450881968,1.2358293498655146,0.509446239280354,783.9517681854664,2.9697343283088253,,COMPLETE
860,0.39198727753719,2026-07-17 16:29:18.932987,2026-07-17 16:29:18.963267,0 days 00:00:00.030280,-1.3610010969717168,783.4400660912185,319.49063228081957,7.823336697767652,0.6699468061736319,781.094080720007,1.9350396953222788,0.0007988152516395126,783.5271546264571,2.1424772425807146,,COMPLETE
861,1.0753403494401281,2026-07-17 16:29:18.963267,2026-07-17 16:29:18.988430,0 days 00:00:00.025163,0.9555586836906945,783.5932129760655,705.9688006904194,0.17748973102551602,0.6255433490124176,780.5695223195207,0.27589459902888525,1.0398046826002103,783.3091188848082,2.764103816265478,,COMPLETE
862,0.313060900394067,2026-07-17 16:29:18.989430,2026-07-17 16:29:19.014960,0 days 00:00:00.025530,-0.5419427617800743,783.9055535444179,202.2065139902054,7.789251431856141,0.8141338164967675,778.3187523594979,1.5100881317641501,0.2568529616784918,783.6997355108668,1.3526553547160807,,COMPLETE
863,0.22413047002289582,2026-07-17 16:29:19.014960,2026-07-17 16:29:19.039962,0 days 00:00:00.025002,-0.12264868534017145,783.8461728016167,-254.08273318259145,4.070711237049424,1.1346062540446347,780.446183624655,1.646526459299921,0.148300580124969,776.6193355676465,2.1063178701858822,,COMPLETE
864,0.14991222208626376,2026-07-17 16:29:19.040964,2026-07-17 16:29:19.066963,0 days 00:00:00.025999,-0.8721460419040536,783.4823231811496,335.2169510491851,7.708527872881551,1.0276017649914202,779.6662202510448,1.3817696722944846,0.19335685416231174,781.7311395360961,2.427191919973799,,COMPLETE
865,1.3688041318680877,2026-07-17 16:29:19.066963,2026-07-17 16:29:19.088982,0 days 00:00:00.022019,1.0346913373415187,778.3792064532776,1099.2482328243502,0.4577603906294247,0.5463172624017624,779.2073838142086,0.11135232277174278,1.0445556730373946,778.7560581493663,0.11997271258373954,,COMPLETE
866,0.5763441400707596,2026-07-17 16:29:19.088982,2026-07-17 16:29:19.110744,0 days 00:00:00.021762,-0.9248211731384118,780.339344383917,266.41432027525826,0.8726286238008403,0.7158112949063941,782.0041253698806,2.8664656364489427,0.9722984280653325,780.8381743094594,2.4523797775210934,,COMPLETE
867,0.26761670777091356,2026-07-17 16:29:19.110744,2026-07-17 16:29:19.135505,0 days 00:00:00.024761,-1.319734176373829,783.883343271527,576.9409628960871,5.424102215909844,1.0612832416918643,779.0986120792123,0.5988424487115837,0.012907031821355303,780.5808836913363,1.6628513310807758,,COMPLETE
868,0.4604351618077191,2026-07-17 16:29:19.135505,2026-07-17 16:29:19.162504,0 days 00:00:00.026999,0.30257692925378354,783.3981568210256,-100.90710944133264,5.462450678622835,1.0403061504114242,780.2486057738566,0.8717610165823455,0.7196590491822052,778.313593519453,2.576280119545916,,COMPLETE
869,0.3987457513344803,2026-07-17 16:29:19.162504,2026-07-17 16:29:19.187710,0 days 00:00:00.025206,-0.5462798866050373,783.8604393399401,88.81921884856553,6.304293412599733,0.952269939935718,778.0069236303056,1.3568932932487119,0.30518464858870753,779.8120689099865,2.3739977225398974,,COMPLETE
870,0.8369920114088726,2026-07-17 16:29:19.187710,2026-07-17 16:29:19.215070,0 days 00:00:00.027360,-1.0486535425969767,777.9015162100345,848.5232694283852,0.30657766389604396,0.7980294648055261,782.9934132046917,2.876563274343062,1.0728149019786914,777.5110606824663,2.7480618356335262,,COMPLETE
871,0.12905294074373888,2026-07-17 16:29:19.215070,2026-07-17 16:29:19.242838,0 days 00:00:00.027768,-0.23088072410660687,782.9649751126324,-7.1432976401097505,4.416689859723642,1.080860810226787,779.4106081857071,0.9896942788697065,0.026438111432537603,780.5163958355627,2.847611963380525,,COMPLETE
872,0.3418260132696419,2026-07-17 16:29:19.242838,2026-07-17 16:29:19.269839,0 days 00:00:00.027001,-0.8705861234730053,783.458248548409,179.72810820418147,2.4770747121123304,1.0355484016434895,778.7036238195165,1.169146327131279,0.2956266673311181,780.6390775715544,2.984416723793078,,COMPLETE
873,0.7923115728461264,2026-07-17 16:29:19.269839,2026-07-17 16:29:19.296838,0 days 00:00:00.026999,-0.9416240510486904,776.1685688000113,-265.0376087135868,0.25710516358819707,0.7889742428540851,781.520786089995,2.112099703632161,1.1097885547787008,777.6083131041678,1.0780322145837555,,COMPLETE
874,0.2907233113899338,2026-07-17 16:29:19.296838,2026-07-17 16:29:19.322898,0 days 00:00:00.026060,0.07090121077710565,779.508493262776,177.89808224006336,7.240702900651248,0.8079097401141939,778.5481773450671,0.22025640655264267,0.2646833449643461,779.4833204302608,2.780066330794582,,COMPLETE
875,1.2094887914831856,2026-07-17 16:29:19.323909,2026-07-17 16:29:19.349779,0 days 00:00:00.025870,1.443574968989928,783.0877142814309,323.3235519928132,0.5199057004234773,0.6863496632464001,777.0859867351552,0.3121891379387256,1.3641089348332491,782.7789938147065,1.4941065727871288,,COMPLETE
876,0.2866711038247909,2026-07-17 16:29:19.349779,2026-07-17 16:29:19.365900,0 days 00:00:00.016121,0.23196301220112814,783.0062291970909,-270.910025256877,2.008633178709891,0.9247408707349867,779.9884361172911,0.5052107878542518,0.4989580660981162,781.145494919126,2.8776749291414645,,COMPLETE
877,0.5564987715664027,2026-07-17 16:29:19.365900,2026-07-17 16:29:19.381918,0 days 00:00:00.016018,-0.625889168596932,783.9710395523978,42.486375177558145,2.6243292432804237,1.3201901736157091,778.5345526133893,1.8611453178400956,0.22765393671473436,780.3901479290813,2.9849777559343926,,COMPLETE
878,0.6870634517894543,2026-07-17 16:29:19.381918,2026-07-17 16:29:19.404870,0 days 00:00:00.022952,-1.0673650894259143,777.582869711903,259.01116530140575,1.6867990869454017,0.3488940400252744,783.614229151466,1.717211393114995,0.7676116498050488,778.5713598642328,1.1459897793966458,,COMPLETE
879,0.2812298712768143,2026-07-17 16:29:19.404870,2026-07-17 16:29:19.429420,0 days 00:00:00.024550,0.1542150405167434,782.1192276740153,-34.539350366676416,7.7909227074586855,1.1388469828349406,779.1586665680364,0.6529317332095234,0.5096686244722556,781.7693585651764,2.247990828483726,,COMPLETE
880,1.709531347431515,2026-07-17 16:29:19.429420,2026-07-17 16:29:19.446567,0 days 00:00:00.017147,1.0917091674806179,783.9459496090313,1068.2662532926668,0.17500255278492427,1.430252235319505,782.532942110316,1.664195920359947,0.7818766869005659,782.6653903135124,1.019826285465014,,COMPLETE
881,1.0416352317381716,2026-07-17 16:29:19.446567,2026-07-17 16:29:19.464822,0 days 00:00:00.018255,0.3235094126729219,783.0719761570688,829.0059104959942,6.0918364754180105,0.7752532729672902,782.2863719743998,0.5570600206767411,0.7894659011904952,778.0035048798467,2.080866822203462,,COMPLETE
882,0.18606408050701767,2026-07-17 16:29:19.464822,2026-07-17 16:29:19.481813,0 days 00:00:00.016991,-0.8869840030948136,783.4688615196227,179.31115645747178,7.410434070818067,0.8655837937252592,779.4327337540566,1.6859858590641734,0.0031085523535380882,781.0764894924777,2.3193001366710178,,COMPLETE
883,0.31112060034595135,2026-07-17 16:29:19.481813,2026-07-17 16:29:19.505824,0 days 00:00:00.024011,-0.4511785892199274,781.4720352268354,79.80001501480302,6.845347465142359,0.877248224604724,780.6969116470461,1.5318421965055689,0.2272812471093446,781.2189730785907,2.7059978339854793,,COMPLETE
884,0.2819746594221006,2026-07-17 16:29:19.505824,2026-07-17 16:29:19.527424,0 days 00:00:00.021600,0.23319382817365336,781.7691266087181,-159.039867685828,4.5181687008513975,1.3309065638921438,780.1368779729869,1.2119862432678068,0.008680380189935825,779.8179366298754,2.963523221820309,,COMPLETE
885,0.3339024567912763,2026-07-17 16:29:19.527424,2026-07-17 16:29:19.548430,0 days 00:00:00.021006,-0.7604600430662347,783.9785411640577,0.08096063593174563,3.7019261801884324,1.2330533167465538,779.5699851786995,0.7242363283232621,0.008166294331377125,779.0877939026727,2.8207869140860096,,COMPLETE
886,0.9953088794693378,2026-07-17 16:29:19.548430,2026-07-17 16:29:19.564697,0 days 00:00:00.016267,-0.9280603431996114,776.1969566112783,-250.98089456677448,5.327102392339337,0.02921949610878133,776.8596487263176,2.9369553042170566,1.3732900363011062,777.9921968293249,0.8648505304866849,,COMPLETE
887,2.0705042074192987,2026-07-17 16:29:19.564697,2026-07-17 16:29:19.583897,0 days 00:00:00.019200,0.8509149299406402,783.6172742687346,1122.7995575488617,1.229586094702543,1.3681475805322205,783.0394972779133,1.7060097715909794,1.236082968529319,779.5179998075598,2.2566325451975002,,COMPLETE
888,0.6055476901454028,2026-07-17 16:29:19.583897,2026-07-17 16:29:19.601587,0 days 00:00:00.017690,-0.8360434774988424,783.054437301641,658.0903220346536,7.660367571337789,1.0748191484705578,781.1577714347957,0.8722449102490626,0.36984914373022243,781.7622702808208,1.8698510277129343,,COMPLETE
889,0.19477743092216657,2026-07-17 16:29:19.601587,2026-07-17 16:29:19.618617,0 days 00:00:00.017030,-0.6531466271124551,776.2315112294925,376.8140830694616,0.4843118102933251,0.6615243113075978,780.6764424758743,2.2592028439335143,0.8148083988917683,778.3946369106526,1.2581863210462525,,COMPLETE
890,0.5562148706104165,2026-07-17 16:29:19.618617,2026-07-17 16:29:19.634617,0 days 00:00:00.016000,-1.1475349150979604,782.1725884619351,753.2715128181178,3.232987577153714,0.8547687422380368,777.8175161285171,2.441403343819457,0.02507710055608367,782.5510647134928,1.8448946479273465,,COMPLETE
891,0.4097119532366989,2026-07-17 16:29:19.634617,2026-07-17 16:29:19.655597,0 days 00:00:00.020980,0.18802765050051679,782.9716754171855,-210.29403419517308,6.560120039509417,1.4095057572096008,780.3613490549905,0.7277843596425133,0.24774072835604102,782.5011962155014,2.9704468935722743,,COMPLETE
892,0.5681045732694736,2026-07-17 16:29:19.655597,2026-07-17 16:29:19.677347,0 days 00:00:00.021750,-0.7513820558407603,777.852158855284,-291.1785267240807,4.833942209324997,0.022011273826815614,783.2369270635801,2.963490823364648,1.1329932595829508,780.6221768807052,1.5732619910855732,,COMPLETE
893,0.5236627330172245,2026-07-17 16:29:19.677347,2026-07-17 16:29:19.696243,0 days 00:00:00.018896,-0.48656259225927967,783.6202346731642,766.1403007289682,2.1609847663859427,0.7984272631480125,779.6918649145927,1.486567466648507,0.02935136224954024,783.9575399859442,1.0521940111389465,,COMPLETE
894,0.38908376051944876,2026-07-17 16:29:19.696243,2026-07-17 16:29:19.712250,0 days 00:00:00.016007,0.2456039510980424,782.8461927936331,-144.07699939614074,7.074138765435868,0.6836532507427778,778.8503327855763,0.3800194754223495,0.03513108927153001,778.3591336045638,2.9219884357116976,,COMPLETE
895,0.18191778397551234,2026-07-17 16:29:19.712250,2026-07-17 16:29:19.731518,0 days 00:00:00.019268,-0.4311454272951141,783.3018934272744,16.004723280942258,6.193940033701862,1.1139815802221622,779.2672299546376,1.1087632684722637,0.00422383097166882,782.6430942607082,2.442299498797347,,COMPLETE
896,0.29262812190856696,2026-07-17 16:29:19.731518,2026-07-17 16:29:19.748766,0 days 00:00:00.017248,-1.4416703145023995,782.5361125938202,639.1922609327329,2.7070421936200497,0.9649789491072571,780.835342353536,1.4122039205741195,0.005210856590623893,781.1404076136986,0.9052362156896708,,COMPLETE
897,0.41788467236125937,2026-07-17 16:29:19.748766,2026-07-17 16:29:19.764822,0 days 00:00:00.016056,-0.20148730582394347,783.6080512784707,164.28651950354217,1.9917581080347637,1.0109172632111096,778.0818632089588,0.42572540521066027,0.05222752056251344,780.7187180493535,2.3142864209313903,,COMPLETE
898,0.2491108481354931,2026-07-17 16:29:19.764822,2026-07-17 16:29:19.780823,0 days 00:00:00.016001,-0.6314548918350352,783.3117139708509,531.059427409533,1.9317107414888344,0.5744920625465116,778.8443984613622,0.9301423039924318,0.10216733803488046,781.5034798371705,2.4195895213149283,,COMPLETE
899,0.16845891040199015,2026-07-17 16:29:19.780823,2026-07-17 16:29:19.796824,0 days 00:00:00.016001,-0.1976231615615825,777.1490285506345,-107.41276497739847,5.544765006564619,0.8067935621457951,779.2292745440609,1.8296105679472676,0.16679215492302668,778.8150610406651,1.538804867255611,,COMPLETE
900,2.00517587370664,2026-07-17 16:29:19.796824,2026-07-17 16:29:19.812251,0 days 00:00:00.015427,1.030944250697472,776.7923629910728,1214.63896867503,0.18601904344476744,0.6217748742037088,782.0431234652733,1.9173925084518992,0.36082772287529863,778.1257067889841,0.9089477095712597,,COMPLETE
901,0.47877078750188096,2026-07-17 16:29:19.812251,2026-07-17 16:29:19.830698,0 days 00:00:00.018447,-0.4321975278337753,780.1134643269068,723.3035840876277,0.6302567495393813,0.9977329260074279,777.5536519891612,0.23923260712425976,0.2936324091518634,783.992079124559,0.6946206687560117,,COMPLETE
902,0.39216147929723927,2026-07-17 16:29:19.830698,2026-07-17 16:29:19.846698,0 days 00:00:00.016000,0.18412110988890507,782.0430195163335,-1.6290376018483812,5.210830945871573,1.322188960141695,778.4620674905208,0.5046273434787947,0.3471109055851346,779.9430121381583,2.6100268393999446,,COMPLETE
903,0.818855245901033,2026-07-17 16:29:19.846698,2026-07-17 16:29:19.861699,0 days 00:00:00.015001,-0.44067169444546017,780.8875110644004,1014.4817053381673,2.2774913868688156,0.984841941368562,779.6833205118058,1.273888428329478,0.38622002601982103,781.2533290042879,1.338772203515025,,COMPLETE
904,0.333515850939234,2026-07-17 16:29:19.861699,2026-07-17 16:29:19.877701,0 days 00:00:00.016002,-1.1528233408119102,782.0328055769851,131.49181708899076,1.0690158364740556,0.8665676125765924,780.2333200412062,0.9672549842133784,0.18856763209198865,782.4983236697127,2.9561887098678885,,COMPLETE
905,0.24504484346841887,2026-07-17 16:29:19.877701,2026-07-17 16:29:19.892698,0 days 00:00:00.014997,-0.4984372472969321,777.0497572720028,390.2835436120043,2.196531616038537,0.8787611712928538,778.9946655983861,1.892505153605613,0.1719063850937547,780.3298571843424,1.3157358148319864,,COMPLETE
906,0.32411775051411507,2026-07-17 16:29:19.892698,2026-07-17 16:29:19.910706,0 days 00:00:00.018008,-0.9097736087342936,780.4544142406579,529.6475501939157,6.9690978891251625,0.949077105902485,780.5278530101177,0.8128851407087835,0.00408872986382236,783.3490553655323,0.23778971888878253,,COMPLETE
907,0.6202437583046131,2026-07-17 16:29:19.910706,2026-07-17 16:29:19.927190,0 days 00:00:00.016484,0.3890061568259495,782.9465754072502,59.319023978939285,7.606457226470191,1.0098703981353758,778.2701505248496,1.418487791594277,0.42688436762186754,780.6037062909596,2.6857981786395326,,COMPLETE
908,1.022016308078658,2026-07-17 16:29:19.927190,2026-07-17 16:29:19.950585,0 days 00:00:00.023395,-0.10370286315133953,783.71791747459,439.85881764286046,1.3419294262864394,0.5123528762632299,777.7247468692365,2.362715122946074,1.2791078319109825,776.5641823302377,2.008660326817609,,COMPLETE
909,1.2419778511731718,2026-07-17 16:29:19.950585,2026-07-17 16:29:19.969953,0 days 00:00:00.019368,-1.2855380060829806,783.3564392783632,919.785078369337,1.0407733674003876,1.0043071742428327,778.7348888812119,2.124664795008254,0.6463066371108472,776.1191322844224,2.9761321481599468,,COMPLETE
910,0.55698342925206,2026-07-17 16:29:19.969953,2026-07-17 16:29:19.986956,0 days 00:00:00.017003,-0.3675889027975344,778.6108106291192,-253.65637492085952,3.7968688288560384,0.6568935895243615,777.3179246229938,2.424587756745013,0.14552795262514334,778.7448008699547,0.5851706624049562,,COMPLETE
911,0.4062498391387623,2026-07-17 16:29:19.986956,2026-07-17 16:29:20.007386,0 days 00:00:00.020430,-0.5190015203132851,783.6236726782839,9.506574325224989,4.448291785029495,0.6897541505904679,780.9230434294572,1.5204854822443206,0.3876439348027376,782.7949290085676,1.8567273880098065,,COMPLETE
912,0.7585718064598894,2026-07-17 16:29:20.008449,2026-07-17 16:29:20.031677,0 days 00:00:00.023228,0.2655533494612373,777.9593427958035,144.5609538761649,2.196861479686899,0.41447406774359863,782.4681949301086,2.9480404002841643,0.9000462227256857,778.9887641837654,2.1696248753726453,,COMPLETE
913,0.15004903159129554,2026-07-17 16:29:20.031677,2026-07-17 16:29:20.054099,0 days 00:00:00.022422,0.09004083039895,776.3082121799509,-281.27268622476015,3.050561494172499,0.6652840966929199,779.7557088106148,1.2954002334008097,0.26691957592291815,779.410127615258,1.5525994769358833,,COMPLETE
914,0.5113313345778454,2026-07-17 16:29:20.054099,2026-07-17 16:29:20.071526,0 days 00:00:00.017427,0.044544740834750574,777.3192924426822,-142.43396151552093,4.384374913261229,0.974815513560672,777.4614455905275,1.070909063650996,0.06548486376219378,779.847659733499,2.157308423981006,,COMPLETE
915,0.505948126274384,2026-07-17 16:29:20.071526,2026-07-17 16:29:20.087668,0 days 00:00:00.016142,0.5023074097907758,778.0949970276446,-6.967879059934248,1.5962664276521967,0.977459581415963,779.7840759710266,1.5281283678989441,0.07759660779376683,779.4930000079236,1.5311096106233995,,COMPLETE
916,0.32866232714615373,2026-07-17 16:29:20.087668,2026-07-17 16:29:20.102910,0 days 00:00:00.015242,-0.4435782365547183,778.0164815060051,-197.57720041072457,2.7199972132724617,0.8264019928901497,780.1235672260489,2.143888096074737,0.1717125176951551,776.9565880556054,0.88305694387367,,COMPLETE
917,0.23663339658355612,2026-07-17 16:29:20.102910,2026-07-17 16:29:20.122054,0 days 00:00:00.019144,-0.08401197708815633,783.163582228102,58.75012678151779,7.804678804300512,0.6186170469483006,779.9652511597101,0.9892180453844176,0.148380119601277,783.807952225934,1.8042928729799224,,COMPLETE
918,0.5404907290941198,2026-07-17 16:29:20.122054,2026-07-17 16:29:20.152740,0 days 00:00:00.030686,-0.36819319608807133,782.0759672368504,-292.9417058536777,4.473217126964998,1.153337692496018,779.8250798744572,0.4993310800600062,0.10222862842389645,781.0319082380174,2.8653033202089526,,COMPLETE
919,0.4394549248653854,2026-07-17 16:29:20.152740,2026-07-17 16:29:20.171340,0 days 00:00:00.018600,-1.3604285523463218,780.2234952561115,365.48711508362254,7.659302861193017,1.200729339288056,779.8299813309554,0.843769358179248,0.0840591992567554,783.6933075409285,1.433624782322851,,COMPLETE
920,0.8961448825654349,2026-07-17 16:29:20.171340,2026-07-17 16:29:20.188820,0 days 00:00:00.017480,-0.47612092316147175,782.3519948507005,-129.18601883687938,0.114292457057028,0.6544358402803911,783.4150918280008,2.9832801545061285,1.4203944527275327,782.0499975248562,1.77714082731561,,COMPLETE
921,0.2278885515411023,2026-07-17 16:29:20.188820,2026-07-17 16:29:20.204827,0 days 00:00:00.016007,-0.2282846617732498,778.2411070784258,-152.2104983127573,4.0353957024243305,1.1281377593046282,780.2341506351698,1.4285113659216857,0.06258043648037084,779.464878640521,1.841597964585408,,COMPLETE
922,0.30991782095811427,2026-07-17 16:29:20.204827,2026-07-17 16:29:20.220343,0 days 00:00:00.015516,-0.2765538684859147,776.7521568014056,78.95126588385767,2.452492060722542,0.46946113696001446,779.0797617269637,1.3461068094989892,0.2035750374643157,779.3086481136213,0.9000419781510255,,COMPLETE
923,1.7072074270887256,2026-07-17 16:29:20.220343,2026-07-17 16:29:20.236715,0 days 00:00:00.016372,1.00730481715731,779.3002345863179,697.610749352647,5.873592654550832,0.9250551937723953,782.891971039389,2.9142912617060572,0.9975326128606375,783.6750576972961,0.9941208015945826,,COMPLETE
924,0.1452760582417459,2026-07-17 16:29:20.236715,2026-07-17 16:29:20.254119,0 days 00:00:00.017404,-0.05840867930606586,776.9428280833273,-103.97697292532504,2.37118275383481,0.8234948621511833,780.1235484812374,1.6852147803049233,0.14580716515693853,779.6120218312224,1.0634092262520976,,COMPLETE
925,0.49373818463724173,2026-07-17 16:29:20.254119,2026-07-17 16:29:20.269118,0 days 00:00:00.014999,-0.7254943049634406,777.3860988733886,-163.04642642643682,5.98571892397267,1.0398581922584862,778.2784885960876,1.7527446524860433,0.20240984026984882,780.2784463720001,1.2029144815220347,,COMPLETE
926,0.5895434272592212,2026-07-17 16:29:20.269118,2026-07-17 16:29:20.285358,0 days 00:00:00.016240,0.04401344027984208,778.7327641047025,24.308608027746203,6.712838175750002,1.3061076355571513,778.5338528214854,1.6222291275653193,0.2862665980929466,777.312474872025,1.24551313131159,,COMPLETE
927,0.6268299088913064,2026-07-17 16:29:20.285358,2026-07-17 16:29:20.300750,0 days 00:00:00.015392,-0.5271946381461379,777.0631101695046,-90.07793379478572,3.7473837200057036,0.563916295016625,778.2733630757918,1.563490079673315,0.008776696670063477,779.3323843938897,1.6546876183888823,,COMPLETE
928,0.2835239726794399,2026-07-17 16:29:20.300750,2026-07-17 16:29:20.317419,0 days 00:00:00.016669,0.1033353781338116,777.4234982331104,6.263794702977748,1.0204074658223763,0.7027759872378844,780.797028812869,1.5316056962394637,0.15338677051045874,777.9978334027204,1.324987321209023,,COMPLETE
929,0.39270065631438017,2026-07-17 16:29:20.317419,2026-07-17 16:29:20.334793,0 days 00:00:00.017374,0.21032814971572722,776.52813639036,8.413044431715747,7.672926179895125,0.3699931479355221,781.8555832723804,1.5266508110706107,0.06979990176566184,781.0065713454748,2.105492862068304,,COMPLETE
930,0.3005187875143059,2026-07-17 16:29:20.334793,2026-07-17 16:29:20.355182,0 days 00:00:00.020389,0.0776449604207688,777.4415112270394,-2.679034198586862,3.674552510130957,0.6838000958907693,779.6654752039318,1.4277858545906537,0.5100177917551422,780.8031657033404,1.6288359060290083,,COMPLETE
931,0.2771317261765169,2026-07-17 16:29:20.355182,2026-07-17 16:29:20.372187,0 days 00:00:00.017005,0.2973989113099035,777.2792958422586,-103.6045086091519,4.00327927959573,0.5675085391054141,778.5525938241518,0.43660155367373743,0.196858815853175,779.9991335985364,0.7746469039368926,,COMPLETE
932,0.6514002867874692,2026-07-17 16:29:20.372187,2026-07-17 16:29:20.389638,0 days 00:00:00.017451,-1.1052641748300736,776.8413583447792,-53.551615000193955,1.545407736617414,0.8911503004918306,781.4944875428461,1.6511116301205915,0.6437441414239223,779.8412009010906,1.428960844426794,,COMPLETE
933,0.22937336558295252,2026-07-17 16:29:20.389638,2026-07-17 16:29:20.406648,0 days 00:00:00.017010,0.00587806879356409,777.7605582769003,-211.86740032671202,2.195728016623535,0.8526204301736185,780.7270205356839,0.9758989207930062,0.5024294314425476,779.0226934968838,1.0461378898972127,,COMPLETE
934,0.31094879519959695,2026-07-17 16:29:20.406648,2026-07-17 16:29:20.424383,0 days 00:00:00.017735,0.21424083447534698,777.4159987332808,157.3399960547555,3.8350433645271793,0.7803379046125521,780.4774591439405,1.083718669283259,0.060126020412375275,779.4295118375317,0.5700577469190424,,COMPLETE
935,0.3096104379420414,2026-07-17 16:29:20.424383,2026-07-17 16:29:20.440387,0 days 00:00:00.016004,-0.5813419427116713,776.7262384099961,58.20068886694554,3.2134438836633956,0.7999324144105108,780.094604174311,1.5248733521027928,0.20791646621665455,781.1567000241923,1.698378043034738,,COMPLETE
936,0.30531083926050473,2026-07-17 16:29:20.440387,2026-07-17 16:29:20.457017,0 days 00:00:00.016630,-0.09912872777634844,777.1603482972766,-260.3565416556032,7.7947055499476985,1.1984404238461617,778.7747672386721,2.2615470507364233,0.09788655751950551,778.62147054978,1.532050222879737,,COMPLETE
937,1000.0081589005268,2026-07-17 16:29:20.457017,2026-07-17 16:29:20.476335,0 days 00:00:00.019318,1.0874406326998785,778.6731374786924,1154.1798495253943,0.7234820280643386,1.0925283986700507,780.5631577411652,2.258200555079663,0.2897604624620269,780.5276130553275,2.7003187346999233,,COMPLETE
938,0.7558943645726108,2026-07-17 16:29:20.476335,2026-07-17 16:29:20.493337,0 days 00:00:00.017002,-0.02315294544793456,780.9001647715866,813.4079985387307,5.216974853028883,0.9966334002968272,780.5171085236019,1.3668127468990665,0.03555535426826875,783.3826995190902,1.1995006357322158,,COMPLETE
939,0.26243122940714,2026-07-17 16:29:20.494341,2026-07-17 16:29:20.510877,0 days 00:00:00.016536,-0.3214920411205975,776.1904668832071,-23.788355161834502,0.5399976097983957,0.44770725550904544,782.0534311101533,2.1422732289989104,0.5764048577291518,779.3674892512943,1.79701001430989,,COMPLETE
940,0.8179126162904962,2026-07-17 16:29:20.510877,2026-07-17 16:29:20.526398,0 days 00:00:00.015521,-1.2330005108042732,776.247240341129,952.0468203948346,0.5363784976943419,0.24824073344008635,783.2729756394914,1.0304077599860317,0.4534790702375751,782.6804092008534,0.7517826206127435,,COMPLETE
941,0.43096884073918024,2026-07-17 16:29:20.526398,2026-07-17 16:29:20.542637,0 days 00:00:00.016239,-0.4123974077525321,783.0201543609681,-249.72503887184232,5.406022203827576,1.152188661431538,778.1639542047031,0.18492704281294992,0.5061534371483982,779.8027590195624,2.8454773539351885,,COMPLETE
942,0.5434792708320371,2026-07-17 16:29:20.542637,2026-07-17 16:29:20.558071,0 days 00:00:00.015434,-0.8077505162969372,783.5979212878773,43.222017819534265,4.5049245821149775,0.7464988006210673,781.4608792895067,0.936748337346795,0.18512723118403304,783.944330167958,0.886709987884561,,COMPLETE
943,0.35670739418020686,2026-07-17 16:29:20.559071,2026-07-17 16:29:20.575408,0 days 00:00:00.016337,-0.14220884050035135,778.5935633325619,65.51310693920979,2.6869479050259253,0.7242409525696676,778.3680796006607,1.8862124462505159,0.4200108554477332,778.9493980362316,1.7182995632218176,,COMPLETE
944,0.15281985351964056,2026-07-17 16:29:20.575408,2026-07-17 16:29:20.591408,0 days 00:00:00.016000,-0.26770646656410957,778.3629436273185,-14.729610728623996,2.589357703151681,0.31588547370246745,781.0662448134946,2.564095835261827,0.7225337934754348,779.8881967312022,1.6745574548133257,,COMPLETE
945,0.5648390563199058,2026-07-17 16:29:20.591408,2026-07-17 16:29:20.606716,0 days 00:00:00.015308,-1.4428648038412881,782.2275440672148,245.3041524341739,7.854218738082088,1.3239825984649154,777.7604773804683,1.5991993632598203,0.1787025545120877,782.0298973969907,2.9804978060328957,,COMPLETE
946,0.49190042776370974,2026-07-17 16:29:20.606716,2026-07-17 16:29:20.623537,0 days 00:00:00.016821,-0.1843344484642485,779.6896962659418,401.00563097918706,1.727867287319346,0.3705075270168491,782.7679496284364,2.9193243795785024,0.867818103653061,779.625308349185,1.5035280827239401,,COMPLETE
947,0.2680872548356894,2026-07-17 16:29:20.623537,2026-07-17 16:29:20.643185,0 days 00:00:00.019648,-0.4190411155001583,783.0771526086385,47.593072967650485,7.352963082300737,1.12934738155016,778.7949525178625,1.6768280973861156,0.018726698385870613,780.9508996741797,2.8294600453927554,,COMPLETE
948,0.8385065230112421,2026-07-17 16:29:20.643185,2026-07-17 16:29:20.659002,0 days 00:00:00.015817,0.9833489858612798,777.0527705433549,-244.30398519556547,1.4338046035882184,0.4556921441614322,776.7539883644736,1.614166680852901,0.9564227636359363,782.9811500983568,0.7689288422479081,,COMPLETE
949,0.5791418640663049,2026-07-17 16:29:20.659002,2026-07-17 16:29:20.674076,0 days 00:00:00.015074,-0.4682560715609647,780.8102721715264,686.8142098855928,7.563226496025147,1.1111752679580102,777.9684969066254,1.065420034759174,0.08733664242733602,782.9022814303041,1.0230023113043012,,COMPLETE
950,0.3108708179344262,2026-07-17 16:29:20.674076,2026-07-17 16:29:20.689148,0 days 00:00:00.015072,0.4352887960240032,776.132577952557,-267.76947148493247,0.9489280699455336,0.8190046666291636,779.3198575391469,1.7187605992241504,0.09981833488772335,779.8082437623646,1.8963652711053118,,COMPLETE
951,0.3363057572147215,2026-07-17 16:29:20.689148,2026-07-17 16:29:20.707644,0 days 00:00:00.018496,-0.007174948174562448,776.5629182239743,168.41191267491982,3.3213353854776586,0.9529282456393998,779.3595300648981,1.5362023242905631,0.23469917158991754,778.7871596605565,1.3890892006709623,,COMPLETE
952,0.8096808498025617,2026-07-17 16:29:20.707644,2026-07-17 16:29:20.722916,0 days 00:00:00.015272,-0.0553391379824741,782.6764334507549,994.4835072974458,6.452133212096476,0.8633259248109056,782.9816479372957,0.4934140789988557,1.2290723448708527,777.5141801477121,0.14185230891944323,,COMPLETE
953,0.3032118327793187,2026-07-17 16:29:20.722916,2026-07-17 16:29:20.738151,0 days 00:00:00.015235,-1.4086628319338794,783.6018460645657,159.9279881010242,1.117053846766661,0.7700939762204663,779.0644350710058,1.973233025677882,0.04615718660790141,781.064216622511,1.9960987874976293,,COMPLETE
954,1.1274669943408706,2026-07-17 16:29:20.738151,2026-07-17 16:29:20.755835,0 days 00:00:00.017684,1.16144430365641,777.7202732255209,197.56746708876378,1.3456670006521512,0.8672178423336268,777.605837297178,2.063830246927703,0.09436918969084601,778.9481648812545,0.5556742702612669,,COMPLETE
955,0.5056981891366298,2026-07-17 16:29:20.755835,2026-07-17 16:29:20.772824,0 days 00:00:00.016989,0.3837213275021464,778.8624792203555,-194.31113650432118,1.3864311717723834,0.21622374012499995,778.9551467091993,2.288532375262954,1.0151782231010638,780.231148419711,1.9300594996352889,,COMPLETE
956,0.6761756801927147,2026-07-17 16:29:20.772824,2026-07-17 16:29:20.791162,0 days 00:00:00.018338,0.5791477179891374,779.4519321018124,191.9763352379867,2.994689676531439,0.35914438198254744,780.8773205206606,2.3610308220969243,0.7513149817561408,779.4723980683493,1.3736250588238428,,COMPLETE
957,0.926249565474881,2026-07-17 16:29:20.791162,2026-07-17 16:29:20.809530,0 days 00:00:00.018368,-0.9336284114559755,777.3525898926271,-183.5083810898917,1.0698385961291386,0.7460715517009222,779.7042603305043,1.5437122229766662,0.12879643567453522,780.5126661508833,0.4506446704340078,,COMPLETE
958,0.0771580650388104,2026-07-17 16:29:20.809530,2026-07-17 16:29:20.824905,0 days 00:00:00.015375,-0.020268185670561545,783.7783874550967,79.6378236011981,7.8258019065452284,0.8084913944410341,779.2717901366535,1.0526428848238274,0.07617077190595004,781.1146076254848,2.6601235904217893,,COMPLETE
959,0.3051680012998988,2026-07-17 16:29:20.824905,2026-07-17 16:29:20.840785,0 days 00:00:00.015880,-0.16033061577686097,776.3640992297895,107.39150328835518,4.755497718632141,0.592697376367745,778.9555898266069,2.180588724496195,0.2783002762264035,776.7485142741385,1.3321095537922214,,COMPLETE
960,2.3111809047784084,2026-07-17 16:29:20.840785,2026-07-17 16:29:20.864664,0 days 00:00:00.023879,1.4675131745865984,777.8306966809348,729.0982597521452,0.23828909893230918,0.7006232909477755,777.7970022006938,1.7099356402246317,0.9362448968762584,780.8749394882631,2.1898255189977536,,COMPLETE
961,0.45507361753874326,2026-07-17 16:29:20.864664,2026-07-17 16:29:20.885239,0 days 00:00:00.020575,-0.8717804373186426,780.0772892046241,-120.44179637334597,4.200780009052466,0.30993717486616695,781.9404516553809,2.6282343162014437,0.8720580454209469,778.3088578310293,1.428393990005742,,COMPLETE
962,0.3755628151564185,2026-07-17 16:29:20.885239,2026-07-17 16:29:20.900221,0 days 00:00:00.014982,-0.2320834926291858,783.7654885670481,344.65656585075385,6.620237357566473,0.9301913424507611,780.6933310459403,1.0178368250686587,0.08123159201048921,782.1548760484509,2.7259751232606177,,COMPLETE
963,0.10598285410664801,2026-07-17 16:29:20.900221,2026-07-17 16:29:20.920343,0 days 00:00:00.020122,0.5430685263525801,783.7041898560452,-158.87813189180153,4.879036933352531,0.8274269696898156,779.613914012101,1.0833993943624374,0.023347860461732386,782.3069097351221,2.7874416186703943,,COMPLETE
964,0.32636886205237553,2026-07-17 16:29:20.920343,2026-07-17 16:29:20.937864,0 days 00:00:00.017521,-0.6356074187595473,781.750544728706,224.7801850972931,6.313176976193288,1.0308699758449813,780.6421568464938,1.38436817334934,0.14896599351326895,782.5891902542812,1.8778237129354347,,COMPLETE
965,0.31764532327876577,2026-07-17 16:29:20.937864,2026-07-17 16:29:20.956765,0 days 00:00:00.018901,0.10713490428955902,782.6840764177086,-179.63216201882318,4.429919041754582,1.0045373832124231,779.9605392660225,1.354419694943644,0.4067203971561134,780.2239512662181,2.977643405314186,,COMPLETE
966,0.469804822473171,2026-07-17 16:29:20.956765,2026-07-17 16:29:20.976884,0 days 00:00:00.020119,-0.2965101408186998,776.5472339489877,134.24164047453507,1.2181170071726601,0.6423488602929244,782.1874855756051,2.1546258185160805,1.4938101254276628,780.4220942581667,0.10733267207699304,,COMPLETE
967,1000.0058123132244,2026-07-17 16:29:20.976884,2026-07-17 16:29:20.993221,0 days 00:00:00.016337,0.79308603917868,783.5748747224214,-113.21683232118369,3.4676751473594414,0.8057050150942753,780.0221016986737,0.9008798003510115,0.0267965434319605,779.9680189731467,2.486134715245223,,COMPLETE
968,0.23256279958862058,2026-07-17 16:29:20.993221,2026-07-17 16:29:21.013796,0 days 00:00:00.020575,0.5115758308394884,782.3489670624807,157.47693116637254,5.913844403624962,0.7383023282869136,779.2721817381903,0.9168943856623094,0.03085331414487469,780.8409386799024,2.956870702250343,,COMPLETE
969,0.6406269092195214,2026-07-17 16:29:21.013796,2026-07-17 16:29:21.029214,0 days 00:00:00.015418,1.3576269476651284,782.9626150185659,-7.205252452899259,3.184237942704338,1.0073586095389548,778.9906801610612,1.8862454809529003,0.03874731884463882,781.7755800180248,2.7908386823119984,,COMPLETE
970,0.36857224791030385,2026-07-17 16:29:21.029214,2026-07-17 16:29:21.055755,0 days 00:00:00.026541,0.08169780950235644,779.0672130911411,-179.6161981610512,2.2965353139165705,0.31225508669646895,780.9369592497907,0.9087732253699898,0.23112893457131028,778.5098557549602,2.052449794125878,,COMPLETE
971,0.9540174360750178,2026-07-17 16:29:21.055755,2026-07-17 16:29:21.082197,0 days 00:00:00.026442,0.7324258293096102,776.4000661655637,-97.41470875649168,0.4277028689811733,0.6995662108684515,781.309327697161,2.0310806193282502,1.1371711885295996,778.3449430913761,0.7062561638896322,,COMPLETE
972,0.33145475025166493,2026-07-17 16:29:21.082197,2026-07-17 16:29:21.110415,0 days 00:00:00.028218,0.8069866553772582,783.3413431701064,3.210493435450985,4.980627837467348,0.5314105580832194,779.8727397152842,0.8697996879412654,0.20847216930304513,783.1537290464526,2.6755769158971807,,COMPLETE
973,0.3467036039437155,2026-07-17 16:29:21.110415,2026-07-17 16:29:21.138462,0 days 00:00:00.028047,0.2276129405322746,776.4066276715137,-225.41434474740487,5.642391540117345,0.0333766984243653,779.5754262654127,0.7916152095085996,0.2937036700849658,779.25512988439,1.6518382890439993,,COMPLETE
974,0.35591182542649136,2026-07-17 16:29:21.138462,2026-07-17 16:29:21.157675,0 days 00:00:00.019213,0.6543500560796458,777.270586648515,-109.0937514925806,4.8496907275618755,0.6658566441444194,778.8229133842842,1.2082945801580425,0.216535543683266,778.6603960990041,1.666236366573092,,COMPLETE
975,0.22279136963964355,2026-07-17 16:29:21.157675,2026-07-17 16:29:21.173180,0 days 00:00:00.015505,-0.3493683537356092,782.4922088423767,295.1894663328311,7.82523592107721,0.4897270973342692,780.0205638535685,1.8750698706130577,0.06962606766640247,783.6134410883434,0.9381835113903189,,COMPLETE
976,0.38889975094718726,2026-07-17 16:29:21.173180,2026-07-17 16:29:21.198947,0 days 00:00:00.025767,0.7626119750521518,783.5946704126783,83.23903519913765,6.026127124734763,0.9002672328989768,777.9257542939788,0.12629445809815742,0.11393777099230676,781.0085211971385,2.790453740027974,,COMPLETE
977,0.2654140519972642,2026-07-17 16:29:21.198947,2026-07-17 16:29:21.219122,0 days 00:00:00.020175,0.0042992096411342,777.2780473121678,-143.5808333399932,1.2828456289088108,0.4691575059882485,782.0057939284153,2.731048060361888,0.8139290289124493,778.9301792557303,1.685290962598196,,COMPLETE
978,1.6603612099106981,2026-07-17 16:29:21.219122,2026-07-17 16:29:21.245900,0 days 00:00:00.026778,-0.12067083142343689,778.9074834816874,1058.2297488835025,1.2033689838611377,1.1489116788393905,776.6070150477801,0.47996178044533555,1.4909001169940153,779.7566979415752,2.620302939987151,,COMPLETE
979,0.7213491038326006,2026-07-17 16:29:21.245900,2026-07-17 16:29:21.266414,0 days 00:00:00.020514,-0.6045661125237847,776.3143353872276,-236.50368696877223,2.3461176561642776,0.762053433443369,781.0497699558156,1.3500895835311941,0.27597853653157667,780.5657719114049,0.9853431037735262,,COMPLETE
980,0.21057345914797462,2026-07-17 16:29:21.266414,2026-07-17 16:29:21.287168,0 days 00:00:00.020754,0.058102563105554866,776.1786555301244,-15.02178175274787,6.714795857785529,0.568007482170898,780.9008968730243,1.4398560699507723,0.4135262392801285,779.1194993789525,1.4545332121677221,,COMPLETE
981,0.7625761918047632,2026-07-17 16:29:21.287168,2026-07-17 16:29:21.303346,0 days 00:00:00.016178,-0.8412348838765783,777.0655646701947,38.205704913214255,0.5995885636017577,0.5720417045804337,782.9517462837207,2.4220894105627604,0.9322662096970589,778.2928217297964,0.5074612469982,,COMPLETE
982,0.822242779252187,2026-07-17 16:29:21.303346,2026-07-17 16:29:21.319185,0 days 00:00:00.015839,0.1738182214931906,783.1120310833751,504.7094709370759,6.017663430443345,0.9880125098027451,778.6590083723717,2.5096624710890336,0.11917188054808805,783.6962162862436,2.235305185653264,,COMPLETE
983,0.4541806539676886,2026-07-17 16:29:21.319185,2026-07-17 16:29:21.334634,0 days 00:00:00.015449,0.40804900675801603,783.4090791271219,-173.10493214485743,3.880386475193699,0.6832875455503822,780.5126693669553,0.2623571019033666,0.08380142494736437,781.952698453563,2.1702520992113024,,COMPLETE
984,0.19237836763183183,2026-07-17 16:29:21.334634,2026-07-17 16:29:21.360789,0 days 00:00:00.026155,-0.32931109740602293,783.8702757342762,327.14706651456777,6.587714831707241,0.7817419388205513,779.2395933587088,1.2435396657915727,0.1740187608137161,782.3913254057555,2.346836834080806,,COMPLETE
985,0.44504411690746054,2026-07-17 16:29:21.360789,2026-07-17 16:29:21.390517,0 days 00:00:00.029728,0.699282815516603,783.1068902347538,192.2199307102871,2.747130404991686,0.7666590740688841,778.2452089386117,1.49658974131966,0.07415900334511158,783.7942259412642,2.9170614096249694,,COMPLETE
986,0.4269215053579626,2026-07-17 16:29:21.390517,2026-07-17 16:29:21.408816,0 days 00:00:00.018299,0.28859876539476564,780.4112980765979,-271.7097479426234,3.4203082337770887,0.8386504728250782,777.4975472545622,0.9526288400103409,0.2328565836361558,781.4845067197397,2.5588306980707682,,COMPLETE
987,0.443673140733264,2026-07-17 16:29:21.408816,2026-07-17 16:29:21.425758,0 days 00:00:00.016942,-0.3288113399207868,778.1402128301306,-302.1628009186867,1.5675693754516498,0.18861104258449737,782.2764823053361,2.454316935434859,0.599838817524468,778.876978777001,2.078815120084728,,COMPLETE
988,0.5502789701038059,2026-07-17 16:29:21.425758,2026-07-17 16:29:21.442219,0 days 00:00:00.016461,-0.2864281839177961,783.5122948728667,1113.2444141177025,6.161153789028556,0.7321545071210186,779.4202664144851,0.3831830463401331,0.01696610567425338,783.9892473989698,0.42002664412137053,,COMPLETE
989,0.20205214207383895,2026-07-17 16:29:21.442219,2026-07-17 16:29:21.458218,0 days 00:00:00.015999,0.16785670301226047,783.9230134101963,-92.89941993879592,3.9891987720121014,0.8041276255299447,780.1010130432356,1.1537099406182008,0.09031795505398574,782.2785341077569,2.9246807087387987,,COMPLETE
990,0.7751142340713785,2026-07-17 16:29:21.458218,2026-07-17 16:29:21.475864,0 days 00:00:00.017646,0.07700186586703388,776.7240891142707,906.526259451075,0.41080601517811766,1.15272631243671,779.8430995043536,0.1087941574324991,1.380397945141956,783.7508750635758,0.2983012377664447,,COMPLETE
991,0.30398257438233045,2026-07-17 16:29:21.475864,2026-07-17 16:29:21.493879,0 days 00:00:00.018015,-0.8527987324680197,783.450531233186,-57.36938335933689,2.4006506437405792,0.9415543652897091,781.0327533191685,1.7932136038713131,0.03361409745125424,782.2410720504437,2.1363894598476216,,COMPLETE
992,1.7791493107353598,2026-07-17 16:29:21.494885,2026-07-17 16:29:21.512135,0 days 00:00:00.017250,1.4951766368453132,780.3154641951983,155.11356160775165,0.15784446156067683,0.3553213528539446,782.5034719336811,2.4011787908337068,1.1048194099177733,780.1947648466368,2.8386672533713346,,COMPLETE
993,0.4220083374436263,2026-07-17 16:29:21.512135,2026-07-17 16:29:21.529873,0 days 00:00:00.017738,0.567648623959994,783.4273850033603,21.963456034532726,1.0952734803769137,0.04436279162453738,776.6937423080759,0.12883399455102462,0.179066074896173,778.6972648666471,0.9595553432796295,,COMPLETE
994,0.46786804101729634,2026-07-17 16:29:21.529873,2026-07-17 16:29:21.546153,0 days 00:00:00.016280,-1.0535917228293283,782.7357104755118,-231.62119408771517,5.966477837677424,1.3174878468271323,781.0765525061719,1.3036953766258605,0.5643913544047978,780.0588850910138,2.462874787835678,,COMPLETE
995,0.9725057143239139,2026-07-17 16:29:21.546153,2026-07-17 16:29:21.564013,0 days 00:00:00.017860,1.24631856454921,783.5343415250318,-182.14858161667755,3.8477392004065285,1.0728288213715322,781.7348940543744,1.7585225887625795,0.42703834985000594,783.606931289129,2.148233805330303,,COMPLETE
996,0.2608945768326551,2026-07-17 16:29:21.564013,2026-07-17 16:29:21.583004,0 days 00:00:00.018991,-0.09335788036593984,781.6120100149282,-92.73057406609695,1.0740812758260057,0.3334607148396036,782.4980339218723,2.1619420925245203,0.5594190792470621,779.9818666841579,1.9621536398981583,,COMPLETE
997,0.2988297266654643,2026-07-17 16:29:21.583004,2026-07-17 16:29:21.601563,0 days 00:00:00.018559,0.8123614229276948,783.5854738446191,-255.87526236411907,5.657615661348393,0.47414610304858607,778.1303046184996,1.5124017280027926,0.2710606272388544,781.9654219986464,2.8133519574683654,,COMPLETE
998,0.4613347642985436,2026-07-17 16:29:21.601563,2026-07-17 16:29:21.619155,0 days 00:00:00.017592,-0.08729665412846682,783.5373788399048,-276.95804943278915,7.2199292410812195,0.5395872205790757,779.0034996225852,1.0948083855260595,0.03182481861433763,782.2122415493247,2.963723289688648,,COMPLETE
999,1000.0093780812128,2026-07-17 16:29:21.620154,2026-07-17 16:29:21.643194,0 days 00:00:00.023040,0.16037747240068193,777.5386173352491,-87.41307196735212,1.179277080894996,0.44541548394108316,781.1870189065257,1.6126501275183027,0.2741300241104707,781.1611057481068,1.596051609889533,,COMPLETE
1000,0.2753680733917314,2026-07-17 16:29:21.643194,2026-07-17 16:29:21.662193,0 days 00:00:00.018999,0.7695841404871291,782.8100520730652,-138.55535400225693,1.6190388661531898,1.1141441288384595,779.581098059359,1.0031553658228543,0.2125987827141408,783.506565785122,2.4004914411455682,,COMPLETE
1001,0.7863600030191653,2026-07-17 16:29:21.662193,2026-07-17 16:29:21.682447,0 days 00:00:00.020254,0.8707258824751162,780.8829174600953,568.6120655477757,1.4694604764068686,0.1613149217852854,783.8800359289022,1.0894000182310548,0.451335911760365,777.1254773640474,1.1887662159943766,,COMPLETE
1002,0.9501727801921077,2026-07-17 16:29:21.682447,2026-07-17 16:29:21.701284,0 days 00:00:00.018837,0.047797069997600555,782.3813671366843,1123.320196957574,0.636627506730182,0.3296207653863228,782.2228563533919,1.3483965290231277,1.273180917639609,783.3734981386897,0.22912883321855126,,COMPLETE
1003,0.29426194458751453,2026-07-17 16:29:21.701284,2026-07-17 16:29:21.725519,0 days 00:00:00.024235,-1.1265761895895086,783.0832075114612,46.77083376091335,3.85865772077342,1.1363096424693975,778.6463412245733,1.7181830689428301,0.3050044180871685,783.3298326097726,2.3373248555392756,,COMPLETE
1004,0.29291249160830046,2026-07-17 16:29:21.725519,2026-07-17 16:29:21.744431,0 days 00:00:00.018912,-0.49563111089576195,781.1071578744156,641.7837872515557,5.104147664023335,0.11675087794504546,779.4759512760453,2.5185693717148094,0.1672960447789673,778.4496233967541,0.5895664928973613,,COMPLETE
1005,0.5021158347478565,2026-07-17 16:29:21.744431,2026-07-17 16:29:21.762740,0 days 00:00:00.018309,0.12147953526889727,776.2931876662991,-35.07535072665402,1.2770446257766321,1.1267756064204864,780.6370021933742,1.76535653903435,0.2035284718011959,780.1451495743189,1.0597448102208376,,COMPLETE
1006,0.912819421095493,2026-07-17 16:29:21.762740,2026-07-17 16:29:21.778559,0 days 00:00:00.015819,-1.474060530374703,776.1059701005134,1009.116429039879,0.14046259756143645,1.3894814628322618,779.8770972957619,0.1184466827298738,0.9536407550632285,783.3441792135847,1.3367768017964883,,COMPLETE
1007,0.35329067216984733,2026-07-17 16:29:21.778559,2026-07-17 16:29:21.795707,0 days 00:00:00.017148,-0.39813421754678713,780.6594830958204,-21.2910536104164,3.0459528194406746,0.007381662711642478,780.7749515194344,2.7651449270950863,0.6213551590326186,780.422323400118,1.4391549711012266,,COMPLETE
1008,0.5946676773034497,2026-07-17 16:29:21.795707,2026-07-17 16:29:21.814710,0 days 00:00:00.019003,-0.041045719278071435,782.7399111046444,349.5357579993317,6.025388019808814,0.6331436861827809,782.1200004503636,1.4399711622168412,0.2973721716998918,781.5057601049284,1.5026643752637558,,COMPLETE
1009,0.41882494081991345,2026-07-17 16:29:21.814710,2026-07-17 16:29:21.838767,0 days 00:00:00.024057,-0.863868377812752,782.1380604617012,406.3110590584375,5.4064359502426855,1.025138027047223,778.5550472116875,1.4146808151936123,0.45993079961073485,779.662815420394,1.3894993227026589,,COMPLETE
1010,0.21248474873688344,2026-07-17 16:29:21.838767,2026-07-17 16:29:21.857769,0 days 00:00:00.019002,-0.41290365946247953,779.0515998763819,-30.866347457820638,1.9448516325596452,0.3958881352475213,781.1726234424335,2.7594872477367796,0.86461674937147,779.168697631123,1.99643860859365,,COMPLETE
1011,0.18168898417255777,2026-07-17 16:29:21.857769,2026-07-17 16:29:21.876986,0 days 00:00:00.019217,-1.0157691437353917,776.2036072955162,466.8409085000066,1.116605047192682,0.43784018941527614,782.2678164963745,2.072870111280479,1.4713568223651343,779.2337209576452,1.2032441614553386,,COMPLETE
1012,0.37524725016145105,2026-07-17 16:29:21.876986,2026-07-17 16:29:21.898565,0 days 00:00:00.021579,0.16912557995165195,783.7855130637085,495.0644111108751,1.1472116116002293,0.07800761619449137,776.9401659494623,1.6554261287315584,0.34749817712249453,778.0144774561792,0.2462465492848145,,COMPLETE
1013,0.3907773614453232,2026-07-17 16:29:21.898565,2026-07-17 16:29:21.918101,0 days 00:00:00.019536,0.5638831350139578,782.8904839240869,-226.4646305274095,4.968436272441611,0.7424040622417363,780.8123696685163,0.9023434266811174,0.00910804567996177,782.7848644995449,2.9468841149141616,,COMPLETE
1014,0.13844235389398826,2026-07-17 16:29:21.918101,2026-07-17 16:29:21.937103,0 days 00:00:00.019002,0.20702926443316122,783.324730018237,-42.88911665772235,5.523796928278154,1.0914685903280106,779.3625807831917,0.6789137164673497,0.11758801349125289,782.0946642025779,2.694912923126534,,COMPLETE
1015,0.3923081244696436,2026-07-17 16:29:21.937103,2026-07-17 16:29:21.956279,0 days 00:00:00.019176,0.4547473235076268,782.555292887821,130.30267932697737,6.353288849752491,1.1248466194299371,780.7433224250467,0.2271264589412264,0.00559710452773729,782.4369213647607,2.4020080653726787,,COMPLETE
1016,1000.00464821574,2026-07-17 16:29:21.956279,2026-07-17 16:29:21.972285,0 days 00:00:00.016006,-1.143206536664184,783.2228337352938,-106.84959739189738,0.2951299572182256,1.1410639308001567,780.1648522711446,2.1911366521872293,0.13091881306051573,780.1015731754904,2.866661160221951,,COMPLETE
1017,0.5932424153240686,2026-07-17 16:29:21.972285,2026-07-17 16:29:21.994445,0 days 00:00:00.022160,-0.17149555228741042,777.2799743621987,-272.543381909408,1.3294262012649798,0.754995155220219,778.8992119155505,0.41263344381010736,0.32443557845400917,782.5922812605273,1.4466050332563605,,COMPLETE
1018,2.2694426495699087,2026-07-17 16:29:21.994445,2026-07-17 16:29:22.011768,0 days 00:00:00.017323,1.4809116715320094,779.7595559453684,1093.1936083813405,0.16833794227919796,1.2492577292952676,783.5321144303168,2.3887207565486834,0.18228419914432548,782.8426561699152,0.238084945459776,,COMPLETE
1019,0.5918368493522729,2026-07-17 16:29:22.011768,2026-07-17 16:29:22.029015,0 days 00:00:00.017247,-1.4857393896489637,783.9331455223091,-241.1487055438114,1.4137768176469334,0.4797266634181958,778.6352728310657,1.259603033399372,0.06987059071646409,781.9720819455075,2.8678001671385966,,COMPLETE
1020,0.1283949104612816,2026-07-17 16:29:22.029015,2026-07-17 16:29:22.047295,0 days 00:00:00.018280,0.19205641261538392,783.6804079443689,-32.42366650620134,3.8824179528041096,0.9062365994600023,779.5384533657253,1.2225118658377114,0.17379117722301832,781.0950125956172,1.9608156029427963,,COMPLETE
1021,0.6499284856111841,2026-07-17 16:29:22.047295,2026-07-17 16:29:22.065128,0 days 00:00:00.017833,0.10731632361650903,776.3575165792587,755.9080124066364,0.48748188688419425,0.24377471640772563,777.8773944192839,2.026814826267662,0.3073522251185755,777.2774668377585,0.862597226540052,,COMPLETE
1022,0.6612109635210576,2026-07-17 16:29:22.065128,2026-07-17 16:29:22.087104,0 days 00:00:00.021976,0.564137527417216,782.7690105215313,175.78976808601456,7.48453180877308,0.7222040484574473,779.40047013727,1.5847507556837503,0.47680254112541687,781.5536836039331,2.1396782139627293,,COMPLETE
1023,0.6377122208716017,2026-07-17 16:29:22.087104,2026-07-17 16:29:22.109633,0 days 00:00:00.022529,-1.433755093373297,780.0020588661732,1020.5610885890587,1.1433683954600102,1.0344157476603897,778.5776688570202,1.0586728398029814,0.31273788203274416,783.7309899419434,1.4315642277614502,,COMPLETE
1024,0.6276210237212204,2026-07-17 16:29:22.109633,2026-07-17 16:29:22.127157,0 days 00:00:00.017524,-0.38838077341050614,776.1163091865325,-275.47994854713784,1.2821624821371103,0.3086948251912188,783.2821567908311,2.768816794570569,0.4294176711835301,779.7928609917159,1.5085493888186763,,COMPLETE
1025,0.2421390403609902,2026-07-17 16:29:22.127157,2026-07-17 16:29:22.143162,0 days 00:00:00.016005,0.4739984765651484,781.315931659654,-246.95265309580216,3.0551825538992805,0.5990695199323018,779.9250714819403,1.7401322866591653,0.049853352297346006,783.1126102927268,2.0176416498010212,,COMPLETE
1026,0.3237230657600119,2026-07-17 16:29:22.143162,2026-07-17 16:29:22.160604,0 days 00:00:00.017442,-0.33394275422232145,783.2569963797575,23.04698015381372,4.958698866090241,0.8543844937043671,780.7539001634796,1.1902014203896685,0.06500470799436092,780.4345365553455,2.664499425534004,,COMPLETE
1027,0.4950608528576761,2026-07-17 16:29:22.160604,2026-07-17 16:29:22.178688,0 days 00:00:00.018084,-1.1363924570284492,780.7655520317966,929.930788363341,5.603242927724357,1.072945774787652,780.7554945471167,1.1654294350024113,0.3840057897163832,783.2978256145946,1.1823943599629443,,COMPLETE
1028,1.4886082246048113,2026-07-17 16:29:22.178688,2026-07-17 16:29:22.205057,0 days 00:00:00.026369,0.2730728661635712,777.8839932063222,796.4746081108303,0.10060715907888684,0.2929495613192097,782.9712495528948,0.8813902060407722,1.2219008062723797,780.996238537442,2.6791720235984267,,COMPLETE
1029,0.18365242675983276,2026-07-17 16:29:22.205057,2026-07-17 16:29:22.229273,0 days 00:00:00.024216,0.7167333640148815,783.969044166198,-131.1143150885863,6.222943320866015,0.6604214585736095,779.2908629311512,1.1462054468790799,0.14922152083728352,782.1746675465874,2.1540026394251335,,COMPLETE
1030,0.6069339081961864,2026-07-17 16:29:22.229273,2026-07-17 16:29:22.246271,0 days 00:00:00.016998,-1.495190111683884,783.0672603303356,365.68835639854933,0.9233234690159536,0.9692127126196499,779.3730491363069,0.9541069950442844,0.5871749127261993,778.3073854944894,2.735732996768997,,COMPLETE
1031,0.8431525811250138,2026-07-17 16:29:22.246271,2026-07-17 16:29:22.264457,0 days 00:00:00.018186,1.4290156592100318,782.5384893507223,120.10131834778556,7.260751164320436,1.0300991606303138,778.0087876354265,1.2189728474135018,0.13171403635102516,779.9149490318453,1.9289072417327855,,COMPLETE
1032,0.27938400870295443,2026-07-17 16:29:22.264457,2026-07-17 16:29:22.284054,0 days 00:00:00.019597,-1.115401809220231,781.7897310546882,654.0643248708758,7.737619540987247,1.3551625463597414,778.8080305305971,0.7547468650437604,0.2373715475707606,781.1869491085383,0.9118100831025945,,COMPLETE
1033,0.33395498784833966,2026-07-17 16:29:22.284054,2026-07-17 16:29:22.301054,0 days 00:00:00.017000,0.31494872795479323,782.623116698869,207.64050730865534,4.858005358427129,1.0731675579614428,778.6908124389452,0.2877775039051059,0.08919697088725685,783.6817957118897,2.837695162427683,,COMPLETE
1034,0.38710334484126147,2026-07-17 16:29:22.301054,2026-07-17 16:29:22.319916,0 days 00:00:00.018862,0.2636216005553945,783.5931735593568,200.09618565550875,1.3970100534415435,0.7799311974183453,778.8984779959226,1.6494470337211458,0.35090137962572265,780.1791548653923,1.4731918574013985,,COMPLETE
1035,0.5078199442521262,2026-07-17 16:29:22.319916,2026-07-17 16:29:22.347778,0 days 00:00:00.027862,-0.5838772161620086,777.2491204375895,-180.0495084006927,1.183090845827727,0.4036375196911684,779.8883315729532,1.8462797978151155,0.7523960789044107,778.5690131864283,1.547156219582541,,COMPLETE
1036,0.4735304535133375,2026-07-17 16:29:22.347778,2026-07-17 16:29:22.367157,0 days 00:00:00.019379,-0.12161229101977833,776.702333463703,-223.5697917975596,4.182266678098298,0.45245445471759327,780.484318207419,0.9483088189951936,0.21916459427271046,780.1926499502379,1.2861005121741051,,COMPLETE
1037,0.38870754954506526,2026-07-17 16:29:22.367157,2026-07-17 16:29:22.386347,0 days 00:00:00.019190,-0.09939250714154879,776.276941275915,158.1433696965376,0.7398137183248921,0.5559516289241297,781.4851650928523,2.256024868082393,0.7102935472276501,780.93166688103,0.17324248935250486,,COMPLETE
1038,0.9703516304747551,2026-07-17 16:29:22.386347,2026-07-17 16:29:22.404747,0 days 00:00:00.018400,1.4944855609315053,778.9940689603075,293.24173624455096,5.1424881486360565,0.49926472425832635,777.1105863430845,0.4246469862742772,0.6557137766781966,778.476435293658,0.7677961243819988,,COMPLETE
1039,0.4356783354042162,2026-07-17 16:29:22.404747,2026-07-17 16:29:22.423807,0 days 00:00:00.019060,-0.1657760872236988,779.0584315560676,313.6373583569575,4.44487885729422,0.39763126791562525,781.7242692616737,2.5356387280841126,0.37461217316249945,781.3068737310314,1.5469222155000308,,COMPLETE
1040,0.36271649115347016,2026-07-17 16:29:22.423807,2026-07-17 16:29:22.442919,0 days 00:00:00.019112,-1.3766056628115446,781.5674482680881,125.89699754823644,4.391151900934225,0.9691287678149773,780.5348950713549,1.8510199225110324,0.07162378095817273,780.9275615873045,0.26273679481564816,,COMPLETE
1041,0.34778262288103406,2026-07-17 16:29:22.442919,2026-07-17 16:29:22.460916,0 days 00:00:00.017997,-0.4659243935209796,777.5474975961494,566.400403110409,1.658235931216956,0.9087464913007735,778.715942492172,0.4613307010765204,0.04645469525343282,776.6025101730806,0.4611004237905174,,COMPLETE
1042,0.693390120026148,2026-07-17 16:29:22.460916,2026-07-17 16:29:22.479224,0 days 00:00:00.018308,-0.5100614927636569,776.1402916887196,40.68650476218029,0.24222306366889235,0.6003565350619149,782.1584860556176,1.6479955602396976,0.11911050162432468,778.5160341733769,0.6343694318829799,,COMPLETE
1043,0.19429111525727535,2026-07-17 16:29:22.479224,2026-07-17 16:29:22.499225,0 days 00:00:00.020001,-1.1575143884904096,783.3854475542306,259.0593292027969,5.866864461768798,0.9556939123669067,779.4949501642574,2.276823666698704,0.0635823771760415,781.808215995428,2.4749590362517093,,COMPLETE
1044,1000.0099869487019,2026-07-17 16:29:22.499225,2026-07-17 16:29:22.519696,0 days 00:00:00.020471,0.5627776054678764,783.5896753555414,716.0222494750217,7.8517536689490415,1.0714714681271662,779.3220477876604,1.5892000930435506,0.04724028764536919,779.3431508929152,2.9823953181517644,,COMPLETE
1045,2.305919253465279,2026-07-17 16:29:22.519696,2026-07-17 16:29:22.540158,0 days 00:00:00.020462,1.0000158376474964,776.4983692521846,1004.7877042329654,1.6625164714371392,0.25261592564806795,777.9273059159239,0.8018807961837837,1.445792092018198,780.7594956544319,2.30789066285674,,COMPLETE
1046,1000.0000703885798,2026-07-17 16:29:22.541161,2026-07-17 16:29:22.559157,0 days 00:00:00.017996,-0.3039266438466218,781.9120498705466,251.82604070588357,2.584886741720007,1.0018865616006039,780.1428712619442,0.5796576020674881,0.40037291463791563,780.2423151921633,2.8316193019602243,,COMPLETE
1047,0.5799888227487243,2026-07-17 16:29:22.559157,2026-07-17 16:29:22.577499,0 days 00:00:00.018342,-0.6910712377904222,783.4566325487378,228.40581606533843,0.14657443963631717,0.10148262318512458,777.3544973408915,0.42725927135731423,1.3938010479014877,783.0770755023884,0.4102300504742642,,COMPLETE
1048,0.24496017543450346,2026-07-17 16:29:22.577499,2026-07-17 16:29:22.597455,0 days 00:00:00.019956,0.06455407890141987,776.226587946723,-144.3327136165641,4.8809455675016125,1.1658978602595467,779.3618284708467,1.6247434142672716,0.3554271377863582,780.071963719018,0.4835206063180273,,COMPLETE
1049,0.4142813739290823,2026-07-17 16:29:22.597455,2026-07-17 16:29:22.615006,0 days 00:00:00.017551,0.3768009634614898,782.8136190769777,-151.3378957539881,3.67935219091675,1.023770639441176,777.5945767948147,1.307151406682756,0.26763046451034356,781.0454408606964,1.4415845551353308,,COMPLETE
1050,0.400101742617203,2026-07-17 16:29:22.616005,2026-07-17 16:29:22.633009,0 days 00:00:00.017004,0.7295515477710439,783.8236852114892,-32.75383661621525,6.766148032865709,1.1510328079628434,780.0829514255856,1.1489169803999786,0.05933171442998592,781.6806873398028,2.2968441140199314,,COMPLETE
1051,0.3548433956363237,2026-07-17 16:29:22.634012,2026-07-17 16:29:22.651243,0 days 00:00:00.017231,-0.07532971394069238,783.0298456413525,-83.7946846229731,4.179242188481609,0.8241461345693082,778.2738845499684,0.9335491838865047,0.11660515760771532,781.9292832193526,2.4623188135884244,,COMPLETE
1052,1.358016657464104,2026-07-17 16:29:22.651243,2026-07-17 16:29:22.669284,0 days 00:00:00.018041,-0.9996007372322058,783.2215772749528,1186.1697819783085,0.22913585935621383,0.067776706256796,782.4609786297103,2.9171939575115813,1.4365688304719477,777.6115799713292,1.9081781138292786,,COMPLETE
1053,0.4688522202786173,2026-07-17 16:29:22.669284,2026-07-17 16:29:22.686284,0 days 00:00:00.017000,0.12831195157593567,783.5480644206442,8.556621352788163,1.5228819431888594,1.1829409883273585,780.035594750531,2.223468461216159,0.022252785322756236,782.0260326044902,2.0068585391844196,,COMPLETE
1054,0.14960039310443243,2026-07-17 16:29:22.686284,2026-07-17 16:29:22.704334,0 days 00:00:00.018050,0.09974096632695456,777.895894429168,-89.51082683920886,2.2966957059289217,0.07878425037940018,780.6445858505565,2.363182789449782,0.6996332845181671,779.8094871072304,1.6307720603839886,,COMPLETE
1055,0.4763101814340027,2026-07-17 16:29:22.704334,2026-07-17 16:29:22.731828,0 days 00:00:00.027494,-0.3096577824476845,777.9209087520469,110.27575307485823,2.1665077706118674,0.38797071688345536,781.136959292917,2.8762797341394037,0.6195175802015982,782.8544288659642,0.9565563914399708,,COMPLETE
1056,0.15608297628580084,2026-07-17 16:29:22.731828,2026-07-17 16:29:22.750828,0 days 00:00:00.019000,-1.014202067566533,782.3531105043313,-78.83147986310856,6.113156309941139,1.202110346419958,779.8796685284867,2.3965426752542385,0.2913202315276269,783.0879061453128,0.7096628978202872,,COMPLETE
1057,0.3789049345171675,2026-07-17 16:29:22.750828,2026-07-17 16:29:22.768090,0 days 00:00:00.017262,0.3197866024482935,777.9200586841703,-162.72874179735402,0.942930163029439,0.6582593466150752,777.7211705136143,1.4164161805383575,0.29357018392727136,777.878821824516,0.7251803740348358,,COMPLETE
1058,0.22290192139281173,2026-07-17 16:29:22.768090,2026-07-17 16:29:22.786088,0 days 00:00:00.017998,-1.257541883451566,782.0931617672085,162.49003486990824,5.448466188932388,1.1265801213082178,779.3855955027626,2.414736596467998,0.3569803894683389,782.7699880457536,1.185795826517274,,COMPLETE
1059,0.5688286184926779,2026-07-17 16:29:22.786088,2026-07-17 16:29:22.804480,0 days 00:00:00.018392,0.6154106993180384,782.8203472877594,516.3738402558196,0.14865538314967996,0.12265285909358914,776.2405222463545,2.776870324624668,0.7620656748701453,781.6573587891884,0.3410704363611252,,COMPLETE
1060,0.9935168830393404,2026-07-17 16:29:22.804480,2026-07-17 16:29:22.823096,0 days 00:00:00.018616,-1.4238626775687748,777.7649265240369,362.564368098175,2.2678790309469097,1.4766179617225963,782.41760261132,0.40168812702578816,0.10805621492124606,777.7962376018261,2.813011901856137,,COMPLETE
1061,0.4803387458637466,2026-07-17 16:29:22.823096,2026-07-17 16:29:22.840098,0 days 00:00:00.017002,-0.6812836908706643,782.6394104982548,371.85946470315673,4.483310124229609,0.8400727302134763,778.9467297175311,1.6785707806137946,0.7006855961714445,782.9659857419475,2.3607289529285986,,COMPLETE
1062,0.33934538366251576,2026-07-17 16:29:22.840098,2026-07-17 16:29:22.856148,0 days 00:00:00.016050,-1.3713101004298565,782.7801062997523,-160.6206786604,7.844502068684529,1.1658755743845155,780.490634673428,2.4552317399560133,0.17292260991499986,781.813585319453,0.6752944725747676,,COMPLETE
1063,0.7987486118575399,2026-07-17 16:29:22.857147,2026-07-17 16:29:22.876188,0 days 00:00:00.019041,-1.2720559537325205,783.1988766892787,43.68879222896511,2.870698864954676,1.3550136176072594,780.3542629751317,2.2521798646574607,1.053742395193562,781.3351889480854,1.2730803377492874,,COMPLETE
1064,0.4130455989257754,2026-07-17 16:29:22.876188,2026-07-17 16:29:22.894187,0 days 00:00:00.017999,-1.4563376336706875,783.0389717762741,-106.19241871179835,1.8099961658232924,1.3919654305062783,779.0984871375803,2.2340409717483225,0.37869335634208645,782.602057672653,0.8750719155993026,,COMPLETE
1065,1.1233573615226768,2026-07-17 16:29:22.894187,2026-07-17 16:29:22.913237,0 days 00:00:00.019050,-0.0013451179578890127,780.8611286720861,688.8235718099709,0.44902580977078,1.439581499399214,776.3044835222005,1.8191193996081771,1.2729643638136339,782.1114895065829,0.6244333165979816,,COMPLETE
1066,0.22017920689838452,2026-07-17 16:29:22.913237,2026-07-17 16:29:22.933811,0 days 00:00:00.020574,-0.4736666628215823,782.0120441791759,105.86962054619741,0.4949189668574104,0.9890148372148568,780.07381519237,1.1130706845543716,0.0618703273962497,781.2730116589366,2.116429843484455,,COMPLETE
1067,0.5625797592949301,2026-07-17 16:29:22.933811,2026-07-17 16:29:22.950810,0 days 00:00:00.016999,-0.44310137221276036,782.5159823361807,281.8236997536917,2.1907996357813513,1.0750508990027208,780.3469201276012,2.495385304617386,0.5095006752257984,783.9759391647306,0.578578771909489,,COMPLETE
1068,0.5038050636225573,2026-07-17 16:29:22.950810,2026-07-17 16:29:22.969810,0 days 00:00:00.019000,-1.291138742473164,779.6887602128013,-97.76188112125011,6.71776467463627,1.3476438115167069,781.1649571037033,2.51844987664606,0.5132812391353796,782.74710871867,1.5859974958577665,,COMPLETE
1069,0.3578549498028763,2026-07-17 16:29:22.971076,2026-07-17 16:29:22.987810,0 days 00:00:00.016734,-0.17331267474036627,781.8830437646338,-3.9974567900718796,6.518202279458269,0.964197572112305,779.9373498144074,2.2302455996421062,0.48271630118634595,783.129951635184,0.6383048808836753,,COMPLETE
1070,0.16512230142867507,2026-07-17 16:29:22.987810,2026-07-17 16:29:23.008859,0 days 00:00:00.021049,-0.38299566851691375,777.1964027551113,45.711735832347074,5.809657220489369,0.22103223207951017,778.3292236420363,2.6467970916685992,0.8934799099886168,780.0348556319531,1.1405480807380914,,COMPLETE
1071,0.7544575218064763,2026-07-17 16:29:23.008859,2026-07-17 16:29:23.027456,0 days 00:00:00.018597,0.23374607180717033,783.7894706533459,41.87676963124812,6.274696842957416,1.0504504410542608,782.552089093715,2.4686322560662766,0.18610661698523293,782.7996733432584,1.6901753468045804,,COMPLETE
1072,0.9331163529409127,2026-07-17 16:29:23.027456,2026-07-17 16:29:23.046456,0 days 00:00:00.019000,0.958768939156939,778.4419055645267,269.0499988685196,1.951436479457011,0.06961551703725521,780.1915186672518,1.9948296902308074,0.5457943972563325,780.3965523950741,2.1342089831855113,,COMPLETE
1073,0.4992053074034232,2026-07-17 16:29:23.046456,2026-07-17 16:29:23.066456,0 days 00:00:00.020000,0.11134212596001958,783.7372062924521,288.60256373543393,4.725867985003612,0.8831303215311461,780.8660302249316,1.8005806731477674,0.007218746129927567,782.1238272749038,1.9907997329674014,,COMPLETE
1074,0.29016290578021386,2026-07-17 16:29:23.066456,2026-07-17 16:29:23.090252,0 days 00:00:00.023796,-0.1678248269846046,778.622193957374,-234.61583333255635,1.9860049882088904,0.24970121141096083,779.2952707295818,2.020275171791327,0.806727726804108,779.0416044239083,1.107235119121587,,COMPLETE
1075,0.1467195603074615,2026-07-17 16:29:23.090252,2026-07-17 16:29:23.111388,0 days 00:00:00.021136,-0.7184978314896773,782.29374535688,189.02328582625614,7.489738480170906,0.7970774948430425,779.359661124728,1.5631882378127624,0.08441565783864191,782.0832869848875,2.8564347569758737,,COMPLETE
1076,0.20795389812389825,2026-07-17 16:29:23.111388,2026-07-17 16:29:23.130898,0 days 00:00:00.019510,-0.1372721503891663,777.5917149637263,-163.85918001190524,3.8291384081466826,0.09042122591903028,780.9975074098725,1.970296578427737,0.6984597272012555,779.8864595558771,2.056773832072299,,COMPLETE
1077,0.3762122517499953,2026-07-17 16:29:23.131901,2026-07-17 16:29:23.151246,0 days 00:00:00.019345,0.12645211767702358,781.8201382507687,308.99748653968584,6.819183998270239,0.739684225678651,779.0657786754723,1.5579556963860852,0.15213917564943097,783.6363563181958,2.271477236890562,,COMPLETE
1078,0.43715526978197666,2026-07-17 16:29:23.151246,2026-07-17 16:29:23.171012,0 days 00:00:00.019766,0.7625308923671466,783.3424498396575,-162.0574348750223,3.8981945126515067,0.9070867296784897,780.5013322812075,1.3932175441858639,0.3854056781611836,779.4215267575518,1.734048197811341,,COMPLETE
1079,0.29603475028449744,2026-07-17 16:29:23.171012,2026-07-17 16:29:23.193052,0 days 00:00:00.022040,-0.9877716972051335,782.8926457199766,490.2756832804971,7.612783468530048,0.7804116558669265,778.4363175996028,1.8222006491837233,0.24507634897100186,783.5520505369166,2.004125128915905,,COMPLETE
1080,1.3819766971419236,2026-07-17 16:29:23.193052,2026-07-17 16:29:23.212100,0 days 00:00:00.019048,-0.38424367161252204,781.3537363412902,772.6849040333634,0.8642205854373187,1.2298046821415838,780.7123593142335,2.7289324534218755,0.9209688064788137,776.2812423427737,2.192437421290761,,COMPLETE
1081,1.2266503715649208,2026-07-17 16:29:23.212100,2026-07-17 16:29:23.233282,0 days 00:00:00.021182,0.728995443770972,777.3777607693903,-238.5893067399936,3.645225111914437,1.2061848323969047,781.4786517582461,0.9767205251399319,1.1771853000527766,779.4745915448797,2.539543717525128,,COMPLETE
1082,0.33374025917084393,2026-07-17 16:29:23.233282,2026-07-17 16:29:23.254285,0 days 00:00:00.021003,-0.8612937605922285,782.7640581027698,-191.17460770602582,6.570371040868543,1.472151100477582,780.2645128937294,2.378829467456325,0.4551854926252543,783.639520230803,1.1174836503598378,,COMPLETE
1083,0.7671155143100047,2026-07-17 16:29:23.254285,2026-07-17 16:29:23.274285,0 days 00:00:00.020000,0.8998832753199493,777.0698793955909,126.83584500896893,2.1303381530544288,0.059032962075591944,782.3534292584176,2.637707642392287,0.47172601542535364,779.7017457090828,1.9031545850368594,,COMPLETE
1084,0.6257705627422351,2026-07-17 16:29:23.275285,2026-07-17 16:29:23.296285,0 days 00:00:00.021000,-1.1307134642120122,780.5868987682535,122.81227168116212,7.79096619492864,0.8477844789308486,778.1148085878291,1.050333827984804,0.1060889319315378,783.0799417504,2.720148924820189,,COMPLETE
1085,0.7178782803557173,2026-07-17 16:29:23.296285,2026-07-17 16:29:23.320934,0 days 00:00:00.024649,0.15789948919562372,778.3499252308065,-68.25352047129275,4.9742482873827445,0.8565403218558523,783.9626624683731,0.7852106911998542,1.3523750161523949,776.5523097520781,1.3774927130454635,,COMPLETE
1086,0.23902214982094408,2026-07-17 16:29:23.320934,2026-07-17 16:29:23.349617,0 days 00:00:00.028683,-0.7240054121194391,781.4011372641589,470.9024771190216,7.428366841724361,0.4961298732657744,780.2448053870527,1.1810164472200593,0.3157418643298236,781.8585995174238,2.9502627451317744,,COMPLETE
1087,0.5286752355746019,2026-07-17 16:29:23.349617,2026-07-17 16:29:23.370676,0 days 00:00:00.021059,-0.32126478479548437,783.9256389083506,309.90464609751234,4.230947125184819,0.8348242958482316,778.6529959333628,2.2216967180939293,0.29157180688864864,781.1412102826578,2.6830771549829673,,COMPLETE
1088,1.2488234349296723,2026-07-17 16:29:23.370676,2026-07-17 16:29:23.386707,0 days 00:00:00.016031,0.27869510815348025,779.3393822616313,983.7453406337894,1.2880246532026935,0.8072585419902403,783.7791534341894,2.992528660605477,0.4378749242913308,777.7393546056583,1.6272797574716713,,COMPLETE
1089,0.3056777521424557,2026-07-17 16:29:23.386707,2026-07-17 16:29:23.402677,0 days 00:00:00.015970,-0.32285517412975856,778.6347787829266,-40.44207423579286,1.4685399949941986,0.222833375582428,778.8790646850014,2.6342822613986963,0.48604270075127143,780.501810627749,1.5555931766243496,,COMPLETE
1090,1000.0001296285517,2026-07-17 16:29:23.402677,2026-07-17 16:29:23.425306,0 days 00:00:00.022629,-0.7627384160798718,783.5461029486156,489.43730208627505,1.1408172378767452,0.32222593558168366,779.9517149346494,0.6525871917457643,0.020425367575089108,780.0506908690909,2.970129560913301,,COMPLETE
1091,0.587836036018946,2026-07-17 16:29:23.425306,2026-07-17 16:29:23.446138,0 days 00:00:00.020832,-0.9199440553092267,783.8913092847421,-43.71839271767513,6.935484270350833,0.8798667495000474,780.162699256914,0.3562788489926636,0.1909728780172522,782.0246712202229,2.9569492464722327,,COMPLETE
1092,0.5964181041251205,2026-07-17 16:29:23.446138,2026-07-17 16:29:23.464736,0 days 00:00:00.018598,0.2864018668060905,778.3884606482391,-147.43107337952227,2.424684559910539,0.3026081516647317,780.2703960604293,2.7030489874715458,0.7868215479112477,782.1279063805747,1.9677994035294117,,COMPLETE
1093,0.37163439437086504,2026-07-17 16:29:23.464736,2026-07-17 16:29:23.480150,0 days 00:00:00.015414,-0.839834856718979,782.846752940515,448.5356884408933,6.645173865522206,1.2199816353398893,778.8152132636457,1.4127160757459254,0.09114541952149303,781.5744510541152,2.735768178992823,,COMPLETE
1094,0.658384085095104,2026-07-17 16:29:23.480150,2026-07-17 16:29:23.500999,0 days 00:00:00.020849,-0.987268463382845,782.3635452712285,-255.85541527846146,1.894868237573621,1.2214664305411436,776.1908900408004,2.8330851523368,0.49825519470441243,783.6984963375295,0.3705418467681558,,COMPLETE
1095,0.19316538863182453,2026-07-17 16:29:23.500999,2026-07-17 16:29:23.522483,0 days 00:00:00.021484,-0.775993702220737,783.9930367804307,272.0765301689008,7.810621130366973,0.9252973022064142,779.1875310644143,0.549050574643014,0.2469329741620118,780.0970528592954,2.1209831441076634,,COMPLETE
1096,0.6020433855603645,2026-07-17 16:29:23.522483,2026-07-17 16:29:23.543689,0 days 00:00:00.021206,0.0858067017407903,783.2928491893207,437.4334115410755,6.183541560950041,1.0392631235172813,777.5817212414811,0.7964244138426778,0.12433005978028944,780.8414901586043,2.5884133480512372,,COMPLETE
1097,0.49232998927430915,2026-07-17 16:29:23.543689,2026-07-17 16:29:23.565110,0 days 00:00:00.021421,-0.11783686060597565,782.4516370867544,96.69609855442602,7.329477467901384,0.9884458875732081,779.7364089858863,2.544044511386003,0.23194500470243318,783.6244648106751,2.4145312921988915,,COMPLETE
1098,0.5167653478413248,2026-07-17 16:29:23.565110,2026-07-17 16:29:23.581694,0 days 00:00:00.016584,-1.1992848193398815,779.1841936959179,892.2953010197496,3.9434883945020327,0.4349912591608971,778.7040608600588,1.982693771310172,1.4561136789242015,781.0133767400623,0.7051545473667008,,COMPLETE
1099,0.4141537322828445,2026-07-17 16:29:23.581694,2026-07-17 16:29:23.603606,0 days 00:00:00.021912,-0.30565250776745245,780.8679514430644,-33.308153784658835,7.648672654310703,1.1673210474288458,780.7438856768576,2.5610256871607824,0.07886469752273872,782.9098896465046,0.8092262310350824,,COMPLETE
1100,0.2138048038142024,2026-07-17 16:29:23.603606,2026-07-17 16:29:23.625292,0 days 00:00:00.021686,0.1710137544783955,783.9611491467743,-173.55115180365328,5.612974137556557,0.7756278115196333,779.5047190855216,1.3780027458721271,0.5112581880535507,780.8939522520052,1.6354234398449352,,COMPLETE
1101,0.7080027535751537,2026-07-17 16:29:23.625292,2026-07-17 16:29:23.640996,0 days 00:00:00.015704,-1.3370150308928987,779.8498225021381,-284.3658878422354,5.464167495773484,1.1584368992851939,778.4035583526808,1.8869760078105506,0.2359129596668476,781.7583782605628,1.0720904847979438,,COMPLETE
1102,0.6213238927235198,2026-07-17 16:29:23.640996,2026-07-17 16:29:23.661630,0 days 00:00:00.020634,0.2053155783354261,779.6516307913778,40.10110499705061,0.5531196165381689,0.012435861433204742,783.9151128319539,2.4376516695815535,1.0198940456405663,781.065568293767,2.4598142468796267,,COMPLETE
1103,0.49791202376974136,2026-07-17 16:29:23.661630,2026-07-17 16:29:23.677772,0 days 00:00:00.016142,-1.3191661184049424,783.8940876238415,-79.60571668630274,0.6596760536065558,0.6439437308218443,781.6197946305808,0.8175050362119335,0.09110639155292403,780.6094010132956,2.9635102925458123,,COMPLETE
1104,0.1888000749344318,2026-07-17 16:29:23.677772,2026-07-17 16:29:23.699203,0 days 00:00:00.021431,-1.0529844638155759,783.2889485320361,-69.94678181171571,7.690575721816306,1.0820390333830792,778.9294949627531,2.2167118860096586,0.3116279189045851,783.8628737666826,2.941475558713872,,COMPLETE
1105,0.16963458725714578,2026-07-17 16:29:23.699203,2026-07-17 16:29:23.720392,0 days 00:00:00.021189,-0.22656097061446925,776.3056718847962,-13.777380941862733,2.264281125855149,0.09379046760508455,782.2119626354942,2.7714720494856953,0.7514368861635953,779.5351717118538,1.7046046117148463,,COMPLETE
1106,0.2685862732035466,2026-07-17 16:29:23.720392,2026-07-17 16:29:23.736562,0 days 00:00:00.016170,-0.9040775166848143,783.6762381625377,98.70100848958089,3.258007568569495,1.086908450259737,779.7216062067489,1.641807079192608,0.31420476572320094,782.016147419277,2.983249207245235,,COMPLETE
1107,0.48178639204187756,2026-07-17 16:29:23.736562,2026-07-17 16:29:23.758067,0 days 00:00:00.021505,-1.0899079205573545,777.5264861940983,745.6127403057503,0.4862866485941906,0.749604677972149,779.8165450547584,1.521022160057683,0.07395266478466644,776.4956243768571,1.6786234128263162,,COMPLETE
1108,0.26224872164946583,2026-07-17 16:29:23.758067,2026-07-17 16:29:23.779218,0 days 00:00:00.021151,0.18212342479486437,777.5159793952745,-298.49314430382697,1.887601762539198,0.7220485400954018,780.3877179460965,1.4778161710667617,0.146613093414378,780.2477218156034,1.1319166029722056,,COMPLETE
1109,0.20112782118522476,2026-07-17 16:29:23.779218,2026-07-17 16:29:23.794832,0 days 00:00:00.015614,0.2211048775618692,783.974054705161,-5.104766079000946,4.466874184818239,1.1172230197420256,778.8959081763654,0.9486648407843394,0.03644753652069646,780.6705574746122,1.5718380836946522,,COMPLETE
1110,0.13561909679509535,2026-07-17 16:29:23.794832,2026-07-17 16:29:23.821777,0 days 00:00:00.026945,-0.18176701553121583,776.3088405074421,-181.7496569742214,4.264866864171362,0.6120749785492687,779.2397024913569,1.1549915886365985,0.5822383567190441,779.3790349116988,2.114569046302631,,COMPLETE
1111,0.25112217956550836,2026-07-17 16:29:23.821777,2026-07-17 16:29:23.850585,0 days 00:00:00.028808,0.4587382695284347,783.8070753058669,205.26010821137015,1.2416702396898838,0.7551634753522476,779.7296524027494,0.9736998227651744,0.1697551468004773,781.1231084326104,2.2921556675165866,,COMPLETE
1112,0.45644612942226254,2026-07-17 16:29:23.850585,2026-07-17 16:29:23.873347,0 days 00:00:00.022762,0.17887922087860092,776.3195603323735,-86.32019378931065,3.6977731912038103,0.746763221216824,778.7349346737399,1.1808943357619501,0.7982218633381428,780.2792695457974,2.001493979233293,,COMPLETE
1113,0.3424783307444411,2026-07-17 16:29:23.873347,2026-07-17 16:29:23.898800,0 days 00:00:00.025453,-0.007445938500716065,777.1339094268487,-42.31326812617509,1.7396407758806467,0.1850582596445589,780.5073703509715,2.150433238704114,0.3082719688143568,780.6084003175288,0.9387841808418044,,COMPLETE
1114,0.5009506188119324,2026-07-17 16:29:23.898800,2026-07-17 16:29:23.922544,0 days 00:00:00.023744,-1.0623980255430099,776.5052316511625,1157.5286861317654,0.43084254489790674,0.2354769302343418,781.802695932039,2.775984706016554,0.0528475454821109,776.3144258838253,0.6840413346069787,,COMPLETE
1115,0.7208317043753396,2026-07-17 16:29:23.922544,2026-07-17 16:29:23.943142,0 days 00:00:00.020598,-0.11853098539620543,777.002489694926,-2.449455627980967,0.2572199334498986,1.4907669612579757,779.6275830658574,2.259282458920095,0.5708910671078998,777.2670257681935,1.0451785820826984,,COMPLETE
1116,0.23893802298148287,2026-07-17 16:29:23.943142,2026-07-17 16:29:23.964205,0 days 00:00:00.021063,0.1659901199516839,783.4056460516432,-111.88360565935379,1.959210107930754,1.223800337030638,779.4791060864749,1.222075392454083,0.2512775245401251,781.491420997019,2.4968810895766556,,COMPLETE
1117,0.7359193556647254,2026-07-17 16:29:23.964205,2026-07-17 16:29:23.980179,0 days 00:00:00.015974,-0.8832782378003095,776.8614222539155,88.28688959274064,5.145046904858041,0.47834249113275396,777.2669211853844,0.5312684586530225,0.29328484217415657,778.0209904515473,2.825485541173377,,COMPLETE
1118,0.6193408863632269,2026-07-17 16:29:23.980179,2026-07-17 16:29:24.007241,0 days 00:00:00.027062,-0.5626929134732748,776.2844075472194,-105.94149540342742,1.183080572085138,0.467566836688145,776.4293556571305,0.4788700657705989,0.656443531716002,781.2864530073796,2.237996584895716,,COMPLETE
1119,0.22814038835603465,2026-07-17 16:29:24.007241,2026-07-17 16:29:24.034507,0 days 00:00:00.027266,-0.5202308291981526,782.3867146165602,-34.11607344798597,5.951784937961839,0.8182293136118552,779.0349484247008,2.0612006713506092,0.03542011817056376,783.5353807430555,2.332538295753585,,COMPLETE
1120,0.9188197356267128,2026-07-17 16:29:24.034507,2026-07-17 16:29:24.055946,0 days 00:00:00.021439,-0.45658792870573967,783.736962964063,1030.8230342558693,7.669948279238383,0.859005168781585,780.8167857432568,1.8495977021342078,0.1667524114178479,780.4960438672947,2.6665354268702437,,COMPLETE
1121,0.17516584963329856,2026-07-17 16:29:24.055946,2026-07-17 16:29:24.080847,0 days 00:00:00.024901,-0.7453534530563231,782.6101417968798,582.5638136016238,4.601088487040687,0.5907784274193895,780.1270828760327,1.2156128392207144,0.0024679036173450714,783.4150221202189,2.1697334365223746,,COMPLETE
1122,0.23263349321444418,2026-07-17 16:29:24.080847,2026-07-17 16:29:24.100361,0 days 00:00:00.019514,0.08365291702246741,778.0929635934165,-31.23933717172848,3.6726497970635785,0.21551298421386617,780.8854040394726,2.662164452143452,0.6081615941619881,780.0482982896224,1.68303347833903,,COMPLETE
1123,0.19053646749299916,2026-07-17 16:29:24.100361,2026-07-17 16:29:24.122500,0 days 00:00:00.022139,0.5878068742763378,783.4107764747702,-37.00712777675631,2.813775158916034,1.0374291949702474,779.6824611954627,0.6790719273458595,0.017105633169228293,781.6544291537075,2.531870416630063,,COMPLETE
1124,0.4511562599643163,2026-07-17 16:29:24.122500,2026-07-17 16:29:24.142985,0 days 00:00:00.020485,-1.0277776274684998,783.3470273051963,472.6446681324783,5.22303158408282,0.7612579814320601,777.3555846703144,2.0246193980268004,0.03257176343570059,779.0245365900976,2.9351088336600197,,COMPLETE
1125,2.0499330501404804,2026-07-17 16:29:24.142985,2026-07-17 16:29:24.167166,0 days 00:00:00.024181,0.6635404941265407,780.162714469188,816.1708582650186,0.12414683003985363,1.0438844049992078,783.6035646878952,2.4307974351387918,1.3595317091904358,781.339903273941,1.4788404933636352,,COMPLETE
1126,0.13665442175216916,2026-07-17 16:29:24.167166,2026-07-17 16:29:24.184209,0 days 00:00:00.017043,0.04612033865349993,783.2597159103715,-250.7135383170883,7.567809624969559,0.8278847627579269,779.8614674181899,1.4187711896199349,0.20564299363062088,780.2787880429156,2.243202519816239,,COMPLETE
1127,1.5064838580060211,2026-07-17 16:29:24.189264,2026-07-17 16:29:24.210794,0 days 00:00:00.021530,-0.630504420671592,778.7986230745871,662.5294762825882,0.11666868248938639,1.3794426899108425,779.1224008296588,2.599093170712739,1.3286148647651739,776.4496040223181,1.9724805449444596,,COMPLETE
1128,0.24871517967151777,2026-07-17 16:29:24.210794,2026-07-17 16:29:24.232231,0 days 00:00:00.021437,0.3753276285707492,783.6212452898637,-221.0837110243695,2.667521898909473,0.5844445451471971,778.0574638829909,2.0703498896536447,0.18642961538041544,780.2609040524586,2.3213164398059045,,COMPLETE
1129,0.23649666679518086,2026-07-17 16:29:24.232231,2026-07-17 16:29:24.253378,0 days 00:00:00.021147,-0.2201356343559039,783.7286868138815,243.49795982242068,6.7012520392361505,0.7176065604692572,780.1064585917453,1.7628086406993213,0.04641016020300674,782.7168532834825,1.3112242044028908,,COMPLETE
1130,0.3556086710022146,2026-07-17 16:29:24.253378,2026-07-17 16:29:24.274362,0 days 00:00:00.020984,0.3930874413626679,776.457101044027,-297.23297806437876,2.362625584283472,0.8332485960458949,780.7981924769102,1.0276939806502174,0.05521100406184784,776.6111014190716,1.817144588529182,,COMPLETE
1131,0.45161330263756777,2026-07-17 16:29:24.274362,2026-07-17 16:29:24.300935,0 days 00:00:00.026573,-0.410527441635403,776.5114384692114,-83.07136999010253,1.917292973177324,0.7342832704747011,779.7894811508137,0.5652666227604056,0.5233505662026219,777.9751630015877,1.8442558713908566,,COMPLETE
1132,0.24647885879533918,2026-07-17 16:29:24.300935,2026-07-17 16:29:24.323101,0 days 00:00:00.022166,0.13031153402278356,780.2556494030366,76.0084240573493,0.9038989842425637,0.0800319438969502,779.8937204624301,2.005145441957965,0.6041226120800177,779.5190685849034,2.047999842011093,,COMPLETE
1133,0.45836412718693603,2026-07-17 16:29:24.323101,2026-07-17 16:29:24.344463,0 days 00:00:00.021362,-0.5943421866508484,776.6807611025462,-171.84208300320066,4.72186581661193,0.5903955523995481,779.4188558068797,1.788833411835748,0.21993676596825207,781.0125456128823,2.587637769412252,,COMPLETE
1134,1.3911884830295054,2026-07-17 16:29:24.344463,2026-07-17 16:29:24.360101,0 days 00:00:00.015638,-0.18488526828651747,776.7852173165547,1235.6010703044603,2.00436931744569,1.3220318838494602,779.3309573525804,1.4515208256780316,0.9729630050337773,776.3321296551381,1.428340055639231,,COMPLETE
1135,0.41504350111322186,2026-07-17 16:29:24.365171,2026-07-17 16:29:24.386539,0 days 00:00:00.021368,-0.36481839430395746,783.0933697320377,-149.64798263701766,5.985879897695431,0.7300322038217604,779.1800111341101,0.8588916702947706,0.08661196476727814,781.0829435978548,1.3179867997051429,,COMPLETE
1136,0.44920645089199185,2026-07-17 16:29:24.386539,2026-07-17 16:29:24.402296,0 days 00:00:00.015757,0.6704379427232501,776.303385494726,-287.66796867752333,1.9480188255185282,0.5593194476014018,779.0491196645644,1.0477887445374328,0.4114839800405239,780.3588753377566,2.623869310901422,,COMPLETE
1137,0.18131646739489835,2026-07-17 16:29:24.402296,2026-07-17 16:29:24.428269,0 days 00:00:00.025973,0.07274313758950757,783.5460962837079,-170.17512766383635,5.202801538916126,0.8021765104913111,778.9331150847603,1.4409554789581096,0.06246508219948366,781.7934088054922,2.043297662027326,,COMPLETE
1138,0.566975723383235,2026-07-17 16:29:24.428269,2026-07-17 16:29:24.444228,0 days 00:00:00.015959,-0.21991314203770185,783.6013834887768,-306.2658002140414,5.31821550843736,1.1064067971732372,777.5592327212267,1.1511938827424397,0.14837561559094226,782.8737801079712,2.9052591297516206,,COMPLETE
1139,1.0554681638996006,2026-07-17 16:29:24.444228,2026-07-17 16:29:24.464714,0 days 00:00:00.020486,-1.3498994304903715,781.948470232475,1038.217112629617,1.5602153788215594,0.11037763202643536,781.7442737063799,0.17195563617273613,1.3750004403204839,776.6194056707104,2.481637492032165,,COMPLETE
1140,1.8241503359962223,2026-07-17 16:29:24.464714,2026-07-17 16:29:24.485304,0 days 00:00:00.020590,1.0799018617424214,776.1879896940397,920.6066935965553,3.370746634844058,1.0380091588997835,779.6550210599423,0.5954268640028065,1.2622469119267565,778.6678154906848,1.1133844560031618,,COMPLETE
1141,0.31640838721170644,2026-07-17 16:29:24.485304,2026-07-17 16:29:24.512166,0 days 00:00:00.026862,-0.4540012366099585,783.8589809643983,-244.48900451135458,5.0061207337081175,0.9490016184098763,781.6771236558282,1.9924539010207538,0.7729328112980588,779.18968474196,1.6613136238425572,,COMPLETE
1142,1.3818198734838083,2026-07-17 16:29:24.512166,2026-07-17 16:29:24.537510,0 days 00:00:00.025344,0.6754548210510833,781.2120888680722,-262.9742390041232,0.10642964665440567,1.4411212928189796,783.1218367445672,1.4417999330740354,0.6711171760120878,783.7457076784477,2.309449544808634,,COMPLETE
1143,0.6051992804923908,2026-07-17 16:29:24.537510,2026-07-17 16:29:24.557743,0 days 00:00:00.020233,-0.00589279414493879,776.9431656798027,62.059850311498394,1.6429092713506004,0.9040305335934514,783.4711910932365,1.5457774384587042,0.24604975072425134,776.6859843585153,0.22716852193230752,,COMPLETE
1144,0.7739216400219439,2026-07-17 16:29:24.557743,2026-07-17 16:29:24.580610,0 days 00:00:00.022867,-0.5231769072754123,781.0618522058656,214.74283986056514,0.3079723040725943,0.5727402044393238,780.5120697802946,0.22237065290972735,1.43725874053844,776.9660576081644,1.6085686716113936,,COMPLETE
1145,1000.0039147049719,2026-07-17 16:29:24.580610,2026-07-17 16:29:24.605305,0 days 00:00:00.024695,-0.1884876599919932,783.0681734747911,233.02112397114928,7.110503310801924,1.1923974238102604,779.7238281262379,0.7097471331678074,0.2091367590910232,779.6547542955155,2.965966953443697,,COMPLETE
1146,0.17315797972686117,2026-07-17 16:29:24.605305,2026-07-17 16:29:24.624508,0 days 00:00:00.019203,-1.2307253572523642,783.7817411522466,73.33353001266744,6.444417412065268,0.9901101079416422,779.8672568798163,1.5113295803170943,0.4107274875962072,781.1074209726144,2.3808805075681305,,COMPLETE
1147,0.6618350680326509,2026-07-17 16:29:24.624508,2026-07-17 16:29:24.646614,0 days 00:00:00.022106,-1.4619724682275628,779.9583796396183,563.8597179920807,5.620271969631871,0.631659477152442,778.5389187640494,0.41706580445212843,0.005635945627810446,783.4895546852638,0.9276118856416234,,COMPLETE
1148,1.5852299422691418,2026-07-17 16:29:24.646614,2026-07-17 16:29:24.667079,0 days 00:00:00.020465,-0.32493369735557415,779.4224827852196,1217.3258996963796,0.15780461838547907,1.0830682630099997,780.0554063790452,1.5108865250416799,1.0578721275192573,782.8917012259624,2.956360879148537,,COMPLETE
1149,1.0571960540051986,2026-07-17 16:29:24.667079,2026-07-17 16:29:24.682618,0 days 00:00:00.015539,-0.7278705748226737,780.626562817738,1074.0240868671656,0.289511919284753,0.12146313739814152,777.2684153304625,1.881191530710173,1.4092801501484966,782.5160444210665,2.4152694371115917,,COMPLETE
1150,0.4042421807855404,2026-07-17 16:29:24.682618,2026-07-17 16:29:24.703407,0 days 00:00:00.020789,-1.2519370562632086,783.394351956957,239.32195158926476,4.906198814867658,1.2720676595850775,779.7973083323265,2.9362387164478534,0.020024208077401795,783.9452530555402,0.18755824501888274,,COMPLETE
1151,0.3611127923666304,2026-07-17 16:29:24.703407,2026-07-17 16:29:24.724555,0 days 00:00:00.021148,0.36195920490350664,781.3363569242224,-306.5866313212103,7.576491189138343,0.8554185160037743,781.1638929962522,1.7107230054760278,0.3563330097499431,778.9490691370344,2.0018017293219104,,COMPLETE
1152,0.5235742438209703,2026-07-17 16:29:24.724555,2026-07-17 16:29:24.745874,0 days 00:00:00.021319,0.14920053741150202,783.0246387184831,268.5435552677509,1.9357699245285447,1.210282991255087,780.1228464400452,1.4682902701499747,0.05851699846644313,780.5836726548231,2.7616171885718543,,COMPLETE
1153,0.45641581257396047,2026-07-17 16:29:24.745874,2026-07-17 16:29:24.766442,0 days 00:00:00.020568,0.5872246162126463,783.9345667885202,-84.91328099989192,5.209571546038162,1.1934051970822936,779.667802446371,1.7105824252563915,0.10306632238503663,783.2047939552269,2.957445173448537,,COMPLETE
1154,0.2394353587196977,2026-07-17 16:29:24.766442,2026-07-17 16:29:24.787344,0 days 00:00:00.020902,-0.7941045161242078,781.9972420746611,502.5119627617686,7.840461027553135,0.8569273554932039,779.993691733254,1.9552985832684815,0.012506392036145172,783.740101555656,1.3382113377102536,,COMPLETE
1155,1.0841101483119018,2026-07-17 16:29:24.787344,2026-07-17 16:29:24.813841,0 days 00:00:00.026497,0.5474380740714255,776.1796550876988,61.40180515472059,1.8196744416487893,1.3954040861718344,783.8571107300951,2.4395038823056847,0.5259972140209936,776.2003702323893,1.3213492370811015,,COMPLETE
1156,1.2897866619965033,2026-07-17 16:29:24.813841,2026-07-17 16:29:24.834430,0 days 00:00:00.020589,1.3847236868656223,782.8221878302394,62.25869238947581,0.7203842656823092,1.4026632009694406,783.5373520913156,2.892237031268917,0.8639907150179986,779.525256292372,1.4278189581486884,,COMPLETE
1157,0.3611804107726901,2026-07-17 16:29:24.834430,2026-07-17 16:29:24.864136,0 days 00:00:00.029706,-0.4582058046270736,781.8453904727929,171.5985786785007,2.9030278850159004,1.2907209051039508,779.3102823004347,1.7174928647734604,0.03442712303667757,780.7844148491437,1.9645348878438078,,COMPLETE
1158,1.4465166242502638,2026-07-17 16:29:24.864136,2026-07-17 16:29:24.884787,0 days 00:00:00.020651,-0.8017194046923855,781.2315913161001,1165.9951036053747,2.693310361616406,1.4462662961752297,779.1557766679942,2.757234854898302,1.093814709753836,780.9778550915374,0.33002789592540993,,COMPLETE
1159,0.2719219243331183,2026-07-17 16:29:24.884787,2026-07-17 16:29:24.905645,0 days 00:00:00.020858,0.3786318878533073,776.4893722739181,-157.51196090825823,3.6693029135378454,0.2869938000834356,779.2239546769409,0.2008304318094366,0.7824828800407513,778.8866429876508,1.9236441449398318,,COMPLETE
1160,0.35005100996590355,2026-07-17 16:29:24.905645,2026-07-17 16:29:24.931612,0 days 00:00:00.025967,0.5202919239119924,778.8372076035776,-55.84920491035847,2.360095739702512,0.16191938502814357,779.392680353212,2.518992412993498,0.6995807631337462,779.7468715191418,1.3943373856856665,,COMPLETE
1161,0.6593829562091152,2026-07-17 16:29:24.931612,2026-07-17 16:29:24.952259,0 days 00:00:00.020647,-0.6053996490293725,777.3882200880138,-139.6478713043952,3.2621011885345044,0.4638604166539276,777.3608286337679,0.9220496098986587,0.46317307469107305,780.2075582989353,1.2596767994193159,,COMPLETE
1162,0.3606658186783837,2026-07-17 16:29:24.952259,2026-07-17 16:29:24.978301,0 days 00:00:00.026042,-0.5917970839147764,782.5115971040341,-71.93517185370266,2.061959144783677,0.9264181258316935,778.5248765326103,1.4982311441241203,0.10529738333592198,779.6065450251435,2.5611080842905487,,COMPLETE
1163,0.11668163111920381,2026-07-17 16:29:24.978301,2026-07-17 16:29:24.994231,0 days 00:00:00.015930,0.24389824887255265,776.3675783113792,-302.9806384130349,3.0183657101873638,0.5796425652915443,779.7726715907428,1.87057784110312,0.34675649221109867,778.7305328989871,1.298383304276308,,COMPLETE
1164,0.5492777400218014,2026-07-17 16:29:24.994231,2026-07-17 16:29:25.016057,0 days 00:00:00.021826,0.33139828057801257,783.7735790057192,-180.02478185068355,7.122631179455941,0.9216912730260144,781.4242899071455,1.5316413279523757,0.24512461802778573,781.7023401960312,2.3852550847437266,,COMPLETE
1165,0.7196290503275503,2026-07-17 16:29:25.016057,2026-07-17 16:29:25.042572,0 days 00:00:00.026515,0.9220876272634397,776.99544002883,-96.61610109145809,7.029193525636228,0.7160909342236979,779.5578259551863,1.9777054780205345,0.5329937177634214,779.7114738040825,1.0941589284506201,,COMPLETE
1166,1.3039134272945385,2026-07-17 16:29:25.042572,2026-07-17 16:29:25.063694,0 days 00:00:00.021122,1.0103731198027444,777.3201236348336,811.6353742797737,7.023044933181368,0.6826011047372935,782.7985823890176,1.8898798819816378,0.001425208822842583,779.1004883110149,0.3223505490471412,,COMPLETE
1167,0.25097651021662076,2026-07-17 16:29:25.063694,2026-07-17 16:29:25.098901,0 days 00:00:00.035207,0.11315481275007377,777.3102540401377,-123.14883992452377,2.074768991479814,0.6477772102422817,778.0581631151606,2.0761763425173387,0.6267725618186812,779.8399877595364,1.1947244897863962,,COMPLETE
1168,0.27614332488836096,2026-07-17 16:29:25.098901,2026-07-17 16:29:25.121396,0 days 00:00:00.022495,-0.44118287611248397,783.1227100589614,470.61788692954457,7.661683688879694,0.8007799121780141,779.6706377701574,1.4772661079288025,0.10387606377807568,782.5904318124432,2.9456471882037527,,COMPLETE
1169,0.4264083765059803,2026-07-17 16:29:25.121396,2026-07-17 16:29:25.143750,0 days 00:00:00.022354,-0.3220257164300945,776.7203052181167,-194.4249335773119,3.360366813489293,0.37362607782990076,780.5226862987487,1.7988965693092982,0.782364966390545,780.9309578296758,1.2494160807503782,,COMPLETE
1170,0.21648461659541426,2026-07-17 16:29:25.143750,2026-07-17 16:29:25.166763,0 days 00:00:00.023013,-0.2647988055254727,776.8632954380415,-68.29726158675068,1.3567267677226675,0.8134058818957637,779.8465701905293,2.0609920429922384,0.008884361600327795,779.0999946259569,1.1521566189347598,,COMPLETE
1171,0.20344329115659499,2026-07-17 16:29:25.166763,2026-07-17 16:29:25.187855,0 days 00:00:00.021092,-0.35857786023923494,776.1464123005094,-41.29454723555244,5.66341645281845,0.38626808089609344,779.2363091237665,1.4950761703412383,0.6242174677225478,779.0604683310038,1.9069437935981595,,COMPLETE
1172,0.8007364384980429,2026-07-17 16:29:25.187855,2026-07-17 16:29:25.208677,0 days 00:00:00.020822,0.6686542585271643,783.2100436195765,408.66754402861943,0.8002684424824059,0.018632406502697707,781.0024032455914,1.5095111537846515,1.1891607409227507,776.646380214142,2.788680425755736,,COMPLETE
1173,0.23819491762865544,2026-07-17 16:29:25.208677,2026-07-17 16:29:25.229374,0 days 00:00:00.020697,-0.36104386562480795,781.9683800146539,-109.42283641057566,1.7455385505132186,0.9057728816587542,779.4278658022245,0.9554917378936669,0.10556557248620904,780.807361474568,2.6218260991267544,,COMPLETE
1174,0.7985089580465593,2026-07-17 16:29:25.229374,2026-07-17 16:29:25.256539,0 days 00:00:00.027165,-1.3294968273430738,783.3667308501883,-161.1509193394179,0.30636822419284626,1.4524709993059466,777.7632755954149,0.30984067488900635,1.0777246443959054,777.6108482652771,2.078067422069131,,COMPLETE
1175,0.3563369967761663,2026-07-17 16:29:25.256539,2026-07-17 16:29:25.281785,0 days 00:00:00.025246,-0.2466626106794318,778.7101901729809,-303.4092736799032,6.690746523068281,0.671536525090775,778.5803820094852,0.7978715623797449,0.48170650726721764,779.47444781301,2.1516659209548594,,COMPLETE
1176,1.304681912457546,2026-07-17 16:29:25.281785,2026-07-17 16:29:25.302567,0 days 00:00:00.020782,1.0429144061273505,777.059248112688,713.9742375586056,6.937433770410617,1.3640913928369915,776.8306582941793,0.20224986028342706,1.2393734969160395,783.1359789988272,0.4871818767739755,,COMPLETE
1177,0.5484866166090689,2026-07-17 16:29:25.302567,2026-07-17 16:29:25.323432,0 days 00:00:00.020865,0.31412471128409747,776.9800215052923,-136.5474794848587,2.326436066686855,0.8019804084032268,781.8107890790646,1.2399789051703447,0.20405005494812267,780.513450453085,2.1855842982858658,,COMPLETE
1178,1000.0035436016899,2026-07-17 16:29:25.323432,2026-07-17 16:29:25.344703,0 days 00:00:00.021271,-0.42869232894911485,783.7736836300245,185.3550268737711,7.3932859559150375,0.640237040811755,780.9664237113782,2.1472316104463895,0.21118284074876148,780.8944181647283,2.388893776766563,,COMPLETE
1179,1.1698853604392048,2026-07-17 16:29:25.344703,2026-07-17 16:29:25.365753,0 days 00:00:00.021050,1.076837269652597,776.1320265308817,-252.28004992168155,0.3831033617763056,1.3909588551669314,781.9939679335752,0.2741102045165087,0.7253425995634714,782.5255067933552,1.9478759889591348,,COMPLETE
1180,0.27151588918172,2026-07-17 16:29:25.365753,2026-07-17 16:29:25.386632,0 days 00:00:00.020879,-0.5840380578093654,783.3247269873198,256.8097483847899,6.808989348129313,0.9970304594920927,778.8216730039261,0.8394405272859461,0.005304726598197695,780.6686640882606,2.5223874477286308,,COMPLETE
1181,0.5042077345907624,2026-07-17 16:29:25.386632,2026-07-17 16:29:25.407456,0 days 00:00:00.020824,-0.2872280374082852,777.0049167759003,900.776184016974,0.28715585582344916,0.4832767926462763,778.8509805572942,2.343683699097884,0.016493008445195967,781.8439523361517,1.1509658717085756,,COMPLETE
1182,0.14323494226412709,2026-07-17 16:29:25.407456,2026-07-17 16:29:25.427548,0 days 00:00:00.020092,-0.6010184467341415,782.1109320345362,419.15699447078623,3.78655756026225,0.6370184384895661,779.9730715761889,1.3372083870438676,0.018452326827446797,783.8885260874305,0.5374822152969765,,COMPLETE
1183,0.5008256456358964,2026-07-17 16:29:25.427548,2026-07-17 16:29:25.466788,0 days 00:00:00.039240,-0.5121112975185371,780.021774011152,89.34935210576614,3.48747427264875,0.3237118437381817,782.46424163778,2.268741119455386,1.386932176564737,779.9700553465786,2.0206392290867705,,COMPLETE
1184,0.8042357097141306,2026-07-17 16:29:25.466788,2026-07-17 16:29:25.490563,0 days 00:00:00.023775,-0.9478726947694371,783.4386802903206,-302.42067664873366,6.443531797802179,0.7131462151678815,782.9382376896007,1.4340650003305764,0.12376142152835348,781.3812723467677,2.8800433346327425,,COMPLETE
1185,0.3872317340207652,2026-07-17 16:29:25.490563,2026-07-17 16:29:25.511378,0 days 00:00:00.020815,0.10268816453570327,782.9856014391764,-55.343179791769074,4.128018847829364,1.2834305671831234,778.6127086042235,0.34570614147804696,0.09661076129392909,781.6799575849097,2.3143999912858004,,COMPLETE
1186,0.430335875647978,2026-07-17 16:29:25.511378,2026-07-17 16:29:25.531964,0 days 00:00:00.020586,-1.4598049544385654,782.0383429000508,428.1342259742264,1.9801817899345775,0.6984797382844209,781.639811804026,1.0541657353479919,0.11636938176632103,783.4426898203582,0.6115592084702095,,COMPLETE
1187,0.7072218517825555,2026-07-17 16:29:25.531964,2026-07-17 16:29:25.558131,0 days 00:00:00.026167,-0.9114120491529294,778.2362873806165,771.9266936995957,7.397380548648959,1.3677003089524558,783.8085733900335,2.459026636663735,0.2234244995872221,778.4835127643395,0.5134303784702752,,COMPLETE
1188,0.7711887434118316,2026-07-17 16:29:25.558131,2026-07-17 16:29:25.584097,0 days 00:00:00.025966,-0.6233276330814619,783.1513480055737,-44.13192311515869,4.872075931838028,1.4622247945384195,777.1349913580941,0.9064998334778482,0.011368550944643032,780.7940892835768,2.9919748370369446,,COMPLETE
1189,2.1325964523486585,2026-07-17 16:29:25.584097,2026-07-17 16:29:25.608521,0 days 00:00:00.024424,1.1397400104564208,778.1625385688875,901.713507264273,0.7010534127088438,1.2012410049782187,783.7326579907366,2.131311848932374,0.7772836077428337,777.3743825112796,2.3561266396868534,,COMPLETE
1190,1.3387972720576853,2026-07-17 16:29:25.608521,2026-07-17 16:29:25.631710,0 days 00:00:00.023189,0.8201607360884766,780.9295183445761,1183.400976157876,0.19442675345850835,0.05228680827994614,778.419815559559,2.751754091939447,0.39881691009644304,781.1277748906747,2.1670519382209426,,COMPLETE
1191,0.543742178177174,2026-07-17 16:29:25.631710,2026-07-17 16:29:25.658576,0 days 00:00:00.026866,-0.0247158374112888,783.9295373515738,-20.521499776757622,5.173183426791985,0.9626199447975465,780.1309304831565,1.8085145568557852,0.5321770359383035,780.2686863333084,2.3542327240145187,,COMPLETE
1192,1.5587512461414432,2026-07-17 16:29:25.658576,2026-07-17 16:29:25.680864,0 days 00:00:00.022288,0.4831925418048987,779.6039727186682,1246.42197456204,5.18824723761163,0.06592690465093443,782.8744021560394,1.8085228769535826,1.1269976258864922,781.9827320873903,1.6123401808202062,,COMPLETE
1193,0.379529880024578,2026-07-17 16:29:25.680864,2026-07-17 16:29:25.705064,0 days 00:00:00.024200,0.10751411836677399,782.4043838832471,226.13853722603625,6.408118094562306,0.3004522913975257,776.7096145679793,1.3844741790390152,0.02935008209359409,781.8265916451531,2.075330359511926,,COMPLETE
1194,0.3910747770474867,2026-07-17 16:29:25.705064,2026-07-17 16:29:25.731536,0 days 00:00:00.026472,-0.13341276951958708,781.9407063915154,744.4005873488186,1.5692246946433348,0.4813582564321826,779.5473703988789,0.7836402031994625,0.3125107098786258,783.61431712364,0.28515048052893294,,COMPLETE
1195,0.261462950875872,2026-07-17 16:29:25.731536,2026-07-17 16:29:25.747685,0 days 00:00:00.016149,-0.3403904229357541,782.9492655194649,469.7240482927716,1.6419249298614578,0.6441057068749153,780.121662328775,1.3235105737707082,0.16887508568354798,783.9772971047821,0.41215483146829046,,COMPLETE
1196,0.7507940507990266,2026-07-17 16:29:25.747685,2026-07-17 16:29:25.774483,0 days 00:00:00.026798,0.8131755477344262,783.952990330163,329.0571445792816,3.318369253024072,0.9837536941970739,778.6217195363399,0.6282902375503955,0.588148455993092,781.9573582141937,2.6651978703281483,,COMPLETE
1197,0.1697598685000798,2026-07-17 16:29:25.774483,2026-07-17 16:29:25.795931,0 days 00:00:00.021448,0.24004808819478252,777.6865206572039,-235.89377613958465,1.342916299290532,0.018246207283505372,780.4981046120191,2.217731521778199,0.5952639510241148,779.3758189443054,1.7733310173592078,,COMPLETE
1198,0.5571995676761062,2026-07-17 16:29:25.795931,2026-07-17 16:29:25.817224,0 days 00:00:00.021293,0.195731232195469,777.89206013629,20.24948486009606,7.183537056774993,0.5412175764354298,781.2521075865544,1.0581796315531533,0.9262561851372744,777.7070778176139,2.5497730283567583,,COMPLETE
1199,0.637892616757821,2026-07-17 16:29:25.817224,2026-07-17 16:29:25.833196,0 days 00:00:00.015972,-0.6355635678125615,783.2947382593811,527.2363077510765,7.1285753963663705,1.1001559472075053,780.412218058629,1.3972194525448305,0.4188611627288584,780.6100018079676,2.308224316353365,,COMPLETE
1200,0.9293384589522388,2026-07-17 16:29:25.833196,2026-07-17 16:29:25.859099,0 days 00:00:00.025903,0.9999114065560137,776.1338703512096,-140.76448830869592,1.4005819927330625,0.7135331380243446,778.2352109154681,1.180161471118311,0.6934494976377034,777.4828249733063,0.8473610570681773,,COMPLETE
1201,0.9330960347092865,2026-07-17 16:29:25.859099,2026-07-17 16:29:25.879839,0 days 00:00:00.020740,0.7702520567895594,783.0170519112594,446.13879621147004,2.3671194190500664,1.0579046206396052,781.1230748440829,0.8453738879481285,0.4665209254057038,780.8978407246334,1.740983380092646,,COMPLETE
1202,0.469730888473715,2026-07-17 16:29:25.879839,2026-07-17 16:29:25.900442,0 days 00:00:00.020603,0.7322287828776898,776.7224303972853,-48.50188411451737,3.0250277141681217,0.36479048566953776,780.2735997924652,1.8208263526004136,0.08596422831153622,779.0723805561622,2.3077294139657925,,COMPLETE
1203,0.48058630767805577,2026-07-17 16:29:25.900442,2026-07-17 16:29:25.937373,0 days 00:00:00.036931,-1.0947682925495419,781.8610633092707,917.2948554934203,4.966075892967973,0.09504802401925294,781.4648933021249,2.897469275085682,1.031428980008811,779.4969008727584,1.5039889540489157,,COMPLETE
1204,0.18099354081477848,2026-07-17 16:29:25.937373,2026-07-17 16:29:25.958180,0 days 00:00:00.020807,-0.6218343460571841,783.848500240626,192.81661535048616,3.0051178995990093,0.6797063341014183,779.1436847054329,1.609374170894707,0.04380687879087271,783.0327676500008,1.9244613228604615,,COMPLETE
1205,0.22252490628690194,2026-07-17 16:29:25.958180,2026-07-17 16:29:25.979059,0 days 00:00:00.020879,0.6032062858757308,776.174962158465,-276.2508450799106,5.504388456412091,0.5290148390293108,779.3916013861019,1.8630382519834572,0.02813135007013806,779.1585269737558,0.17763678539824368,,COMPLETE
1206,0.10685252465599855,2026-07-17 16:29:25.979059,2026-07-17 16:29:26.006052,0 days 00:00:00.026993,-0.17597634249657665,777.4291478812328,-47.39042384137733,3.1479219518908144,0.499935466341349,779.74026200857,0.8202232430629828,0.7802055362473843,779.4076400216147,1.6169268954760703,,COMPLETE
1207,0.6300192554928716,2026-07-17 16:29:26.006052,2026-07-17 16:29:26.028874,0 days 00:00:00.022822,0.6163694160306021,781.7933648704867,544.4316963059617,0.14080569627223674,0.09693465500658205,777.665071824985,2.342600937639694,0.24382682871445338,776.1796240453634,1.7718762526214196,,COMPLETE
1208,0.5608882842514563,2026-07-17 16:29:26.028874,2026-07-17 16:29:26.049563,0 days 00:00:00.020689,0.1892336990964914,783.8815615629474,86.2482523862443,4.294112428083725,1.194094528350415,780.5241553928655,1.1986715595433686,0.43543183560508236,783.8416868290963,2.0507216232348107,,COMPLETE
1209,0.24151298302297294,2026-07-17 16:29:26.049563,2026-07-17 16:29:26.070182,0 days 00:00:00.020619,0.32406818494756306,776.8535825981581,-246.30255991531754,3.3826156449921063,0.9333401759786497,778.7664182070513,1.4205660222629601,0.2693636752861308,781.9734302341869,1.7631004504039174,,COMPLETE
1210,0.43710106898278445,2026-07-17 16:29:26.070182,2026-07-17 16:29:26.091507,0 days 00:00:00.021325,-0.5648595443833224,776.4136722663251,-254.36334405961003,5.106569931590004,0.8377311027934727,779.789139683641,1.1108647900699002,0.4671399977444331,778.0812135094894,2.119669111920385,,COMPLETE
1211,0.38725655403005,2026-07-17 16:29:26.091507,2026-07-17 16:29:26.117601,0 days 00:00:00.026094,-0.5809790015076783,778.842822180826,-23.187482492301683,2.040328184032479,0.5948128238494201,779.9461214429374,0.304940389878525,1.2711698176632675,779.2994856722042,1.090840014586517,,COMPLETE
1212,0.743203475153935,2026-07-17 16:29:26.117601,2026-07-17 16:29:26.138539,0 days 00:00:00.020938,0.3742449688361208,778.0518679038051,-86.0333046788976,5.5613391875609,0.759019300690739,778.891969292792,1.9099054117551568,1.0326171864495266,777.1906333019529,1.2005373150273568,,COMPLETE
1213,0.3459418659725938,2026-07-17 16:29:26.138539,2026-07-17 16:29:26.158903,0 days 00:00:00.020364,-0.07910661835575211,778.6112638495172,-30.342916820408778,7.384462994754272,0.8207639946508376,779.4104242989921,0.5591457776336064,0.8377648013710317,781.8400331582317,1.3712169977801558,,COMPLETE
1214,0.11137374749567895,2026-07-17 16:29:26.158903,2026-07-17 16:29:26.185024,0 days 00:00:00.026121,-0.24835878873196598,778.1138005539839,-43.17415875783404,3.576631693728363,0.22929915757223335,779.9282823584643,0.9926273570169151,0.791649636768843,779.5885774037259,1.7896189390677617,,COMPLETE
1215,0.3345004259381558,2026-07-17 16:29:26.185024,2026-07-17 16:29:26.208709,0 days 00:00:00.023685,-0.17811010723646475,781.8548480915165,85.76618356902397,4.330143154314836,0.6134096084137302,781.4315751558873,0.7497419899023452,0.2898638562036263,779.2397745352629,1.7668762716838307,,COMPLETE
1216,1.0577627963431,2026-07-17 16:29:26.208709,2026-07-17 16:29:26.233883,0 days 00:00:00.025174,-0.4128584710073839,782.5372848786316,315.02365190624903,1.8813469406210899,1.0481755584438444,777.4157504656979,2.6132764371419803,1.3666251421921465,778.1711789396173,0.7995575290489674,,COMPLETE
1217,0.1990573083044645,2026-07-17 16:29:26.233883,2026-07-17 16:29:26.255288,0 days 00:00:00.021405,-0.3731508191460541,783.4337400260251,-272.34473750093076,3.5710039900845216,1.0769878772779702,779.905850095189,1.856319336960159,0.2864989883399994,781.0106931148734,2.394903615621744,,COMPLETE
1218,0.46460527418296593,2026-07-17 16:29:26.255288,2026-07-17 16:29:26.277391,0 days 00:00:00.022103,-1.0545799249707242,782.2303950691189,61.02644876581283,7.498129241978281,0.46905447753733126,779.6277127708166,1.2939761510627037,0.3008907544999405,783.2739365977815,2.8833557827965537,,COMPLETE
1219,0.273153036148055,2026-07-17 16:29:26.277391,2026-07-17 16:29:26.307650,0 days 00:00:00.030259,0.0748457512613094,780.1395722360131,324.3320069927936,5.137534449742822,0.31735584509171266,780.1585794532846,1.0607453156964177,0.7677520677396402,779.5246613790034,0.9655681011201496,,COMPLETE
1220,0.31134399215882824,2026-07-17 16:29:26.307650,2026-07-17 16:29:26.338620,0 days 00:00:00.030970,0.42653514926794234,782.4716795554988,-80.33226062734407,4.737620041503466,0.8829386328916176,778.3589346646688,1.677569589446505,0.024680646216646333,781.7045870226189,2.6330543459473215,,COMPLETE
1221,0.4539267358617676,2026-07-17 16:29:26.338620,2026-07-17 16:29:26.364838,0 days 00:00:00.026218,-0.40252736787441434,778.0299146136977,498.43410216331057,2.462554453631723,0.8344377600949419,778.7769834465964,0.9122419221815332,0.6272477352808041,779.3822432392107,1.9387998373539186,,COMPLETE
1222,0.851521700179764,2026-07-17 16:29:26.364838,2026-07-17 16:29:26.395679,0 days 00:00:00.030841,0.585376768227403,777.3794076118569,-3.1366706407988545,1.2547770385458645,0.09751880165921445,783.3693753822678,0.5437681199181814,0.8699281212641252,781.3245275716124,2.906374647931475,,COMPLETE
1223,0.3729007478168602,2026-07-17 16:29:26.395679,2026-07-17 16:29:26.426077,0 days 00:00:00.030398,0.11085981659353927,778.8284774932529,-162.30474132985847,4.480139737603328,0.3202727335588867,777.6339672224271,0.7496419512235919,0.8715128449993892,778.6643213394152,2.4676981796622015,,COMPLETE
1224,0.2929256636305838,2026-07-17 16:29:26.426077,2026-07-17 16:29:26.450650,0 days 00:00:00.024573,0.22408261507654728,777.9709645108629,-113.88636598382683,3.0043169800152345,0.32309647806674596,778.7424932764229,1.5350640369162378,0.062404348125806586,778.1897664547637,1.2675349473408741,,COMPLETE
1225,0.3457271612147441,2026-07-17 16:29:26.450650,2026-07-17 16:29:26.474820,0 days 00:00:00.024170,0.29127168948203275,776.9064504333774,-113.70707809121102,1.1859396257401031,0.5184916208647333,782.1048273264888,0.16398876973081578,1.0066251255391514,778.7497778913289,1.5846086896020366,,COMPLETE
1226,0.5758179766446843,2026-07-17 16:29:26.474820,2026-07-17 16:29:26.496879,0 days 00:00:00.022059,-0.9189905756423529,776.9162470721292,62.64732455088168,3.308162234096688,0.2756699225639861,778.9075827748063,0.2107429711127482,0.7996905577997329,779.284917460982,1.6971424578729803,,COMPLETE
1227,0.6615128183176914,2026-07-17 16:29:26.496879,2026-07-17 16:29:26.523270,0 days 00:00:00.026391,0.047071904727865044,776.269493338357,364.1537448415135,3.5612387322239902,0.4981380369596674,780.0582288203799,0.18205914358827302,1.1580637460708236,777.4486285739116,1.4892437677010604,,COMPLETE
1228,0.5131715926985992,2026-07-17 16:29:26.523270,2026-07-17 16:29:26.544085,0 days 00:00:00.020815,-0.088362567100295,776.5478517689298,-147.56381903640664,3.943093350170948,0.8104751515013403,777.6480532991296,1.0657715512757888,0.5618453539951987,778.5184145093077,0.8769827167282868,,COMPLETE
1229,0.5750751861789942,2026-07-17 16:29:26.544085,2026-07-17 16:29:26.566441,0 days 00:00:00.022356,-0.24349554676022955,776.7998204283051,-28.76235675560781,2.376158445309229,0.002641971222587247,780.3030387094569,1.4999685802351252,1.3061830765571871,776.8667233084772,2.3923817124044255,,COMPLETE
1230,0.25285184646267944,2026-07-17 16:29:26.566441,2026-07-17 16:29:26.588876,0 days 00:00:00.022435,0.11879861342736255,776.3942187792649,-305.6101435095241,7.6880073082517715,0.982749854877094,780.079634935035,1.5023899818622888,0.46351678348099257,779.4241182764547,1.736097668663843,,COMPLETE
1231,0.15013418754591687,2026-07-17 16:29:26.588876,2026-07-17 16:29:26.615737,0 days 00:00:00.026861,0.0776060337130478,779.1945119880518,-293.35357776323144,2.275281971179643,0.3684836708364225,779.1690276602541,0.6744383446709259,0.8721391229578437,779.742989588973,1.2923474160314496,,COMPLETE
1232,0.33261695198612085,2026-07-17 16:29:26.615737,2026-07-17 16:29:26.636365,0 days 00:00:00.020628,-1.0570235367828742,783.2762273933117,525.8695506926322,3.2371622767434394,0.44669097007492337,778.0384993271731,1.038589457057547,0.42204568646619306,782.286364247838,2.807527793438769,,COMPLETE
1233,0.5509498825788103,2026-07-17 16:29:26.636365,2026-07-17 16:29:26.656884,0 days 00:00:00.020519,-0.9406521220404096,779.473615385421,123.97717419452454,1.940160545704676,0.15165176621106838,782.4977314062949,0.5381418672365185,0.7673061028683846,778.6742115836888,1.6728893174292456,,COMPLETE
1234,0.8465124660997287,2026-07-17 16:29:26.656884,2026-07-17 16:29:26.686000,0 days 00:00:00.029116,0.31729243846264554,778.3801786471435,916.8779317211479,3.484596931316767,0.24055744743505636,776.1664071966358,1.1013128809267372,1.0455136874766877,778.1552989663593,0.40156256452042083,,COMPLETE
1235,0.4803403027325484,2026-07-17 16:29:26.686000,2026-07-17 16:29:26.703256,0 days 00:00:00.017256,-1.4670366985161687,783.1003734407917,509.2316933976753,0.17505925283388674,0.791385867480998,782.7809194100506,0.14453870395851953,0.1468289221533916,781.8462385401425,0.7069356596798816,,COMPLETE
1236,0.14947677999639292,2026-07-17 16:29:26.703256,2026-07-17 16:29:26.733848,0 days 00:00:00.030592,0.01071864920665011,778.1135659873479,-95.10390044996544,3.35535315596654,0.10900083423069595,781.5589546153916,0.8407202458958234,0.7317080476222065,779.299749162113,1.7380301046800124,,COMPLETE
1237,0.18928083993276898,2026-07-17 16:29:26.733848,2026-07-17 16:29:26.754882,0 days 00:00:00.021034,-0.007127760278488392,778.3150953332774,-101.54932315587273,5.961785214442338,0.4064436031937515,780.5225957027749,0.7463081535984083,0.7502758674024337,779.6765737575465,1.9425572018567803,,COMPLETE
1238,0.23088975701848372,2026-07-17 16:29:26.754882,2026-07-17 16:29:26.775636,0 days 00:00:00.020754,-0.045541284908966695,783.8600759366556,174.62303686455252,6.226139662115815,0.876253979899414,778.9289824814284,1.302229809676884,0.08700618089785742,780.2654170367415,2.6004026091329084,,COMPLETE
1239,0.7053474483701067,2026-07-17 16:29:26.775636,2026-07-17 16:29:26.796377,0 days 00:00:00.020741,-0.5401381565326512,778.4016800498116,-140.94410564236853,5.324097631631524,0.15206268786919808,781.9200338227612,0.5053448464735871,0.37308736024648215,780.7961673413165,1.162521768658233,,COMPLETE
1240,0.23833998595106476,2026-07-17 16:29:26.796377,2026-07-17 16:29:26.827087,0 days 00:00:00.030710,0.1331209948191701,782.3291339033192,-207.5599082652335,7.893193449321083,0.4769808414868371,779.1736121104565,1.793547541616398,0.12459353743915676,780.3137157924301,1.778067724920405,,COMPLETE
1241,0.4145231184520025,2026-07-17 16:29:26.827087,2026-07-17 16:29:26.852972,0 days 00:00:00.025885,-0.14602615870509536,777.199895083234,-24.377623930540853,1.923029189185406,0.31461454233716596,779.7861137680711,0.9320654697329319,0.9512402148706012,781.8515612218672,2.28912760616214,,COMPLETE
1242,0.09954094926611703,2026-07-17 16:29:26.852972,2026-07-17 16:29:26.876865,0 days 00:00:00.023893,-0.011803524238046488,776.9757722708179,-0.41227696664144275,0.7378473433062451,0.029814555919599264,782.3290644882095,0.7534797935283455,0.8587291332095587,779.5771132111721,1.562234225206538,,COMPLETE
1243,0.5114120273131773,2026-07-17 16:29:26.876865,2026-07-17 16:29:26.904780,0 days 00:00:00.027915,0.27023030699727635,777.0285878253724,78.7790045099414,0.9929027814774111,0.020591094818331577,783.2550436381421,0.8166723559635113,1.1872364201160328,779.5039212191135,1.5783654575373987,,COMPLETE
1244,0.2942027528214652,2026-07-17 16:29:26.904780,2026-07-17 16:29:26.927831,0 days 00:00:00.023051,-0.10203422394809268,777.5033846321675,298.4724762263803,1.9280419730171419,0.2287268603313192,780.7895013536247,0.8386606666078436,0.5501014043323911,778.0434128496258,1.388779079567553,,COMPLETE
1245,0.20282173973895576,2026-07-17 16:29:26.927831,2026-07-17 16:29:26.948392,0 days 00:00:00.020561,-0.13106989398710622,778.3521424696146,8.291057091214377,4.832671621470626,0.3045196961355197,781.399102756192,1.3304885333727816,0.7955272525983047,778.5330807992556,1.2398039910216827,,COMPLETE
1246,0.4422931936495114,2026-07-17 16:29:26.948392,2026-07-17 16:29:26.974013,0 days 00:00:00.025621,-0.6955972044170957,780.0295657731828,182.75412579213418,2.7337016349037095,0.37618049704704604,779.4334121839474,1.7460176988710312,0.15291098518527318,782.5927160924815,0.2088946153489078,,COMPLETE
1247,0.7563436037214526,2026-07-17 16:29:26.974013,2026-07-17 16:29:26.994203,0 days 00:00:00.020190,0.9555838114537389,777.23454479508,47.008900542507234,3.5990271690403928,0.057455476334632466,782.6709329791998,0.5979284775686978,0.871999872804801,779.181202817876,1.6113838409499954,,COMPLETE
1248,0.42566066270952074,2026-07-17 16:29:26.994203,2026-07-17 16:29:27.018653,0 days 00:00:00.024450,0.3234997318831913,778.8179855795355,-226.84404149497337,1.2660453017671387,0.10503316872229104,779.475510821188,1.2113199251333222,1.173324085371744,778.0180842589806,1.9303963924704164,,COMPLETE
1249,0.3019057990984375,2026-07-17 16:29:27.018653,2026-07-17 16:29:27.039875,0 days 00:00:00.021222,-0.8249710893230643,777.766966074286,-117.1757718177493,1.7999629472794496,0.2133416189577419,779.8607387255016,1.03769236328302,1.2390098932646687,779.7072778908653,2.1561299915652268,,COMPLETE
1250,1000.009953183005,2026-07-17 16:29:27.039875,2026-07-17 16:29:27.067426,0 days 00:00:00.027551,-0.3200212313071551,776.1964804970761,63.89372780240413,5.123116918873589,0.5088575198931575,781.0698348649531,0.8436468251695795,0.809300356662572,781.0484650106927,1.5238580131002968,,COMPLETE
1251,0.5290020360905808,2026-07-17 16:29:27.067426,2026-07-17 16:29:27.086421,0 days 00:00:00.018995,0.07094443801533615,777.6859694030612,-113.23611199920533,0.27663067850969975,0.2806350877884439,782.2977188633319,0.6995623407550385,0.7979808145986906,781.6014665886246,1.5177769642407453,,COMPLETE
1252,0.18664860241367578,2026-07-17 16:29:27.086421,2026-07-17 16:29:27.106811,0 days 00:00:00.020390,-0.1860075172181629,779.1099800485698,36.32517634016059,1.8759569341855837,0.010934300271423558,781.1248325785672,1.1912262196009582,0.8352000389085197,780.3045337781615,1.732778591900476,,COMPLETE
1253,0.6580443034584313,2026-07-17 16:29:27.106811,2026-07-17 16:29:27.132000,0 days 00:00:00.025189,-0.59994282171102,783.7928227641281,723.9897032999097,1.7435334770624844,0.36951324159767845,778.6802887251355,0.8251136185567409,1.1944356221068069,776.9197191532355,0.48321300249456156,,COMPLETE
1254,1.0156341931492925,2026-07-17 16:29:27.132000,2026-07-17 16:29:27.168264,0 days 00:00:00.036264,0.485339340457858,776.5130246294614,690.2863399797071,0.8628228325765191,0.03018421598939769,783.6439970781419,0.631284380706388,0.7298212345751122,779.875791960614,1.7122611304104705,,COMPLETE
1255,0.2772622614647518,2026-07-17 16:29:27.168264,2026-07-17 16:29:27.188499,0 days 00:00:00.020235,0.4981376531625401,782.988934147572,-258.0885522871388,7.822839819340589,0.5714877756279455,780.3296071322018,1.150249794259735,0.4162905570427094,780.551714585131,2.36728707373114,,COMPLETE
1256,0.698654895830968,2026-07-17 16:29:27.188499,2026-07-17 16:29:27.208922,0 days 00:00:00.020423,-0.1674605251519633,776.5708762475256,32.185852668920745,5.526260672907576,0.6150263544512224,776.7376010328455,1.20516843957817,0.9826376207312983,777.0812755748057,2.3422578971895813,,COMPLETE
1257,0.685731805073463,2026-07-17 16:29:27.208922,2026-07-17 16:29:27.235543,0 days 00:00:00.026621,-0.8064770301208216,776.1848389415318,-16.307335962126032,2.7142260672293257,0.15576129814127954,781.4601955252334,1.2356028601570546,0.9617029779847032,777.9253192941053,1.6085998565153907,,COMPLETE
1258,0.39699567540009434,2026-07-17 16:29:27.235543,2026-07-17 16:29:27.257671,0 days 00:00:00.022128,-0.04977314037703996,778.1486861438998,-204.89474441229424,3.2287337926803343,0.5416232423864447,782.5014627239168,0.4354310569988274,0.660281459865529,779.9205038696438,0.9033115736682005,,COMPLETE
1259,0.6244388175594495,2026-07-17 16:29:27.257671,2026-07-17 16:29:27.281095,0 days 00:00:00.023424,-0.057659795161595584,776.2468788375382,433.7300044913969,0.7536333589269752,0.6856431976636979,782.281431595955,2.210125561279379,0.997976536767178,778.4660712347495,0.8045340114502127,,COMPLETE
1260,0.3042083961252401,2026-07-17 16:29:27.281095,2026-07-17 16:29:27.304171,0 days 00:00:00.023076,-1.135597720147762,783.6879593187813,675.0435731678988,2.457098261838717,0.5451451797023901,779.0692416636928,1.5710485195275044,0.005164138741505231,781.8548234911382,2.702450889185289,,COMPLETE
1261,0.41870537354340076,2026-07-17 16:29:27.304171,2026-07-17 16:29:27.327558,0 days 00:00:00.023387,-0.4816208287687515,780.295094728117,1.730732269899356,5.323977858270451,0.0015349132164298451,778.919610920799,0.5587407171285093,0.6356810808456334,778.0579673482331,2.0587310365621945,,COMPLETE
1262,0.5985461514479314,2026-07-17 16:29:27.327558,2026-07-17 16:29:27.348044,0 days 00:00:00.020486,-0.5615769585839897,778.2743499950033,-42.18843992752206,0.5946997048556594,0.34165187040417483,780.4439116804189,0.33309497809688215,0.5319992866606744,781.3604754701976,1.8418249028548541,,COMPLETE
1263,0.4274476165750222,2026-07-17 16:29:27.348044,2026-07-17 16:29:27.374029,0 days 00:00:00.025985,-0.7264866921509412,779.5952476786433,410.15522694071313,6.832012192069068,0.3598886462437865,781.6162492395545,1.5259025816413279,0.04793683635030367,783.7608081121588,0.3291281740696844,,COMPLETE
1264,0.48100377704256847,2026-07-17 16:29:27.376038,2026-07-17 16:29:27.399271,0 days 00:00:00.023233,0.18740052781871216,778.5413868991415,-39.58392484000641,6.091496655184036,0.24191149926023678,782.5605961257219,1.028726451956452,0.9775610927537968,780.3412539563112,2.0713076694179837,,COMPLETE
1265,0.3600154238972209,2026-07-17 16:29:27.399271,2026-07-17 16:29:27.421975,0 days 00:00:00.022704,-0.3472671659231993,778.886807789969,22.08155426501733,2.813182611022924,0.6807658657605513,781.1419049203952,0.6958785048027292,0.7336805118625421,777.8316312313774,1.6101239670698115,,COMPLETE
1266,0.5392905953655851,2026-07-17 16:29:27.421975,2026-07-17 16:29:27.445592,0 days 00:00:00.023617,0.19846621199888095,776.5023588218453,426.71039460469046,0.1555753173312525,0.11778415402347506,780.9670527601079,0.30993824551273513,0.7025010766865034,780.430553474289,1.421218023772821,,COMPLETE
1267,0.5212415662518726,2026-07-17 16:29:27.445592,2026-07-17 16:29:27.468262,0 days 00:00:00.022670,0.8415050469697548,777.0367344702826,-165.70704729910213,3.4676591169415323,0.7109177236052854,780.0358893144991,1.556491331537767,0.28393124090223193,776.3295033649989,1.110911555058734,,COMPLETE
1268,0.25696567453262514,2026-07-17 16:29:27.468262,2026-07-17 16:29:27.492541,0 days 00:00:00.024279,-0.08879039409852121,776.3203172229269,-36.30220795270474,1.0193952978424552,0.17903855696162235,782.3937171448255,0.8554118500545219,0.9756737867344889,778.5796084960618,1.7022630206155784,,COMPLETE
1269,0.2195192525104762,2026-07-17 16:29:27.492541,2026-07-17 16:29:27.515452,0 days 00:00:00.022911,0.25753052666063536,778.1476263144461,-132.82154971946716,0.6065927792521435,0.08902886724392937,781.2161137136927,0.6845072180916323,0.49665425765821464,778.3694764892573,1.7113444265918298,,COMPLETE
1270,0.5421213896935086,2026-07-17 16:29:27.515452,2026-07-17 16:29:27.538437,0 days 00:00:00.022985,-0.6645068011203452,778.3547718550121,126.7893797752163,3.8131126259505215,0.3273436827451705,780.0229182943632,0.41893750650712724,0.25680428885026485,779.1718081823915,1.7158918579913958,,COMPLETE
1271,0.634729684019157,2026-07-17 16:29:27.538437,2026-07-17 16:29:27.560880,0 days 00:00:00.022443,-0.19474001505059557,777.594074142467,-247.40435176658926,5.429135102138607,0.5488844000419552,779.7947164370304,0.14818332873266193,0.8981977822529486,777.3265798654963,1.0202294021419496,,COMPLETE
1272,0.4588380043056783,2026-07-17 16:29:27.560880,2026-07-17 16:29:27.584135,0 days 00:00:00.023255,-0.09794378468854419,778.4938853684891,-291.6032084294003,3.3960081672413245,0.12490852475075018,781.5569915488693,0.6567132733302014,1.0202758122595705,777.6230573714037,1.8804591726877289,,COMPLETE
1273,0.5154136619863143,2026-07-17 16:29:27.584135,2026-07-17 16:29:27.610138,0 days 00:00:00.026003,0.572569067263289,781.5446491770555,556.5413863529845,6.950570388420184,0.40984524939557077,779.2886182884341,1.0157359689113388,0.06431447558438855,783.427944560479,0.26412784070255535,,COMPLETE
1274,0.3548288886417005,2026-07-17 16:29:27.610138,2026-07-17 16:29:27.633794,0 days 00:00:00.023656,-0.6556358253848402,778.446267072996,479.1398687505884,5.580599768055988,0.11081742155123865,778.9968039547723,0.8883796266611558,0.496172395049403,781.5564307422297,1.2693638619290835,,COMPLETE
1275,0.3532811813640073,2026-07-17 16:29:27.633794,2026-07-17 16:29:27.656691,0 days 00:00:00.022897,-0.2527908002210675,782.3120512693057,-270.9387947247518,3.921304285224836,0.6639635343510655,779.1203388519186,1.3380654306058068,0.17411274542595687,778.5263234659855,1.9936027695256882,,COMPLETE
1276,0.3894495552169462,2026-07-17 16:29:27.656691,2026-07-17 16:29:27.677747,0 days 00:00:00.021056,0.03587947630325844,776.2625982068714,-86.57865274996696,1.965639045903855,0.9463488009347096,778.7874114484458,1.2229535026414522,0.47236851579748784,778.5316632222807,2.843247556678793,,COMPLETE
1277,0.5571534596158263,2026-07-17 16:29:27.677747,2026-07-17 16:29:27.702885,0 days 00:00:00.025138,-1.4198833371723358,780.4308068761152,-295.4904160338452,2.5893548853643433,1.1839413616371726,781.2425216490913,1.8935596681675901,0.23255928607924342,782.0359358586879,2.9519551901881615,,COMPLETE
1278,0.493137024097801,2026-07-17 16:29:27.702885,2026-07-17 16:29:27.725610,0 days 00:00:00.022725,0.31341290278182,778.6092435059858,176.15642011083366,1.9434904577998504,0.09218918206382143,781.2777566490885,1.0790970689014459,1.0513168420968786,778.7910508438932,1.4708067121549715,,COMPLETE
1279,0.892495161061595,2026-07-17 16:29:27.725610,2026-07-17 16:29:27.749110,0 days 00:00:00.023500,1.0474889575556783,778.725695625339,127.94959560637113,7.125828970499642,0.726180482910383,783.8686810383734,0.3503976182242856,0.5703519559939093,781.8208799314785,2.5959619814629895,,COMPLETE
1280,0.4664276499865606,2026-07-17 16:29:27.749110,2026-07-17 16:29:27.773037,0 days 00:00:00.023927,0.0394715422533615,777.2477742976001,176.2464450342952,2.197211913846521,0.1291002524498891,778.4799601044538,1.1670489419522772,1.0872489479827818,780.4563048507757,1.684020544686396,,COMPLETE
1281,0.2958242427259623,2026-07-17 16:29:27.773037,2026-07-17 16:29:27.795135,0 days 00:00:00.022098,-0.3519702852982677,777.5087737628509,36.75015179498029,4.022183124945553,0.02182020352168426,779.6267808702206,0.8593682464826404,0.640964945237734,778.9391629691197,1.9286882097029738,,COMPLETE
1282,0.23040301846585148,2026-07-17 16:29:27.795135,2026-07-17 16:29:27.815860,0 days 00:00:00.020725,-0.02857575474181895,781.3668083966909,371.1522912207717,2.413448358745401,0.6648755565727639,779.1173114357659,1.1875798249479148,0.07926396145953746,782.8657965024656,0.4885269679902775,,COMPLETE
1283,0.3969417954077711,2026-07-17 16:29:27.815860,2026-07-17 16:29:27.837337,0 days 00:00:00.021477,0.7128882051484685,778.3474500441565,-259.2937998142377,1.4245271226825107,0.4243474282282443,779.0752543067729,0.9714130418301903,0.6592188946636894,777.7228863051847,1.9106265283550128,,COMPLETE
1284,0.4072840692700228,2026-07-17 16:29:27.837337,2026-07-17 16:29:27.862526,0 days 00:00:00.025189,-0.2902035791983395,779.0542345436214,80.93671787730594,2.0687049516770277,0.012552817782021261,782.4904109851705,1.2834015968144976,0.43062659187659785,778.5747876161857,1.3525333263102075,,COMPLETE
1285,0.37811147608426077,2026-07-17 16:29:27.862526,2026-07-17 16:29:27.883724,0 days 00:00:00.021198,-0.2387050459372901,776.5879205817263,-245.2307901835951,2.532658095856489,0.6081761266309883,780.0612399951249,1.6043203578480327,0.47980891754193633,779.1841438176671,0.5085203359490239,,COMPLETE
1286,0.6045709234521972,2026-07-17 16:29:27.883724,2026-07-17 16:29:27.904947,0 days 00:00:00.021223,-1.0457922713177585,780.8458714958915,1099.596252746037,5.532523450375242,0.4301326302525821,783.9432080304817,1.2477729325345293,0.6814669150725075,776.4244711005585,1.9483013041072672,,COMPLETE
1287,0.5912361996054585,2026-07-17 16:29:27.904947,2026-07-17 16:29:27.931092,0 days 00:00:00.026145,-0.1869790166680907,780.0840460248577,217.75076249638533,0.7550210605535038,0.3134545918574415,780.2536236091814,2.9673106506205222,1.0087426077875163,780.9259934675448,1.8991852810787546,,COMPLETE
1288,0.40903739412782675,2026-07-17 16:29:27.931092,2026-07-17 16:29:27.958605,0 days 00:00:00.027513,0.5425417457414247,778.6121817423526,30.027539431248364,1.141874887582647,0.23862039166852184,783.2174000267358,0.2858015092948593,0.4074387452530042,779.8000325448656,1.78833684518257,,COMPLETE
1289,0.9742897986134991,2026-07-17 16:29:27.958605,2026-07-17 16:29:27.982708,0 days 00:00:00.024103,-0.7294478059433225,783.2904493346969,1075.0452428743338,0.2551773180160209,0.023506500599365876,780.9349587734108,0.7506189014991853,1.3529769056470182,776.6193417192827,0.8592645133037772,,COMPLETE
1290,0.47339209894333134,2026-07-17 16:29:27.983712,2026-07-17 16:29:28.006359,0 days 00:00:00.022647,-0.4324420343387887,782.4196845649237,-270.51701486192076,0.16651656099042497,0.6047593413507335,781.2889995047809,2.211371333325017,0.9550326702251497,779.3477019370431,2.8906057746134195,,COMPLETE
1291,0.3932237725623645,2026-07-17 16:29:28.006359,2026-07-17 16:29:28.030059,0 days 00:00:00.023700,-0.07947697918288618,782.4774525430611,-286.8271217451263,3.7548128222964547,0.619193016647957,780.6358391494794,1.4938471263740334,0.06410435431890887,779.8811420126835,2.520751026682087,,COMPLETE
1292,0.40203793472230875,2026-07-17 16:29:28.030059,2026-07-17 16:29:28.054493,0 days 00:00:00.024434,0.10160024485965755,783.3648895231656,281.8311296832073,3.216462341210523,0.5387919969096784,777.672723709483,1.1055686190773073,0.19205123843410116,781.4812413873176,2.9378282044636492,,COMPLETE
1293,0.823182810574963,2026-07-17 16:29:28.054493,2026-07-17 16:29:28.076894,0 days 00:00:00.022401,0.5215769394150562,778.5746674561898,183.1782478056803,1.5280742800641696,0.4375465052175776,780.9322324010424,1.2475157396553684,0.6630517370473895,779.5115491451005,2.704853384039491,,COMPLETE
1294,0.4597969701978267,2026-07-17 16:29:28.076894,2026-07-17 16:29:28.102227,0 days 00:00:00.025333,-0.2693325442214455,783.933675886878,295.52406002201644,5.759653980118168,0.9528743355731815,779.633038264956,2.457311871799334,0.008073260996803916,782.4246932079432,2.926766449418136,,COMPLETE
1295,0.589209919578983,2026-07-17 16:29:28.102227,2026-07-17 16:29:28.127402,0 days 00:00:00.025175,0.47070231469561974,776.9257366661747,96.48312370231329,3.8856711371046724,0.10938143106095571,781.2217142328936,1.4223861144391676,0.7185297879265518,780.6631343659443,1.9579352140413318,,COMPLETE
1296,0.21092720021335817,2026-07-17 16:29:28.127402,2026-07-17 16:29:28.150595,0 days 00:00:00.023193,-0.1321099941344997,777.027353130843,-157.7689384870469,3.238696571325732,0.5928003725840865,781.0062081983525,1.3183248033041393,0.8630933192677548,778.6644890038883,1.8982281557809775,,COMPLETE
1297,0.5617888631143193,2026-07-17 16:29:28.150595,2026-07-17 16:29:28.172672,0 days 00:00:00.022077,-0.4768658666000996,777.531349464386,69.23164777200763,0.28042355353697074,0.23496769122024375,783.4514480131514,0.3759390080303021,0.7339088844224338,778.5000141026667,1.2155955420036726,,COMPLETE
1298,0.47972570636173345,2026-07-17 16:29:28.173672,2026-07-17 16:29:28.195604,0 days 00:00:00.021932,-0.6025550274491194,777.1345211547629,101.5419269426281,0.313020079917495,0.36045984238697487,782.5929072262509,1.6919961571790991,1.0624408365840259,778.3966644418298,1.0788313042614748,,COMPLETE
1299,0.7101248200238354,2026-07-17 16:29:28.195604,2026-07-17 16:29:28.219655,0 days 00:00:00.024051,1.1799335131850204,780.4293955050177,-151.43948542136604,2.194483199340121,0.03269352721384952,781.7443736967084,0.37707376620007355,1.0366771718439538,777.9909546556341,2.36606148348521,,COMPLETE
1300,0.2557088344985853,2026-07-17 16:29:28.219655,2026-07-17 16:29:28.242012,0 days 00:00:00.022357,-0.9072810639946249,781.076448611366,567.6197411965467,4.9619893669655095,0.5944987216315117,780.1637326563031,0.8932697728146761,0.313873581375223,781.5939214148592,0.5742702143747096,,COMPLETE
1301,0.33039299364429026,2026-07-17 16:29:28.242012,2026-07-17 16:29:28.263878,0 days 00:00:00.021866,-0.7383923160762615,779.2034522383653,299.48259587677956,2.9871389441448577,0.3078331902439521,781.8222085706667,1.3938503204235615,1.0328574449578667,778.698775964834,2.0806954637900033,,COMPLETE
1302,0.5421750780998102,2026-07-17 16:29:28.263878,2026-07-17 16:29:28.286357,0 days 00:00:00.022479,-0.4408285827050598,781.6419795440364,835.8083295450692,7.281804665242827,0.6587397282329118,781.671093221068,1.1668307531496853,0.049516084126762186,783.8645750365476,0.20292469865724588,,COMPLETE
1303,0.3338627604791028,2026-07-17 16:29:28.286357,2026-07-17 16:29:28.310928,0 days 00:00:00.024571,-0.033658828559750914,776.888919011542,87.56640108903076,5.988948427027821,0.1466279795836138,780.4131202029313,0.4424798878395807,1.1124077998830588,780.0647674019452,1.6852509993171008,,COMPLETE
1304,0.4201802010117678,2026-07-17 16:29:28.310928,2026-07-17 16:29:28.337854,0 days 00:00:00.026926,-0.30735296998785516,776.2626863641838,-274.7770535186079,2.263956453706294,0.2484360732086603,779.1410009291469,1.2272312550090836,0.722067304229189,778.3138743204923,2.2692814843335425,,COMPLETE
1305,0.6404520731665825,2026-07-17 16:29:28.337854,2026-07-17 16:29:28.357239,0 days 00:00:00.019385,0.9497507416883566,777.0133428786486,-61.23064065076777,3.3329907664182206,0.05405525971231456,781.1902564574272,1.6736487940192566,0.7255430876387485,778.2026707139493,1.568500080176304,,COMPLETE
1306,0.47704704250754115,2026-07-17 16:29:28.357239,2026-07-17 16:29:28.383509,0 days 00:00:00.026270,-0.5868705176998529,779.4887334147581,-215.54763925529153,4.9247374039748735,0.28868702689087167,780.1447961355967,1.4565868046965331,0.6228552823398696,778.520141975195,1.620545921703899,,COMPLETE
1307,0.35677884116314196,2026-07-17 16:29:28.383509,2026-07-17 16:29:28.406405,0 days 00:00:00.022896,0.19413339149938857,777.0346091579845,-61.72488918328339,2.425303814164469,0.8259776703860948,780.2743150233537,2.1088134611873186,0.34306346658469955,778.6092912441807,0.7968373425559919,,COMPLETE
1308,1.0046863444698462,2026-07-17 16:29:28.406405,2026-07-17 16:29:28.430203,0 days 00:00:00.023798,1.0529717367877074,780.1596239183083,-281.37149079524727,5.062419732558165,0.10833370680842958,783.7385588695552,1.7253136047099142,1.4567134743825,779.1257234999188,2.7197085241497616,,COMPLETE
1309,0.44589346122091783,2026-07-17 16:29:28.430203,2026-07-17 16:29:28.450671,0 days 00:00:00.020468,-0.04077904707093338,780.1045699052295,211.0581554100045,2.6149534816944664,0.16817383610405276,777.8465424090487,0.4822708169757245,0.7659889573659309,781.5858079072294,1.794321047837041,,COMPLETE
1310,1.0560294913479726,2026-07-17 16:29:28.450671,2026-07-17 16:29:28.472907,0 days 00:00:00.022236,0.7777020107706383,777.1315854582181,580.903853781022,7.299907770980307,0.0928050565264904,776.4775356475028,0.8698612010097517,0.6585750003738396,779.2867565907526,2.5624330543834226,,COMPLETE
1311,1.350972334835986,2026-07-17 16:29:28.472907,2026-07-17 16:29:28.497231,0 days 00:00:00.024324,-0.687565609999894,779.8520750787764,787.5347951447118,0.780091635002547,1.1858001031188234,777.5234469534329,1.923264698985778,0.9328800534010865,779.7098422316996,2.8443432877002444,,COMPLETE
1312,0.7869192584228522,2026-07-17 16:29:28.497231,2026-07-17 16:29:28.517989,0 days 00:00:00.020758,-0.7963249166785497,779.8557423411467,30.732106402483396,1.5021329118244382,1.4638610552422455,781.806532723479,0.17857769464073048,1.093592555129403,777.456456092278,1.0966267347705636,,COMPLETE
1313,0.4524220300019811,2026-07-17 16:29:28.517989,2026-07-17 16:29:28.543813,0 days 00:00:00.025824,-1.2459777559136065,780.3475285238452,939.323727437565,2.8603302409215496,0.2748263946530251,781.728670462173,0.5383704150668085,0.31212633546942836,777.257168825121,0.7286563565171325,,COMPLETE
1314,0.35402583224679435,2026-07-17 16:29:28.543813,2026-07-17 16:29:28.564263,0 days 00:00:00.020450,-0.35542823835603904,777.6602598654326,-163.12933665968194,3.9275359940269983,0.07930922783886497,779.558717094865,0.5438725306755248,0.7793016296270041,780.5775824143082,1.8480430409022037,,COMPLETE
1315,0.7011107616620321,2026-07-17 16:29:28.564263,2026-07-17 16:29:28.594927,0 days 00:00:00.030664,0.7930636816733143,783.7071065632715,441.7539481286333,4.6417938734221655,1.1960178070686327,779.0801860401555,1.0491377480683048,0.08360268760410286,781.8589115740908,2.945485518816885,,COMPLETE
1316,0.5666588134720726,2026-07-17 16:29:28.594927,2026-07-17 16:29:28.618587,0 days 00:00:00.023660,-0.1179502870275187,777.5186623167222,-250.97793837059686,2.0418684753383727,0.14418398235465305,782.6131298294636,1.3435061827102976,0.49527206889156616,781.5724524404532,1.5168228969955044,,COMPLETE
1317,0.9035372841757684,2026-07-17 16:29:28.618587,2026-07-17 16:29:28.639141,0 days 00:00:00.020554,0.23269768308202812,780.6158408100948,-263.3473719424884,0.1578800687373844,0.8650918487415414,777.1246905682325,0.8615164532839125,1.4195390784314093,776.6636700476961,2.734539291537825,,COMPLETE
1318,0.826076610451736,2026-07-17 16:29:28.639141,2026-07-17 16:29:28.662875,0 days 00:00:00.023734,0.7655176689854124,778.635050454256,-63.02433488963361,3.525872597571508,0.6671750058999736,779.7198111809555,1.60945746946683,0.8049671059589025,779.4080016703043,1.855032519815241,,COMPLETE
1319,0.15915144855494726,2026-07-17 16:29:28.662875,2026-07-17 16:29:28.683977,0 days 00:00:00.021102,0.04617800173740222,776.1015652038669,-20.64113626047657,3.6203268909502704,0.7150990688045136,779.5115339742663,0.35994626401739827,0.48215927172558676,780.2479543368887,1.9905774143820878,,COMPLETE
1320,0.4630326969901919,2026-07-17 16:29:28.683977,2026-07-17 16:29:28.710062,0 days 00:00:00.026085,0.9322222692198865,783.2490090177536,-14.523538059555904,0.18985358955894033,0.1557955574581058,781.2624542740715,1.8615111121720707,1.2733379384555696,779.9999911174262,0.24885689087121254,,COMPLETE
1321,0.25914924369883885,2026-07-17 16:29:28.710062,2026-07-17 16:29:28.731293,0 days 00:00:00.021231,0.13387635082550717,779.0657173494409,-3.2913141367446683,0.6159635537319472,0.02368893898924006,783.2194072506604,1.0583978145252024,0.8324315310721299,779.0508698991955,2.066275791794714,,COMPLETE
1322,0.4556559344206215,2026-07-17 16:29:28.731293,2026-07-17 16:29:28.757119,0 days 00:00:00.025826,0.0446069919769255,776.4784669420419,-75.84740530902477,1.1860077178569157,0.07826320004950599,781.8478322001981,0.8197539294589882,0.7760465159642641,781.7241458078316,1.9685499661707053,,COMPLETE
1323,0.6925449048974053,2026-07-17 16:29:28.757119,2026-07-17 16:29:28.777695,0 days 00:00:00.020576,0.6573286243294719,777.5564904377927,-273.9392458588866,0.21611473513414672,0.004476557680702653,777.0143595437517,1.27992449318117,0.8626901320721555,782.3552842798414,1.5763423591812675,,COMPLETE
1324,1.3350260200812116,2026-07-17 16:29:28.777695,2026-07-17 16:29:28.803327,0 days 00:00:00.025632,0.059409911419289876,783.2314094397926,721.6159414930576,0.179952364111231,1.2348099233592482,776.1600291302896,1.6603838659850974,1.287059168763033,783.441885325828,2.7732199130655735,,COMPLETE
1325,0.4121154968832463,2026-07-17 16:29:28.803327,2026-07-17 16:29:28.827486,0 days 00:00:00.024159,-0.801548934810293,781.1479548609092,418.76598085279346,3.915665805745574,0.9401963778803295,780.7058772743502,0.48190315568320713,0.4081206304203464,783.6948077073245,1.11726833947913,,COMPLETE
1326,1.4011973681002194,2026-07-17 16:29:28.827486,2026-07-17 16:29:28.848571,0 days 00:00:00.021085,1.4834943862735723,779.043761813766,189.63237356994523,0.8781210029284103,1.0517210233313063,781.3710950983474,0.6283674383757959,0.3347881444223402,782.1808440442427,1.086332267716237,,COMPLETE
1327,0.9186800998829324,2026-07-17 16:29:28.848571,2026-07-17 16:29:28.878135,0 days 00:00:00.029564,-0.7840160196384487,776.6365318665895,-174.66441335098827,1.6241387859490717,0.1823049077086606,780.9498671801682,0.7770088417354927,0.6616611551101128,780.3546306205541,1.0976458990272717,,COMPLETE
1328,0.13631582226445343,2026-07-17 16:29:28.878135,2026-07-17 16:29:28.902137,0 days 00:00:00.024002,-0.07747826180325101,781.4886166829959,15.847858364249475,3.0789316247477916,0.8286604798089037,779.6718666263154,1.0295912341360065,0.013796401801768984,783.5566364630084,2.7447855270749413,,COMPLETE
1329,0.8356335611810893,2026-07-17 16:29:28.902137,2026-07-17 16:29:28.923646,0 days 00:00:00.021509,-1.2001616954814431,776.8744438955484,264.26914363176724,0.3795798556597124,0.06120340531634715,779.540598980494,0.2670291637307666,0.9769574862530973,780.4011602110598,1.4912821404976255,,COMPLETE
1330,0.4240026421139701,2026-07-17 16:29:28.923646,2026-07-17 16:29:28.950094,0 days 00:00:00.026448,-0.3470953028235512,779.1476757889903,-30.347433427551824,7.174804713111196,0.34274267466787645,780.0193961733111,2.4947273318532783,1.2455663206055083,779.0285531125596,1.8891119058861587,,COMPLETE
1331,0.33108676327900527,2026-07-17 16:29:28.950094,2026-07-17 16:29:28.973985,0 days 00:00:00.023891,0.09141595680213305,779.7794825111803,170.06286444746056,2.625945037349384,0.6996142188765346,780.1247473596097,1.3900955917009492,0.2175895272680229,783.4224973810152,2.716183002066019,,COMPLETE
1332,0.7414534960993153,2026-07-17 16:29:28.973985,2026-07-17 16:29:28.993663,0 days 00:00:00.019678,-0.08785517438133118,779.2496364678531,221.24006158514308,0.12270705953869727,0.7236483258762318,783.7387991632463,2.7310379801450497,1.3933450085659964,777.6512394632169,0.9749897139780911,,COMPLETE
1333,1000.002436506142,2026-07-17 16:29:28.993663,2026-07-17 16:29:29.014689,0 days 00:00:00.021026,0.603094211024362,778.9104805342807,-51.388420451378586,1.671155207061994,0.03758294635476353,780.8343692925916,0.5035372141000864,0.8646725671908807,780.9151208940698,1.3615999428371854,,COMPLETE
1334,0.5016307331243935,2026-07-17 16:29:29.014689,2026-07-17 16:29:29.040859,0 days 00:00:00.026170,-0.6076876702683847,782.5196260063855,552.7445020876742,1.7148439776612967,0.9205503630422397,778.2169195552948,1.3256672988312637,0.016461175985670522,779.9232952009587,2.919768048470384,,COMPLETE
1335,0.3888639699209524,2026-07-17 16:29:29.040859,2026-07-17 16:29:29.066269,0 days 00:00:00.025410,-0.5348198406119762,782.5955791100239,-198.12424075859488,5.307601174031159,0.6726114289235712,780.8641160311663,1.1290797289345136,0.33297247349588543,779.5604899503719,2.1648831674510713,,COMPLETE
1336,0.5004595482479829,2026-07-17 16:29:29.066269,2026-07-17 16:29:29.092078,0 days 00:00:00.025809,-0.05432530199022456,783.942685041202,840.8777448281008,7.7548075454620875,0.41146071776402193,779.4954195612482,1.18506860922026,0.045403796554277204,780.077809289147,2.56775240489652,,COMPLETE
1337,0.3086711290732203,2026-07-17 16:29:29.092078,2026-07-17 16:29:29.112937,0 days 00:00:00.020859,-0.1377293869014224,780.7403906353816,-118.32462337752904,3.0717804998825398,0.8330831250940419,780.0558584879078,0.578452582473111,0.30407549544043677,782.1832145941439,2.9364181009578014,,COMPLETE
1338,0.48084277811746656,2026-07-17 16:29:29.112937,2026-07-17 16:29:29.138666,0 days 00:00:00.025729,-0.8507152761107363,781.5989855917488,68.44559858726564,3.1925660929913633,0.5739794440980105,779.3461727352566,0.9062059633044688,0.05543299934919434,781.375523206186,2.713734705738315,,COMPLETE
1339,0.3583853335365072,2026-07-17 16:29:29.138666,2026-07-17 16:29:29.162758,0 days 00:00:00.024092,-0.3687423504187204,777.448284204774,-22.76587308203096,2.085582171634177,0.6378098777455429,778.3597653671351,1.1464396161467356,1.170282234533874,779.5501894926598,1.57876335402255,,COMPLETE
1340,0.35086077146065187,2026-07-17 16:29:29.162758,2026-07-17 16:29:29.185287,0 days 00:00:00.022529,0.3085242322944611,776.1073240337728,-272.5696247278646,1.1560591041151917,0.09364450506269156,779.707851010155,1.2869008449266857,0.5103002711180438,777.7922837956733,0.9126601994195362,,COMPLETE
1341,0.22708453156806574,2026-07-17 16:29:29.185287,2026-07-17 16:29:29.211456,0 days 00:00:00.026169,-0.6696599838010729,779.9416338367666,249.80961610321427,5.973896648818982,0.7840207560361776,778.94010377924,1.9371885936141133,0.09848322350739927,783.7856768245559,0.6909121099956639,,COMPLETE
1342,0.7550230399896027,2026-07-17 16:29:29.211456,2026-07-17 16:29:29.231642,0 days 00:00:00.020186,-0.4430985945021174,781.8186190787118,700.0648783808172,0.4239149867961913,0.8605593960859255,783.8697137563393,0.7298465222878605,0.7193617842872796,781.5080514557751,2.490530588066535,,COMPLETE
1343,0.38522720310261593,2026-07-17 16:29:29.231642,2026-07-17 16:29:29.258507,0 days 00:00:00.026865,-0.23276330471775059,782.9996029153552,270.43808299909483,2.5090772501188834,0.04417763826000787,781.5541956771575,1.5309365822257641,0.10830304706913388,783.8298583871036,0.29728771460185516,,COMPLETE
1344,0.34558001470421223,2026-07-17 16:29:29.258507,2026-07-17 16:29:29.279050,0 days 00:00:00.020543,-0.18951416438043683,782.1628096919482,-58.41644605133631,2.7639958077171456,0.7456225525184748,779.5277761861696,0.618586163953092,0.05601059595849837,783.4886097076209,2.965430045834395,,COMPLETE
1345,0.35768693247279126,2026-07-17 16:29:29.279050,2026-07-17 16:29:29.304510,0 days 00:00:00.025460,-0.3197712936109195,778.6123539617754,22.652012893791138,1.7218548515637557,0.5001938538463542,781.8490275408434,1.0414114122431297,0.6988898398437813,780.5338710217701,2.027387302586469,,COMPLETE
1346,0.8178569968731442,2026-07-17 16:29:29.304510,2026-07-17 16:29:29.328863,0 days 00:00:00.024353,0.09953318432100455,778.8420987545409,746.3680589018597,0.7046785783420125,1.2833805415962547,781.3185956510318,0.43209101696250407,1.1166182981391537,779.0394926499898,0.8517353419233271,,COMPLETE
1347,0.21376997330178668,2026-07-17 16:29:29.328863,2026-07-17 16:29:29.351640,0 days 00:00:00.022777,-0.463940929097716,783.5076462304257,-260.43298963938616,6.947906191255875,0.601049762022434,779.8192938705498,1.8078427260582501,0.44703240209542405,780.6913494500428,2.2453186816008706,,COMPLETE
1348,0.4675464851912953,2026-07-17 16:29:29.351640,2026-07-17 16:29:29.377313,0 days 00:00:00.025673,0.7483020703570704,776.1996869199788,-261.5761898847839,1.5415939625896908,0.5689893562619079,778.9464415611359,1.839192744939202,0.21750128587365158,779.3580664308444,1.2351484638092285,,COMPLETE
1349,1.043216872891925,2026-07-17 16:29:29.377313,2026-07-17 16:29:29.397962,0 days 00:00:00.020649,-1.3122686807338877,780.5320611883333,446.3229108322194,0.11800674622295806,1.201795661534407,778.2825561415361,1.7810334818027598,1.0715949564000775,776.7062270795069,0.2677839071373429,,COMPLETE
1350,0.4854239597042729,2026-07-17 16:29:29.397962,2026-07-17 16:29:29.424032,0 days 00:00:00.026070,0.1395583249344256,776.1828170466961,429.85108146914627,1.2154179592074155,0.15793949533326762,781.1617808473404,0.9794499039757695,0.7473749506856886,779.7765570321814,1.3660772852070457,,COMPLETE
1351,0.33939601742272085,2026-07-17 16:29:29.424032,2026-07-17 16:29:29.444595,0 days 00:00:00.020563,-0.6987337351717489,776.3597673909351,368.3602991917256,0.7675846851864835,0.18388280557545633,781.9949432569243,0.623358589767338,0.7340401553493491,779.0702857891611,2.512788400362059,,COMPLETE
1352,0.3369282429660077,2026-07-17 16:29:29.444595,2026-07-17 16:29:29.470092,0 days 00:00:00.025497,-0.5738450195531664,778.6566498834544,100.45027887230879,2.0242666453336513,0.282978633055023,778.19704502774,0.9646874638799785,0.7281920066354599,779.8830831188009,1.2124093958456927,,COMPLETE
1353,1.1674106239760054,2026-07-17 16:29:29.470092,2026-07-17 16:29:29.495756,0 days 00:00:00.025664,-0.9239190002271308,777.291876495564,-46.1373964149974,0.1507110503390232,0.29361342659936773,783.6432198274656,2.982387425750125,0.011046324328619406,777.200220968741,0.5697567017784334,,COMPLETE
1354,1.1133392689082555,2026-07-17 16:29:29.495756,2026-07-17 16:29:29.521430,0 days 00:00:00.025674,-0.6904608046604488,780.8517599197064,672.6886519350448,0.35232056819170654,1.0368350792034646,777.6812031317871,2.901090957830151,1.041834451973586,782.2171746802089,2.0270848516165887,,COMPLETE
1355,0.41319194186857117,2026-07-17 16:29:29.521430,2026-07-17 16:29:29.547460,0 days 00:00:00.026030,-0.10580087373368693,781.2421954934476,292.434884611552,2.847386813100829,1.2225496220061989,779.262825659118,1.4011629379157957,0.10715650833467207,783.5994496512981,2.4049417405395106,,COMPLETE
1356,0.14391543476650567,2026-07-17 16:29:29.547460,2026-07-17 16:29:29.579078,0 days 00:00:00.031618,-0.05699642909673751,777.7013083614532,-59.57354361087843,2.1616375232614295,0.1608957957130624,782.7346956919787,0.2415283953525944,0.7791558536954842,779.6228580885463,1.8499947567577713,,COMPLETE
1357,0.8832452593184983,2026-07-17 16:29:29.579078,2026-07-17 16:29:29.609946,0 days 00:00:00.030868,-0.24959197369105385,778.6955134722915,1177.718685161376,0.83130419977167,0.6154780741526497,779.8039580756467,0.14312256971882586,0.9505341133522658,783.2314108637969,1.084208901924721,,COMPLETE
1358,0.8754609941604118,2026-07-17 16:29:29.609946,2026-07-17 16:29:29.635761,0 days 00:00:00.025815,0.05310138414674333,780.3598260788516,-2.0280929796155647,1.3003600657659298,1.4145244355648878,781.2324292713125,0.9747786056187259,1.048023636795695,777.6726868423478,2.950673827863317,,COMPLETE
1359,0.29257302126566215,2026-07-17 16:29:29.635761,2026-07-17 16:29:29.671388,0 days 00:00:00.035627,-0.1357448514392719,783.7885663365446,-119.30511889267449,6.409584825607567,0.810645964858508,778.7369621722602,0.9893881549113018,0.0922284238707815,780.8987565001629,2.2998154311964347,,COMPLETE
1360,0.41365617389607856,2026-07-17 16:29:29.671388,2026-07-17 16:29:29.705483,0 days 00:00:00.034095,0.7816823647127527,780.6079935707413,-25.468757732300542,2.46864329827081,0.35297178169349736,779.3572634898893,0.716127424979967,0.31997141682649116,781.3687913681534,1.9368933984267696,,COMPLETE
1361,0.24748269402763287,2026-07-17 16:29:29.705483,2026-07-17 16:29:29.731791,0 days 00:00:00.026308,-0.07657702241950004,776.7089019271577,-206.0984548245579,5.949862868226626,0.07337436628460395,782.1271064495818,0.27179107396906815,0.9987799209379953,780.3778736734811,2.3472124904541074,,COMPLETE
1362,0.2597859308957089,2026-07-17 16:29:29.731791,2026-07-17 16:29:29.760927,0 days 00:00:00.029136,-0.20049270780857595,778.4229148262639,195.72152278930434,0.857119610868116,0.0622336871543749,782.794966413022,0.1795376231686313,0.8489067775149826,778.9860796622111,1.8948938444026597,,COMPLETE
1363,0.40975024078175865,2026-07-17 16:29:29.760927,2026-07-17 16:29:29.796811,0 days 00:00:00.035884,-0.16367959986033148,779.2885550863515,85.43830510143383,3.835928715689479,0.5213503709866005,779.4482409284882,0.38261606687798033,0.010030257597152223,783.5433056546468,2.37156062477802,,COMPLETE
1364,0.23586088971778707,2026-07-17 16:29:29.796811,2026-07-17 16:29:29.830127,0 days 00:00:00.033316,-1.0117536462082637,782.8203212380209,40.34162058354248,4.4986145303619045,0.723340371320984,778.9407741632756,1.9825751338431181,0.25721355528911505,782.3769463216619,2.9074431100999134,,COMPLETE
1365,0.15610704897285943,2026-07-17 16:29:29.830127,2026-07-17 16:29:29.868641,0 days 00:00:00.038514,0.04590037843113599,776.5061749032618,-68.48342777455294,0.6761563030477611,0.02718097479544095,783.8274532912492,0.4350223537665539,0.6825992858436514,779.8492760674295,1.515468048342341,,COMPLETE
1366,0.3803314922319621,2026-07-17 16:29:29.868641,2026-07-17 16:29:29.899654,0 days 00:00:00.031013,0.07464785388524142,776.1960209078524,-265.5475311575197,5.340381737941155,0.3860252800052773,779.2807079230723,1.5429306353909729,0.22948914630547124,777.3341060878533,1.083771996146132,,COMPLETE
1367,0.3040365690919122,2026-07-17 16:29:29.899654,2026-07-17 16:29:29.939008,0 days 00:00:00.039354,-0.27969627504830874,783.6002694048458,225.72867596389509,1.1866446754431033,0.8849404847969335,780.5228113953154,0.3054304226841563,0.2055235398430408,777.610916605444,2.6634943728517966,,COMPLETE
1368,0.2939400289403491,2026-07-17 16:29:29.939008,2026-07-17 16:29:29.964473,0 days 00:00:00.025465,-0.014273299325245792,776.90500315584,-34.754847453445514,0.6531263866578453,0.6829653362259279,781.7563294113711,1.3423810316615779,0.9638422611239087,779.4400370305266,0.5051241049815883,,COMPLETE
1369,0.58144695779503,2026-07-17 16:29:29.964473,2026-07-17 16:29:29.992578,0 days 00:00:00.028105,-0.031145914598280845,783.3138580516988,75.51225572741114,2.3153224527018628,1.1355840193660034,781.4353890298357,1.1538157616739784,0.1396325429190221,783.0099241380731,2.6792559891215584,,COMPLETE
1370,0.7600235062307167,2026-07-17 16:29:29.994320,2026-07-17 16:29:30.024825,0 days 00:00:00.030505,-0.4087017798136462,780.112875915188,739.2665769931175,0.12043857783679715,0.5540790957214763,781.7434606312663,0.9211878496335857,0.9898365988703481,777.8036420356578,1.624813192088046,,COMPLETE
1371,0.5299836268395018,2026-07-17 16:29:30.024825,2026-07-17 16:29:30.050863,0 days 00:00:00.026038,0.19633917406874146,783.2450299823543,272.8216683576618,7.541894574354513,0.9104323430690525,780.3508766846483,0.9855900199381238,0.34832638720120496,781.6662568966589,2.2072386685083627,,COMPLETE
1372,0.7389514016437465,2026-07-17 16:29:30.050863,2026-07-17 16:29:30.087935,0 days 00:00:00.037072,0.589734162226998,777.5857637791216,186.47462671163427,2.9843224448089103,0.37870769896840367,782.0418302821021,0.13006023021183483,0.9886860957288841,780.4846326323378,1.5022882425656345,,COMPLETE
1373,0.24576503325478044,2026-07-17 16:29:30.087935,2026-07-17 16:29:30.119656,0 days 00:00:00.031721,-0.07042100791257205,782.1980366779119,13.975759706654639,7.524346499466879,0.9660658118323506,778.8345995715503,0.771260869588116,0.05935450520865013,781.7888454307757,2.929485345074655,,COMPLETE
1374,0.4399772479143225,2026-07-17 16:29:30.119656,2026-07-17 16:29:30.144693,0 days 00:00:00.025037,-0.2615197286763473,776.4755355094255,-249.06793548040042,0.22170664206700386,0.07885296750487095,781.1189915237544,0.9720649646468019,0.6125844585979456,779.8245896372952,2.422610949483173,,COMPLETE
1375,1.8465806431310325,2026-07-17 16:29:30.144693,2026-07-17 16:29:30.169064,0 days 00:00:00.024371,1.0847026923915366,779.5388522249185,628.8951745595734,0.14000706832650586,1.2490114249027386,778.9258726157179,0.35338160579331834,1.254497120322004,780.5886400450578,2.396182384676701,,COMPLETE
1376,0.4893748745471315,2026-07-17 16:29:30.169064,2026-07-17 16:29:30.198114,0 days 00:00:00.029050,-0.4805906594025694,776.7469445931716,-241.88892419141806,2.4872345946182115,0.6772685462908896,779.8259033076806,0.20813935490276103,0.9744027370562158,780.6249684245596,1.5566314720830032,,COMPLETE
1377,0.2686940656976065,2026-07-17 16:29:30.198114,2026-07-17 16:29:30.224100,0 days 00:00:00.025986,0.11089233315679065,776.6201430453777,-270.3941194342152,3.500551603652866,0.3476882570533988,779.1693607475131,1.6264106996822467,0.658306682338957,781.3779675930076,2.538332402031731,,COMPLETE
1378,0.34053667316946,2026-07-17 16:29:30.224100,2026-07-17 16:29:30.249241,0 days 00:00:00.025141,-0.17983718740729196,780.5006368239295,-146.22532926292664,5.4303564976927765,0.9115163597008574,780.4507396201451,1.1529870623284966,0.12256417443485627,783.7427499069304,2.308066535970272,,COMPLETE
1379,0.59173865248105,2026-07-17 16:29:30.249241,2026-07-17 16:29:30.272450,0 days 00:00:00.023209,-0.8807425548686116,776.9059694763002,195.72378258892613,2.9708937184737128,0.3385238508651176,782.973440819205,0.1167521891619715,0.715124580005317,778.6135636477902,1.602582931253003,,COMPLETE
1380,0.4022070428879355,2026-07-17 16:29:30.272450,2026-07-17 16:29:30.297859,0 days 00:00:00.025409,-1.2954919920141728,781.6807519160449,344.4340986280448,7.1663020437958265,0.9632896818501181,778.4163053665144,1.712622541141083,0.03289575780212461,782.1734577185607,2.5991008873853194,,COMPLETE
1381,0.43384004013131744,2026-07-17 16:29:30.297859,2026-07-17 16:29:30.323563,0 days 00:00:00.025704,-0.7055026314751558,782.1386819979804,68.87459110980313,2.4887230568988596,0.49767279980575235,780.6282762036587,1.153938960392683,0.11171897226716138,783.2060029830014,0.3069518745794872,,COMPLETE
1382,0.44660004146579685,2026-07-17 16:29:30.323563,2026-07-17 16:29:30.347778,0 days 00:00:00.024215,-0.8834676501527647,781.079253613152,1178.577552332542,4.139006287617121,0.40527003472215056,781.0050412593864,0.14618835436833022,0.9236718999313263,781.5001358754683,0.15578697297567068,,COMPLETE
1383,0.08571929894607226,2026-07-17 16:29:30.347778,2026-07-17 16:29:30.370703,0 days 00:00:00.022925,-0.2266360270307668,783.4636599723705,85.3356747257919,6.812056068599883,0.5962398437457265,779.2770045799535,0.620016261015306,0.41221368755529175,779.7579523518982,2.1113404936684783,,COMPLETE
1384,1.856118480790606,2026-07-17 16:29:30.370703,2026-07-17 16:29:30.397123,0 days 00:00:00.026420,0.38872826921264614,779.2591563521921,1197.3312559761882,5.0738635882105925,0.5309293366961912,780.3840472430683,2.8923392172509006,1.2278250161698647,778.9329408120618,1.7989747425613145,,COMPLETE
1385,0.2096356181424624,2026-07-17 16:29:30.397123,2026-07-17 16:29:30.422666,0 days 00:00:00.025543,0.19091079477646666,783.2441920888482,176.59496157434853,1.8275425582346165,0.30999997852217004,778.7665742927163,0.8846362643058718,0.3043156016842438,780.318503077024,1.6658170598849105,,COMPLETE
1386,1000.0005018538722,2026-07-17 16:29:30.422666,2026-07-17 16:29:30.467797,0 days 00:00:00.045131,0.47945639789783623,782.5152592741133,400.0394062841624,6.702848474315277,0.38958949123037656,779.3207262808911,0.6528752111980303,0.5931043895868502,779.4167616353014,2.255438683754609,,COMPLETE
1387,0.526799784745589,2026-07-17 16:29:30.467797,2026-07-17 16:29:30.496437,0 days 00:00:00.028640,0.2979369563828906,776.4675967959791,115.77183843496384,0.4320376676377209,0.13029455985232058,782.1659083720236,0.21020676298428898,1.0513427665490018,778.703380530831,1.4748824204252036,,COMPLETE
1388,1000.0020862545377,2026-07-17 16:29:30.496437,2026-07-17 16:29:30.521209,0 days 00:00:00.024772,-0.782675794016918,783.6828560713624,-303.6249513549623,6.754152237199058,1.0509513073296175,779.9000788012221,1.4178412419659003,0.09090684817233777,779.8165602120699,2.9033744693847945,,COMPLETE
1389,0.4884405136633903,2026-07-17 16:29:30.521209,2026-07-17 16:29:30.544572,0 days 00:00:00.023363,0.573160049614732,782.6454715755677,-54.17684248883026,7.770627697788718,0.9194971915423431,780.4417751658964,1.6057714916050432,0.1768837697110831,780.2871904396516,2.484689265056483,,COMPLETE
1390,0.1754784340865549,2026-07-17 16:29:30.544572,2026-07-17 16:29:30.569370,0 days 00:00:00.024798,0.2308275858387016,779.9803423971551,-164.63405747272407,0.8763293586765212,0.7367757304571216,778.8900205329787,1.3391602476080053,0.05551828994779334,783.1634478342587,2.6368026090078915,,COMPLETE
1391,0.4952384760277852,2026-07-17 16:29:30.569370,2026-07-17 16:29:30.592809,0 days 00:00:00.023439,-0.7040453756134846,782.0610753044994,-80.00682998401882,2.7046278985421903,0.625915621305432,776.658985626472,0.4369671346308446,0.5234340346528403,780.4377100526906,1.4260987737954876,,COMPLETE
1392,0.31569061056227604,2026-07-17 16:29:30.592809,2026-07-17 16:29:30.617191,0 days 00:00:00.024382,-0.1342824298399942,783.0273842133275,182.88535110920225,3.663720631987711,0.7054718113597932,781.164366380589,0.18567041702378229,0.5187143451189608,780.0554593098955,2.4656719259819955,,COMPLETE
1393,0.510728689591398,2026-07-17 16:29:30.617191,2026-07-17 16:29:30.639706,0 days 00:00:00.022515,-1.1086548039329365,783.6994063232698,390.509065819327,3.9506429588785013,0.7925215037641624,777.2961918378656,1.0968959625329977,0.11643783447761324,781.5222074612311,2.224117698020364,,COMPLETE
1394,0.6307922583424528,2026-07-17 16:29:30.639706,2026-07-17 16:29:30.666351,0 days 00:00:00.026645,-0.20549527011401453,776.7256547090165,-255.84066393143735,0.38444310500782836,0.274578470222002,782.3737760239062,2.529840183198153,1.342671661685478,778.678015856502,0.19923754448813835,,COMPLETE
1395,0.2709472197367726,2026-07-17 16:29:30.666351,2026-07-17 16:29:30.691277,0 days 00:00:00.024926,0.01848076563921283,781.9707381912087,8.026106181432127,5.083959330576653,0.7547392457737623,779.2871948886485,0.33137951888678296,0.7190729139405496,778.2347090482834,1.9982392737868053,,COMPLETE
1396,0.2790774560347052,2026-07-17 16:29:30.691277,2026-07-17 16:29:30.726315,0 days 00:00:00.035038,0.04095827770383055,777.2334175067261,14.646865449653319,2.4578585364253174,0.3865482219534093,782.2466952000099,0.3336816573534398,0.5734536494497413,779.8430388887829,2.2338438217330703,,COMPLETE
1397,0.8075033622641964,2026-07-17 16:29:30.726315,2026-07-17 16:29:30.752129,0 days 00:00:00.025814,-1.055097415868046,776.7565872906065,-192.73615882665396,3.1972876194786037,0.6406871617629599,777.1621054442911,1.5670984247138353,0.7586366023672582,779.1287194459135,1.7742734917610434,,COMPLETE
1398,0.4091580182389399,2026-07-17 16:29:30.752129,2026-07-17 16:29:30.788162,0 days 00:00:00.036033,-0.3321188048155843,776.9262991660216,-183.99158922854224,2.7861049415355676,0.7003596644737062,780.0510635909343,1.5995272579561144,0.6513300678460814,776.1751786728435,1.1838131341518277,,COMPLETE
1399,0.9008358210992394,2026-07-17 16:29:30.788162,2026-07-17 16:29:30.817129,0 days 00:00:00.028967,0.7164236595772875,782.6800011754676,657.8364929155553,0.5546337083405917,1.3741561087174403,783.378268571825,0.15180720543916792,0.8377641235355823,778.3844662375122,1.8221369559744383,,COMPLETE
1400,0.24312346807887877,2026-07-17 16:29:30.818133,2026-07-17 16:29:30.852029,0 days 00:00:00.033896,-0.4581866963844279,782.8146338540654,204.936023724032,5.7975813820616695,0.3651161004186752,778.5091887193811,0.3350265807669659,0.3981404238325217,779.8480407733473,2.3316138629149625,,COMPLETE
1401,0.5551995544330215,2026-07-17 16:29:30.853047,2026-07-17 16:29:30.880974,0 days 00:00:00.027927,-0.5647249953817719,783.9073043969735,-219.16927662379018,6.464323300884142,1.07929728855002,782.4559685980183,0.44204713383027094,0.5221154013762428,779.8256565452846,1.1837367319565837,,COMPLETE
1402,0.31200614231984725,2026-07-17 16:29:30.880974,2026-07-17 16:29:30.906019,0 days 00:00:00.025045,0.10177932245158294,781.4175446218161,282.1285708962147,2.5475357332008914,0.745664074718821,778.8052227095708,1.1368335554209459,0.16408987654878557,781.3993432344023,2.4473993840368258,,COMPLETE
1403,0.3813555920760217,2026-07-17 16:29:30.906019,2026-07-17 16:29:30.930963,0 days 00:00:00.024944,-0.5181863857598838,783.5679327678926,312.3149385150005,5.530139525953121,0.5529624693783142,780.5705152071454,0.2770781279268224,0.05508448543898009,777.8602602592504,2.7086461714846117,,COMPLETE
1404,0.3453283864608927,2026-07-17 16:29:30.930963,2026-07-17 16:29:30.958026,0 days 00:00:00.027063,0.10411189488625865,778.6669723726928,129.90687465550366,2.370243120521261,0.2607811873622389,783.212493350619,0.35545840347472357,0.6359946166461409,778.0215635606319,1.9208839218699634,,COMPLETE
1405,1.4344178563457746,2026-07-17 16:29:30.958026,2026-07-17 16:29:30.989453,0 days 00:00:00.031427,1.4382407719919492,782.4561174795697,921.134969313209,2.096285605265694,0.6865084458893603,779.8906032692736,0.3630989631698378,0.8525563615338194,783.383077143124,2.232686238103261,,COMPLETE
1406,0.37484291822127946,2026-07-17 16:29:30.989453,2026-07-17 16:29:31.023301,0 days 00:00:00.033848,-0.31081911705591364,777.8766216708552,-200.62013799924023,0.9148713440455798,0.34208164364589827,780.9682180865095,0.7117102913781455,0.7372037515976623,779.0087139923824,1.763070001174616,,COMPLETE
1407,0.7459696135823992,2026-07-17 16:29:31.023301,2026-07-17 16:29:31.056187,0 days 00:00:00.032886,0.17739934659268114,777.8843313224688,407.17804939030566,0.46598748106560095,0.16382658556609542,782.1510014891325,0.6457474920993803,0.9783411392240415,780.7862881245625,1.7273799113602293,,COMPLETE
1408,0.6322056828523002,2026-07-17 16:29:31.056187,2026-07-17 16:29:31.090784,0 days 00:00:00.034597,0.893308706442456,776.6869731693189,-289.4488601180795,2.0150688329051163,0.5143948499729983,782.0908968536093,2.4554784390112645,0.20697601339106245,777.8992779533551,0.669677002017556,,COMPLETE
1409,0.44864620558080737,2026-07-17 16:29:31.090784,2026-07-17 16:29:31.123661,0 days 00:00:00.032877,-0.16633540122748403,776.9724635723679,-215.29625288066003,1.3109705227672381,0.1193877364483698,781.7399210007263,0.2756843138502484,0.46935823870547394,779.7913498293705,2.097219771757119,,COMPLETE
1410,0.9271656839757393,2026-07-17 16:29:31.123661,2026-07-17 16:29:31.156111,0 days 00:00:00.032450,-1.3925819525907448,776.3063757876391,1096.8064581724366,3.5102904540020785,1.0158269667503634,777.7510551469984,0.3841304628150004,1.344847788577224,777.5842124765408,1.0624402683448664,,COMPLETE
1411,0.8861064777967557,2026-07-17 16:29:31.156111,2026-07-17 16:29:31.191323,0 days 00:00:00.035212,1.4004459178318336,780.787769228175,-84.94211497635627,0.22214882934169294,0.1222692285505722,780.2378174164055,0.4497971439914168,0.23379525541403512,779.9041691997921,2.291554143500808,,COMPLETE
1412,0.6292222021589748,2026-07-17 16:29:31.191323,2026-07-17 16:29:31.225449,0 days 00:00:00.034126,1.0691131478463491,781.8101427891206,132.40920348813836,2.3994063865266395,0.4166997347597552,781.0735822727702,1.5151831016678576,1.2107992776538632,776.644996850393,0.18687752077784592,,COMPLETE
1413,0.9172554453886231,2026-07-17 16:29:31.225449,2026-07-17 16:29:31.255771,0 days 00:00:00.030322,0.9834259193976447,776.8436545832201,35.443043567939654,0.2786183461533213,0.027427391961324675,782.0171526457136,1.5733771731920445,0.5311776322352564,779.94240047725,2.005334481902416,,COMPLETE
1414,1000.0113217314546,2026-07-17 16:29:31.255771,2026-07-17 16:29:31.287959,0 days 00:00:00.032188,0.9763847906531102,783.8284936706765,298.77968767750906,1.943621947552522,0.8035269564595896,779.1415646204343,0.2187571244539832,0.25337882838997783,779.1521229419428,1.7067174211568172,,COMPLETE
1415,0.4598000679291442,2026-07-17 16:29:31.287959,2026-07-17 16:29:31.318380,0 days 00:00:00.030421,-1.394565674512596,783.6128568908921,9.654779548145058,0.9246088810770875,1.2760498795076967,780.6816138208878,0.8377793770272105,0.06778757571218723,780.1124016826473,2.344737228526971,,COMPLETE
1416,0.17254874289316355,2026-07-17 16:29:31.318380,2026-07-17 16:29:31.350370,0 days 00:00:00.031990,-0.083412782061423,783.722153534588,224.45307709053716,3.604962911361199,0.5489632120513948,779.6786271208152,0.512993707158404,0.2296179734271211,780.10907413668,2.175811941067069,,COMPLETE
1417,0.5508197705788569,2026-07-17 16:29:31.350370,2026-07-17 16:29:31.382940,0 days 00:00:00.032570,-0.17163704602711588,783.5917116171519,485.6749243110445,4.622116190864896,0.6349623868776415,777.0592413057537,0.6418426748324952,0.7463265804959547,779.1899854799291,1.573107899060147,,COMPLETE
1418,0.6805864376019212,2026-07-17 16:29:31.382940,2026-07-17 16:29:31.418357,0 days 00:00:00.035417,0.6241843073342411,783.4478167045557,64.16443308805435,5.808470551615799,0.7069443279580367,777.9898353036971,0.8506150087847695,0.7723715765771666,780.060035616233,2.499712627307653,,COMPLETE
1419,0.6762883868107792,2026-07-17 16:29:31.418357,2026-07-17 16:29:31.454867,0 days 00:00:00.036510,0.8074722597771591,781.6930841578046,42.09998832402684,6.255725520121938,1.1495014029445885,776.8178126937594,0.9919440793179528,0.0859530680721423,781.3779146980802,2.97634507400882,,COMPLETE
1420,0.41052499922579355,2026-07-17 16:29:31.454867,2026-07-17 16:29:31.492082,0 days 00:00:00.037215,-0.05728075823247627,778.4156485886508,110.07506421092552,3.171397301027506,0.07020566797381685,783.0576885315008,0.1643100576055753,0.6213702173797346,781.8714840336366,2.0401659950260953,,COMPLETE
1421,0.6117068098652856,2026-07-17 16:29:31.492082,2026-07-17 16:29:31.524554,0 days 00:00:00.032472,-1.3689220432431826,781.3758743941972,644.6998219309535,6.31145780245618,1.2580222733529567,777.7152623550045,0.4577835418839824,0.4333268056068843,783.8624767255886,0.7893215017667906,,COMPLETE
1422,0.19680772904638388,2026-07-17 16:29:31.525562,2026-07-17 16:29:31.555581,0 days 00:00:00.030019,-0.8028254971260079,782.8122227214641,113.35846180025067,4.394923975645831,0.752743901119457,780.135474309074,1.2871637145917574,0.25969611699912565,782.2129746763128,2.89474033425487,,COMPLETE
1423,0.2163491638355552,2026-07-17 16:29:31.555581,2026-07-17 16:29:31.582703,0 days 00:00:00.027122,-0.44474133673746974,783.6344309046754,187.52049973498416,3.9584593842716536,0.7925556665982296,780.2188838357179,1.1355152338047776,0.2965254447569438,779.5369154750597,2.6925528421634817,,COMPLETE
1424,0.2920602187736089,2026-07-17 16:29:31.582703,2026-07-17 16:29:31.611289,0 days 00:00:00.028586,-0.9460481534234875,780.4975017566367,586.8075153245402,4.0403516936097015,0.48187907925316575,780.4166191259355,1.0635294759387297,0.0885399874610477,783.5930859675473,0.9993948539903597,,COMPLETE
1425,0.25369280051374055,2026-07-17 16:29:31.611289,2026-07-17 16:29:31.646000,0 days 00:00:00.034711,0.32940770612894466,782.5468805877624,116.24029331999508,6.296008611688328,0.3988755367144797,779.4193083489627,0.9133176354271666,0.45425506648513636,778.0011829691803,1.2709954649088675,,COMPLETE
1426,1.5229414500478793,2026-07-17 16:29:31.646000,2026-07-17 16:29:31.683382,0 days 00:00:00.037382,1.345226129969586,777.5508364382451,21.494113612411923,1.3572567809487017,1.2834645433964997,779.2758438620201,1.9887522586477275,0.12192695265212283,777.8383649915604,2.9695675128429375,,COMPLETE
1427,0.40295479422899383,2026-07-17 16:29:31.683382,2026-07-17 16:29:31.713848,0 days 00:00:00.030466,-0.3374902950714233,783.7708842008442,240.92578641503238,6.08855252600167,0.41849587073419026,778.6090672647625,1.2096643759866283,0.7409536071031908,779.0007161076701,2.2530440156147207,,COMPLETE
1428,0.24831383383086703,2026-07-17 16:29:31.713848,2026-07-17 16:29:31.754104,0 days 00:00:00.040256,-0.5034036894294851,776.94499119965,13.7860203447336,1.1091900445655465,0.7001478062171564,780.378814745096,1.3451727335001578,0.477587356964774,779.758427258475,2.337478111613592,,COMPLETE
1429,0.710492237936965,2026-07-17 16:29:31.754104,2026-07-17 16:29:31.791734,0 days 00:00:00.037630,-0.36766609817707085,778.81813497902,-261.365670819347,1.2431615638015034,0.1100796385608067,782.5107865265084,0.29229061237481857,0.7016863146870078,781.5324604375948,1.0361414152150907,,COMPLETE
1430,0.39454818665335495,2026-07-17 16:29:31.791734,2026-07-17 16:29:31.829148,0 days 00:00:00.037414,0.4367914501124234,782.3556358021643,18.73595792762925,4.801873628836454,1.149739884323975,778.6855026781818,1.3363409755262514,0.04022630523707356,778.4092378521345,2.3409740960158443,,COMPLETE
1431,0.7910905927165953,2026-07-17 16:29:31.829148,2026-07-17 16:29:31.868125,0 days 00:00:00.038977,-0.11574594266697957,779.169063863259,1075.4446856364532,0.29131352870035987,0.714451785888168,778.2278695789953,1.3118487104298622,0.10691008809282465,778.4539515722932,0.26534543449305814,,COMPLETE
1432,0.5425845808262458,2026-07-17 16:29:31.868125,2026-07-17 16:29:31.906991,0 days 00:00:00.038866,0.04456967203729019,782.3993283167915,-87.62360669484464,1.0759696426359884,0.8444794122228427,781.3444223730212,0.5752607463466423,0.28969155575870076,783.2054493558511,1.7605389079080571,,COMPLETE
1433,1.0345580469441147,2026-07-17 16:29:31.906991,2026-07-17 16:29:31.944926,0 days 00:00:00.037935,0.2703523097371592,783.5408301803682,520.1493126366086,6.406715009804542,1.462764891028371,780.7408501414363,0.25615054606432186,1.3885066819302758,783.7256737789287,1.619679078154916,,COMPLETE
1434,0.15904543010291222,2026-07-17 16:29:31.944926,2026-07-17 16:29:31.973914,0 days 00:00:00.028988,-0.07214317894016758,783.1515217695343,-115.83263898930173,4.289423225025761,0.3673919835234719,778.896357406001,0.24757891566731188,0.6719911190760586,779.3851620220472,2.0365116852145144,,COMPLETE
1435,0.5653213057244089,2026-07-17 16:29:31.973914,2026-07-17 16:29:32.003983,0 days 00:00:00.030069,0.8303569892121863,783.1281684193686,-303.36442638967367,3.216304078961498,0.7337356009536867,781.784987119223,1.3678548143478315,0.09739867103517577,781.2799876790209,1.5486708943548162,,COMPLETE
1436,0.44814821179245795,2026-07-17 16:29:32.003983,2026-07-17 16:29:32.038268,0 days 00:00:00.034285,0.17215843771569223,783.5629167376659,-257.7623725936107,6.1784237909613795,1.0705978673171768,780.8292521506195,0.8193578051851975,0.12026697367133572,781.2407971376354,2.7068218871486893,,COMPLETE
1437,0.19193317122537173,2026-07-17 16:29:32.038268,2026-07-17 16:29:32.075450,0 days 00:00:00.037182,-0.10159489176350944,777.4773813156852,5.926351914483931,3.0915759949022896,0.41349784962974523,783.818901585449,0.6864398703558916,0.7350869057382472,779.84865069077,1.6069690328695145,,COMPLETE
1438,0.1096863617464501,2026-07-17 16:29:32.075450,2026-07-17 16:29:32.113429,0 days 00:00:00.037979,0.35821894553080924,783.9644941930652,-106.40259303332539,7.31008313786224,0.9423791480829328,779.4398861840156,1.290767958990088,0.0638771852595949,780.6369611797752,2.640726724504026,,COMPLETE
1439,0.796895298276903,2026-07-17 16:29:32.114473,2026-07-17 16:29:32.145128,0 days 00:00:00.030655,1.2208892102166744,777.9399783073688,-155.91960765624435,0.46246285564080736,0.40228082700642603,781.01931132183,0.33358379531036597,0.28472543334328326,783.6436806158965,1.4294806743074089,,COMPLETE
1440,0.2106033160183156,2026-07-17 16:29:32.145128,2026-07-17 16:29:32.180504,0 days 00:00:00.035376,-0.2158573090177548,781.9846688857548,-46.45067573391054,1.1890986428091221,0.9261745067648446,779.4349924473817,0.8446194582520156,0.06551759580342087,783.5241807160947,2.1434188552093563,,COMPLETE
1441,1.4512281858482774,2026-07-17 16:29:32.180504,2026-07-17 16:29:32.208859,0 days 00:00:00.028355,0.436967482362987,779.176736075859,734.8336358372699,0.6237888973912331,1.0168614868069732,783.5690024445868,0.9717523066120782,0.9802077156661964,783.0070441452959,1.2522542818720455,,COMPLETE
1442,0.2907140020231333,2026-07-17 16:29:32.208859,2026-07-17 16:29:32.233327,0 days 00:00:00.024468,0.06876762569825223,783.9154999966432,-84.22529526780536,3.2882902040058566,1.166655934649006,779.9349288051316,1.5966117579431345,0.12976923986587494,779.5009284330796,2.337055922689191,,COMPLETE
1443,0.39838462053086277,2026-07-17 16:29:32.233327,2026-07-17 16:29:32.257685,0 days 00:00:00.024358,0.2709172545111538,778.0123451011372,437.28611533219555,1.554331461404752,0.0710695046286603,782.8189693266636,1.2966708700992227,0.7731223485107535,779.0223997968762,0.1997968292367589,,COMPLETE
1444,0.36881368869803344,2026-07-17 16:29:32.257685,2026-07-17 16:29:32.283598,0 days 00:00:00.025913,-0.1758349550873367,776.2823887732228,316.4004439067055,6.318893829397529,0.6364823033216878,778.2132199600195,1.012642752016961,0.942527668631509,780.7283407633277,1.1802248915461802,,COMPLETE
1445,0.1644916252754786,2026-07-17 16:29:32.283598,2026-07-17 16:29:32.316999,0 days 00:00:00.033401,0.2036344082761187,783.4545782029289,-169.79485034357594,4.216527672886286,0.8294170212378614,779.1815909207056,0.44703327476766336,0.4383150647588475,780.4186131344329,2.069500934547192,,COMPLETE
1446,0.3244216066445045,2026-07-17 16:29:32.316999,2026-07-17 16:29:32.342901,0 days 00:00:00.025902,-0.007661228158873407,783.2059848921947,63.203993472419846,5.158675609931613,0.6661287678834709,778.4032119377396,0.3624884730647251,0.544689380800089,781.0231272132919,2.9663276696681797,,COMPLETE
1447,0.4804933249495413,2026-07-17 16:29:32.342901,2026-07-17 16:29:32.367421,0 days 00:00:00.024520,-0.13163972323577075,783.1432673612716,-43.54406055070959,5.297910765184878,0.42895150130821197,776.835853655471,0.7304908206164362,0.1700598263034187,778.7866923327636,1.666691984532147,,COMPLETE
1448,1.9675959974100092,2026-07-17 16:29:32.367421,2026-07-17 16:29:32.392529,0 days 00:00:00.025108,0.5378420485495472,777.8032112779231,550.0918234630841,3.8786201805020535,1.3746010667566624,777.2410962576671,2.794574755988355,1.1226907936370403,779.8570987592637,2.250046887062963,,COMPLETE
1449,0.29582702638972075,2026-07-17 16:29:32.392529,2026-07-17 16:29:32.417320,0 days 00:00:00.024791,0.0068334709967063645,781.930332336123,16.397672465064616,5.489976343947663,1.0978541439080576,779.9524999964333,1.2957747778203443,0.23182456980522725,783.1036393599308,2.98328055738838,,COMPLETE
1450,0.8080928639891843,2026-07-17 16:29:32.417320,2026-07-17 16:29:32.443987,0 days 00:00:00.026667,-1.230182874656627,781.4328393983888,-278.51260287329353,5.575409807025402,0.5254070712317106,779.0545095414666,0.693293077854511,0.39086034149394866,780.7457628221231,1.9417283441776008,,COMPLETE
1451,0.5537621338510268,2026-07-17 16:29:32.443987,2026-07-17 16:29:32.470135,0 days 00:00:00.026148,0.10958097350464102,782.5594741104103,-33.44418149782207,7.725843620705831,1.2409362549338154,781.2642177223727,1.1201258742715492,0.10192187428017602,780.6373236551826,1.54738703518976,,COMPLETE
1452,0.23919664539519125,2026-07-17 16:29:32.470135,2026-07-17 16:29:32.495463,0 days 00:00:00.025328,-0.9392408073612781,780.4829216670403,970.9530298171326,6.362813814596493,0.9118949855823208,779.5581990424715,0.49093766805056654,0.18347122294494256,783.9417255401464,1.0583796416199194,,COMPLETE
1453,0.0798073186094082,2026-07-17 16:29:32.495463,2026-07-17 16:29:32.521479,0 days 00:00:00.026016,0.11556580163932975,783.4166450010305,-190.81761626905006,6.109950061096123,0.83477775588244,779.5533233951719,1.2032498669269256,0.15550801690000776,779.3349920519154,2.201554932798774,,COMPLETE
1454,0.6838488085498022,2026-07-17 16:29:32.521479,2026-07-17 16:29:32.547502,0 days 00:00:00.026023,-0.0025646156433058653,777.2986672140335,682.8301891820283,0.3085848819684615,0.6724602361634766,782.3453047429279,1.0678413150475972,0.26883019194388336,778.5606659239029,1.9821233624041057,,COMPLETE
1455,0.9812827421489795,2026-07-17 16:29:32.547502,2026-07-17 16:29:32.572975,0 days 00:00:00.025473,1.4660457675148686,781.023742220234,-210.59914527584237,5.62776965559711,1.3674992302471927,777.9605195865482,2.349575417815413,0.06493601997218668,776.2679063027388,0.27288781690520225,,COMPLETE
1456,1.4013658266904128,2026-07-17 16:29:32.572975,2026-07-17 16:29:32.598470,0 days 00:00:00.025495,0.4602284828505935,776.7412427927934,307.4721912789279,0.7809038626285776,1.4621642841923244,776.1032925182496,1.711409037354562,0.8948533393047231,776.8325209772834,2.7530383288760625,,COMPLETE
1457,0.15390463957007405,2026-07-17 16:29:32.598470,2026-07-17 16:29:32.625063,0 days 00:00:00.026593,0.4949018030222462,777.536950517133,-306.4298007485902,6.5914936961171025,0.010449052112545404,783.5837654377581,0.21085083677906072,0.6530848536794547,779.2267247169465,1.643101199333843,,COMPLETE
1458,0.7854567471016153,2026-07-17 16:29:32.625063,2026-07-17 16:29:32.650240,0 days 00:00:00.025177,1.000064547359341,780.421719517975,201.5251953623581,2.2631382747452675,0.5959607034178471,780.47743671957,0.5647411514104321,0.3658983009548899,782.5020013123776,2.8957319937045325,,COMPLETE
1459,0.9403827726626572,2026-07-17 16:29:32.650240,2026-07-17 16:29:32.677465,0 days 00:00:00.027225,0.2740172624758901,776.3779189685029,549.3786563207028,0.9144959226523033,0.1956628352114022,782.560322929612,2.1948147475749105,1.1464123782215434,781.3737193837463,0.8966661030600261,,COMPLETE
1460,1.099075891506964,2026-07-17 16:29:32.677465,2026-07-17 16:29:32.701465,0 days 00:00:00.024000,1.145003402233508,777.0573616468874,201.32019390374774,0.3170264333125973,0.6392572836918942,777.3754586279537,0.6703487244368189,1.3610060047002706,780.5320768360775,0.22575981349528917,,COMPLETE
1461,0.1976448906728662,2026-07-17 16:29:32.701465,2026-07-17 16:29:32.729154,0 days 00:00:00.027689,0.5334724890757001,783.2654961716576,-166.21463879486404,5.091692731431754,0.9681505120051672,779.9827951540848,0.8968303266228385,0.011832854124414899,782.6984436496613,2.440601086471136,,COMPLETE
1462,0.37381341304066207,2026-07-17 16:29:32.729154,2026-07-17 16:29:32.754750,0 days 00:00:00.025596,0.7533156233412719,783.6047206195373,-142.43703492260886,5.747666152228981,1.2286481732082035,778.5766669909709,1.085923284779588,0.04413052178038265,778.9254825855616,2.9114932610355524,,COMPLETE
1463,0.3973306183845126,2026-07-17 16:29:32.754750,2026-07-17 16:29:32.778748,0 days 00:00:00.023998,0.40359839490310667,783.624874228836,303.14156701249414,7.226543807954781,0.8446568996224006,778.4258603878563,0.8836913961849596,0.0022269408110484473,782.7392792450183,2.4527308709145466,,COMPLETE
1464,0.9490925040736673,2026-07-17 16:29:32.778748,2026-07-17 16:29:32.802748,0 days 00:00:00.024000,-1.4713432810943328,781.2340311028352,539.4558642622201,1.0994871115433809,0.3785651086677696,783.7826861894899,0.7369926573504262,1.4921066824057143,776.7859684402445,1.0567314982828169,,COMPLETE
1465,0.1848462709674283,2026-07-17 16:29:32.802748,2026-07-17 16:29:32.829511,0 days 00:00:00.026763,0.6036534008745128,783.0034893403699,-227.5689264930984,3.1977767210451336,0.4421660328659348,779.8818759569161,0.9236124461511452,0.34562647670864827,777.7047929415454,2.4823968599029618,,COMPLETE
1466,0.3571314847413386,2026-07-17 16:29:32.829511,2026-07-17 16:29:32.855470,0 days 00:00:00.025959,0.12322208686945535,776.2852330098881,146.48797845482807,3.348315617735291,0.3941955655839754,776.7325442944468,0.6181727313205464,0.4695558874578833,779.5933863704303,2.1919447311162035,,COMPLETE
1467,0.42012520047569424,2026-07-17 16:29:32.855470,2026-07-17 16:29:32.879766,0 days 00:00:00.024296,-0.03326835840675635,776.196021359135,-230.77594270030886,4.7965530350779515,0.648546203926816,778.0180802727795,1.329675954992696,0.7153631374078855,778.4973385276244,2.8635125526494676,,COMPLETE
1468,0.5797773766609471,2026-07-17 16:29:32.880766,2026-07-17 16:29:32.902348,0 days 00:00:00.021582,-0.5760697001036579,780.6428064956924,-55.11183367345295,2.475984987429641,1.0832497575714262,778.130974634777,0.8294476283903387,0.11684441856055604,783.9370619213545,2.388707828271167,,COMPLETE
1469,0.25768624927923833,2026-07-17 16:29:32.902348,2026-07-17 16:29:32.928596,0 days 00:00:00.026248,0.28858208443632316,778.7364457522233,-245.54096430051266,1.5502646060294796,0.3131974617888415,783.5765318593196,0.4882156168860015,1.051636501533896,780.0373089898802,1.332387550652365,,COMPLETE
1470,0.9811430769409337,2026-07-17 16:29:32.928596,2026-07-17 16:29:32.954581,0 days 00:00:00.025985,-1.2522575638825735,776.8802382695471,233.70181369638107,0.5132566788014612,1.1954320759393653,782.749699259402,2.599835314316886,1.195654811781867,782.4362148984794,1.1752879354025136,,COMPLETE
1471,0.39163534067943134,2026-07-17 16:29:32.954581,2026-07-17 16:29:32.980451,0 days 00:00:00.025870,-0.05920341621209668,783.6031417825448,-299.3193694810715,4.727589009989876,0.7935071863293025,778.1069905644841,1.469803163294857,0.18988750557080084,778.6254402708604,2.3626916821307766,,COMPLETE
1472,1.2344656398928546,2026-07-17 16:29:32.980451,2026-07-17 16:29:33.006027,0 days 00:00:00.025576,0.7986727328566483,779.8180011123454,971.2047931559664,3.508286493606225,0.3597380071243646,778.3672412204439,2.9457521035932803,1.1336710555538212,783.3581726145745,0.22240002226135713,,COMPLETE
1473,0.2574069201164967,2026-07-17 16:29:33.006027,2026-07-17 16:29:33.032126,0 days 00:00:00.026099,-0.3900124073048084,783.5196660318658,-217.31957601412526,1.7703466904337088,0.9112793608381297,779.2743889585499,1.2040202765452388,0.0838072980407433,780.1549195351885,1.710159004313057,,COMPLETE
1474,0.20817063952226744,2026-07-17 16:29:33.032126,2026-07-17 16:29:33.057462,0 days 00:00:00.025336,-0.44994812828049496,776.6224507605184,138.70907017687273,1.3092460546693816,0.06309783196540267,782.371694178189,0.32825197614253576,0.9191319205993795,780.1788076038662,1.8918586558722617,,COMPLETE
1475,0.2703027973395526,2026-07-17 16:29:33.057462,2026-07-17 16:29:33.085668,0 days 00:00:00.028206,-0.09672001703247879,780.7122858875268,119.17110730931935,6.663542110733376,0.9372065262725636,778.8133091152652,0.6222496198909311,0.0219091253651552,780.372324661128,1.65709158384756,,COMPLETE
1476,0.25270374852197536,2026-07-17 16:29:33.085668,2026-07-17 16:29:33.115253,0 days 00:00:00.029585,0.566005462456998,783.8365952207558,-269.2240523931194,3.9857249543096396,0.6793676839943862,778.5175771904513,1.2546310429976506,0.08569315082207427,780.2540837704508,1.4591940506815089,,COMPLETE
1477,0.25562373546091843,2026-07-17 16:29:33.115253,2026-07-17 16:29:33.146597,0 days 00:00:00.031344,-0.060482340980855975,782.1395496223408,-97.16876616214083,7.661481874628448,0.46148534641476346,780.191301392518,0.618131398812426,0.3791817654941676,780.5112947969723,2.671863166103631,,COMPLETE
1478,0.4296548275551738,2026-07-17 16:29:33.146597,2026-07-17 16:29:33.172613,0 days 00:00:00.026016,-0.3193220421195915,783.299167766824,-57.203764401631815,5.257853981891522,1.0406202259956072,778.342740225323,0.9230077763503787,0.022557016041172558,779.531921875639,2.334114305662736,,COMPLETE
1479,0.7556532497345012,2026-07-17 16:29:33.172613,2026-07-17 16:29:33.193654,0 days 00:00:00.021041,0.4543040029459807,783.2795711844539,87.91206939482865,7.861449905807344,1.281657811073858,779.0598899003934,1.6022203439266118,0.3812761822918809,779.4190590256018,1.791859306397582,,COMPLETE
1480,1.1618799874729746,2026-07-17 16:29:33.193654,2026-07-17 16:29:33.222488,0 days 00:00:00.028834,-0.712483004947984,776.1147304498744,-135.31177677980048,0.7611603876218002,0.016333772889152914,782.1266619267532,0.7479854196821463,0.6067261725395885,777.6155608489316,0.3200907156236421,,COMPLETE
1481,0.8513651303689334,2026-07-17 16:29:33.222488,2026-07-17 16:29:33.245190,0 days 00:00:00.022702,-0.6894507106006947,779.2329371878834,1117.8452218484872,6.4278290583655,1.326497164137969,782.8412729692275,0.5225389950045389,0.7822779089167364,776.8658024161829,0.649787323783598,,COMPLETE
1482,0.4046332313186628,2026-07-17 16:29:33.245190,2026-07-17 16:29:33.270795,0 days 00:00:00.025605,-0.2868406764996196,783.6233780937897,-121.8512897682076,1.2790741007437192,0.618416713444927,782.8400512230709,1.1119884290920237,0.3736773359395689,778.0136999281409,2.510967387409481,,COMPLETE
1483,0.35202996670865083,2026-07-17 16:29:33.270795,2026-07-17 16:29:33.296626,0 days 00:00:00.025831,-0.8717603790281231,780.9940006096281,776.0163637403228,7.021797795144248,0.9106351204995181,779.6268074450414,1.4148673554503364,0.35873202566196816,782.7852179104185,0.8952577479993289,,COMPLETE
1484,0.63938167074991,2026-07-17 16:29:33.296626,2026-07-17 16:29:33.322867,0 days 00:00:00.026241,-0.6235736251792418,783.187189181162,541.4152440346676,0.1360129815210139,0.7553624094080382,780.4863462419643,1.5701394908613604,0.7662599300064921,778.6922379649205,0.9565798932093613,,COMPLETE
1485,0.5894613316386502,2026-07-17 16:29:33.322867,2026-07-17 16:29:33.349085,0 days 00:00:00.026218,-1.1625843574632533,781.2503811574928,-105.11996030995923,2.646465015289537,1.0317381290002121,781.0366942387947,1.163324729213623,0.1068147578103783,777.6071116418397,2.957214337164994,,COMPLETE
1486,1.1280644450201212,2026-07-17 16:29:33.349085,2026-07-17 16:29:33.374872,0 days 00:00:00.025787,1.3409884628468731,783.7985179771312,376.01622281347477,0.4501813250482492,1.1856796418880986,778.0158516530653,2.4736752189537246,0.8034666368296648,776.1279134554735,1.7746880371227256,,COMPLETE
1487,0.707271568973207,2026-07-17 16:29:33.374872,2026-07-17 16:29:33.401523,0 days 00:00:00.026651,0.3586057834722436,776.6610933084872,254.63807719729763,2.6919389828012688,0.4474140386915464,780.0809150667815,1.6549518940414036,1.3387652731892667,778.9612284843681,0.7968095188442198,,COMPLETE
1488,0.44707744909245295,2026-07-17 16:29:33.401523,2026-07-17 16:29:33.422826,0 days 00:00:00.021303,0.298932713092408,782.2156791577688,216.04908072321223,2.1244225962982033,0.8872020700261121,779.129130096101,1.5027673527961662,0.24363915118016327,780.37533727561,1.8775916692780086,,COMPLETE
1489,0.44471131970339,2026-07-17 16:29:33.422826,2026-07-17 16:29:33.452963,0 days 00:00:00.030137,0.5358853387798391,776.4585551240605,13.327445211651536,2.690720580665143,0.4993162064096342,779.1831544789409,0.7093187789188216,0.7911873587621174,778.9641645665472,1.0136728372371921,,COMPLETE
1490,2.1576056545321105,2026-07-17 16:29:33.452963,2026-07-17 16:29:33.478456,0 days 00:00:00.025493,1.0624455606828132,779.329848381816,1013.4175190162537,0.6941610411159866,1.4999607965491126,780.1299198013721,1.2808742576212193,0.6534580916598142,782.8844911950254,2.2480074077842387,,COMPLETE
1491,0.4276276377018855,2026-07-17 16:29:33.478456,2026-07-17 16:29:33.504261,0 days 00:00:00.025805,0.3100796282854516,783.3441323875596,-252.01318704115124,5.805784605460399,1.214713021188322,778.0992037004455,1.6370217923926078,0.13296329184257882,780.4660235410942,2.8464852146075263,,COMPLETE
1492,0.23767335599306016,2026-07-17 16:29:33.504261,2026-07-17 16:29:33.529915,0 days 00:00:00.025654,0.0712864958101877,783.5781798162584,119.14601147892253,6.802774337690599,0.2755994360096038,778.6000729310518,0.8516901489184817,0.377280777839976,780.8466938881885,1.9827583231904615,,COMPLETE
1493,0.34412108036898437,2026-07-17 16:29:33.529915,2026-07-17 16:29:33.556359,0 days 00:00:00.026444,0.3568891081082424,777.6878230535457,-126.96515224470605,1.3072787826990093,0.28770485521929,780.831872442522,2.1843127729150575,0.4437350394442108,776.7261903379688,1.3793528245771358,,COMPLETE
1494,0.19298751687303176,2026-07-17 16:29:33.556359,2026-07-17 16:29:33.582323,0 days 00:00:00.025964,-1.2293429045134197,782.3657359474173,385.8961553628377,6.544785361608437,0.8554810745088638,779.6055243238025,2.0648805998293542,0.34048286591915805,783.397960650035,2.6362268737802137,,COMPLETE
1495,1.8110222591804466,2026-07-17 16:29:33.582323,2026-07-17 16:29:33.607872,0 days 00:00:00.025549,1.1991619517677836,777.5589652822077,1010.2856011512534,0.2647001525784723,0.9687824908080481,781.5424737699776,0.3043986322584873,0.3866305576298276,781.1408230973256,1.7208188864983156,,COMPLETE
1496,0.255937099457326,2026-07-17 16:29:33.607872,2026-07-17 16:29:33.633251,0 days 00:00:00.025379,-0.027727189510159095,781.751542784448,-24.39866749011094,3.502744213099367,1.0729102880597663,779.323864029384,1.2919616365198603,0.27271586339986464,779.5600292575205,2.514107390755388,,COMPLETE
1497,0.2542706370753869,2026-07-17 16:29:33.633251,2026-07-17 16:29:33.659402,0 days 00:00:00.026151,-0.25369943688189117,778.9894808964096,-34.66491306603441,0.46050991921973483,0.04128535006991545,781.785991289103,0.759832373574827,1.1726629704163898,779.2732723470286,1.0129877083995016,,COMPLETE
1498,0.7858247351859706,2026-07-17 16:29:33.659402,2026-07-17 16:29:33.685005,0 days 00:00:00.025603,-0.9797096741567834,781.9234445285871,107.73681744929536,1.5892895808376257,0.71751898774773,776.5503553701889,2.7802522217841337,0.801889107579397,777.2084283983869,2.098185631273255,,COMPLETE
1499,0.1839972153851535,2026-07-17 16:29:33.685005,2026-07-17 16:29:33.716497,0 days 00:00:00.031492,0.17479696815152423,783.9680253363748,-77.37980841208481,2.6167156769316264,0.7110621186310521,778.7480474725179,1.3772169723283585,0.17693023762047347,779.4928351604857,2.253511166155607,,COMPLETE
1500,0.26954507782660714,2026-07-17 16:29:33.716497,2026-07-17 16:29:33.737877,0 days 00:00:00.021380,-0.6340661357667171,783.3258832468775,-43.001989123891406,7.197435656374314,0.6940901216355035,779.9579553067051,1.1634384330461136,0.34517555435141084,776.9728770797531,2.6762518903722845,,COMPLETE
1501,0.3056846689301479,2026-07-17 16:29:33.737877,2026-07-17 16:29:33.764085,0 days 00:00:00.026208,0.1728958380024042,782.9578323067151,0.02503764651783058,6.018686690800563,0.6814640828097218,778.1581296614495,1.2498787727381326,0.36048237383647574,780.0346237092008,2.162402917571169,,COMPLETE
1502,0.2840528744329304,2026-07-17 16:29:33.764085,2026-07-17 16:29:33.796039,0 days 00:00:00.031954,0.6478168824688078,781.9170349391152,-281.1101266985536,3.8612791073485617,1.027936174829624,778.5397461060855,1.067334691343934,0.22584257032908495,783.7736854960085,2.533904981379393,,COMPLETE
1503,1.6674616191963156,2026-07-17 16:29:33.796039,2026-07-17 16:29:33.821581,0 days 00:00:00.025542,0.3799938839718793,782.0983288773973,1045.6106341116679,0.675301628429988,0.315599030051336,782.0791088920944,2.8061601614133407,1.3242105586413153,780.9519887714097,2.1128151675111337,,COMPLETE
1504,0.9351657829706598,2026-07-17 16:29:33.821581,2026-07-17 16:29:33.852398,0 days 00:00:00.030817,-0.3072332272090915,776.1089512111163,1155.1694771066682,4.815335590302873,1.3863797207591795,777.218352648993,0.7625337548179235,0.08418477205083041,779.4401970207208,0.4564929315240207,,COMPLETE
1505,0.6096700403639084,2026-07-17 16:29:33.852398,2026-07-17 16:29:33.879398,0 days 00:00:00.027000,-1.2928201452927992,780.8360971009415,545.0113021247034,0.10907033742681359,0.23956692863134033,780.6445095417406,1.4470728943046,0.20824380661012665,776.8224087864158,1.793544473952781,,COMPLETE
1506,0.7045077430091299,2026-07-17 16:29:33.879398,2026-07-17 16:29:33.906397,0 days 00:00:00.026999,-0.25416803208237637,777.3187974338449,228.15979975745302,0.13898250980436136,1.2924335655280181,783.1481246088528,2.0813568592473315,0.34303347334868084,776.177506144463,1.910201488588169,,COMPLETE
1507,1.0684962783316365,2026-07-17 16:29:33.906397,2026-07-17 16:29:33.932446,0 days 00:00:00.026049,1.0587803314620627,779.8641037273964,124.89664420030982,7.874251109626204,1.360055133808242,783.1368485924322,1.1069026782191569,0.06581455985646201,783.2871837286701,2.682837096128604,,COMPLETE
1508,0.38985067278830643,2026-07-17 16:29:33.932446,2026-07-17 16:29:33.960431,0 days 00:00:00.027985,-1.1734469815535338,783.3505486342281,-157.2828346733806,3.798007655390231,1.3475915926246618,779.0657879935587,1.4795466967592938,0.07835540123514102,780.7661106598066,2.2781385550998188,,COMPLETE
1509,0.12050800293545595,2026-07-17 16:29:33.960431,2026-07-17 16:29:33.986430,0 days 00:00:00.025999,0.08589585555164847,783.5527887679514,-277.99056477165436,6.653496772663656,0.9846424525867515,779.7008333715194,1.5250588814972308,0.2523244789807192,779.1116705445115,1.9735580877906682,,COMPLETE
1510,0.27826230003391755,2026-07-17 16:29:33.986430,2026-07-17 16:29:34.015431,0 days 00:00:00.029001,0.4666063552713389,782.7215319632695,-292.7694908636056,3.3576503610274204,1.130748849272163,780.1694114900024,1.7347963485798494,0.08539521615769205,778.0877131839247,1.3668180729635173,,COMPLETE
1511,0.3277219126150493,2026-07-17 16:29:34.015431,2026-07-17 16:29:34.044045,0 days 00:00:00.028614,0.24262760576072034,782.5653953339173,-229.14611789171437,5.26966750476639,1.076211518126071,779.4109781397658,1.5317595896261775,0.4316813529996869,781.4632325425546,2.0116210290610352,,COMPLETE
1512,0.9923877965571161,2026-07-17 16:29:34.044045,2026-07-17 16:29:34.071264,0 days 00:00:00.027219,-0.4054137225473454,777.6580551055923,224.76422812322915,0.2476421396460323,1.4125245428057536,777.7844296699187,2.1477235703282522,1.3828299678896667,780.6587228302127,1.5577483771764558,,COMPLETE
1513,0.7795794323977203,2026-07-17 16:29:34.071264,2026-07-17 16:29:34.099264,0 days 00:00:00.028000,-1.2482124580937846,777.774547866148,1131.6542391172393,2.768785546483903,0.28543241701542105,783.5382251625517,0.4713340802457635,1.4764302871451673,783.1404700457488,1.8738060657958284,,COMPLETE
1514,0.3068758142444996,2026-07-17 16:29:34.099264,2026-07-17 16:29:34.127314,0 days 00:00:00.028050,-0.7316935546679133,777.2800441309895,-232.74177654501267,6.7255249057108335,0.5444585677685185,778.8044029755071,0.8409458416653871,0.9494909568036396,779.9386558776825,2.070502640167093,,COMPLETE
1515,1.1875944743497888,2026-07-17 16:29:34.127314,2026-07-17 16:29:34.161670,0 days 00:00:00.034356,0.2093105253910221,779.6048748571377,1188.3770179658586,0.7037907835222257,0.452949942421069,783.8313154409952,2.5961790186329288,1.2289740318148654,777.3917798926452,0.41572523163994024,,COMPLETE
1516,0.5397654586366396,2026-07-17 16:29:34.161670,2026-07-17 16:29:34.187489,0 days 00:00:00.025819,-0.013246686810918867,783.8599389749511,-263.74723942898254,3.635320033336939,0.7183945710306967,780.0622276017797,0.4589035925365622,0.014285253084003108,777.7009625611787,1.9317328573792034,,COMPLETE
1517,0.27237003686237365,2026-07-17 16:29:34.187489,2026-07-17 16:29:34.211493,0 days 00:00:00.024004,-0.11429206073551962,783.9849691369286,54.16114719957591,7.5526057675139935,1.0076465155744274,779.95797541438,1.213950610138032,0.2687435523565793,780.784982252898,2.9925574481984976,,COMPLETE
1518,0.25958779980665503,2026-07-17 16:29:34.211493,2026-07-17 16:29:34.236021,0 days 00:00:00.024528,0.8473646475715995,780.8068744542113,-253.32356088591575,2.5777959213674797,0.968852608158948,779.3588022490942,0.9563149793012488,0.15859785995917025,781.5002853842686,1.6952938708211172,,COMPLETE
1519,0.2057866152792268,2026-07-17 16:29:34.236021,2026-07-17 16:29:34.261789,0 days 00:00:00.025768,0.31245077501550184,782.9636436452902,-216.13877548886836,1.0839023167094979,0.9287222298105151,778.6685070325525,1.4464288682640671,0.1099559059827487,781.7259374802195,2.785029134579821,,COMPLETE
1520,0.05454136935245594,2026-07-17 16:29:34.261789,2026-07-17 16:29:34.287094,0 days 00:00:00.025305,0.3956570978844445,781.799862032709,-284.7815562488524,4.105639352566315,0.7208612845006822,779.376977185398,1.067283861286572,0.296443744318363,779.5588085001946,1.872099098407339,,COMPLETE
1521,0.29592471211827015,2026-07-17 16:29:34.287094,2026-07-17 16:29:34.312142,0 days 00:00:00.025048,0.12171986287506374,783.5874064581583,-237.68949595908884,4.145907167843935,1.0273880908590192,780.8839681602853,1.2062725710139681,0.36173965271022923,778.4547092882445,1.674206132822561,,COMPLETE
1522,0.23680442997798928,2026-07-17 16:29:34.312142,2026-07-17 16:29:34.338887,0 days 00:00:00.026745,0.7894383463760708,783.0037954574502,-200.7809915101776,4.690484588963352,0.8215035878623029,778.7519670296747,0.6478393116986909,0.3504410374345661,779.0768836192233,1.8803213399164596,,COMPLETE
1523,0.7451874540942767,2026-07-17 16:29:34.338887,2026-07-17 16:29:34.365504,0 days 00:00:00.026617,-1.2995602953963363,783.5236679720284,687.5454582255167,0.9621659980884626,0.9443600043968181,781.406007911632,2.325846593441582,0.10245947241261187,779.6224222970999,2.7309430686807015,,COMPLETE
1524,0.315271268719656,2026-07-17 16:29:34.365504,2026-07-17 16:29:34.390518,0 days 00:00:00.025014,-0.2478160485415407,782.6523104623068,-27.422814041537848,5.425644068818254,0.8712847221921596,780.5482230582492,0.9979708470141937,0.08561413515105751,779.2286563896623,1.8305802001918194,,COMPLETE
1525,0.2729193848447607,2026-07-17 16:29:34.390518,2026-07-17 16:29:34.416925,0 days 00:00:00.026407,0.3034647255362922,782.6642605665187,-232.51563045054323,5.821220398485024,0.8674581559461768,779.7431395185409,1.8085426927350636,0.3503628466005056,778.2147581428719,2.314593230203922,,COMPLETE
1526,0.22934537934951202,2026-07-17 16:29:34.416925,2026-07-17 16:29:34.442583,0 days 00:00:00.025658,0.5047831129353892,781.5231184115526,31.746301126681658,3.7834783654620643,0.7316241345912392,779.5143627962286,1.3962092491839484,0.028717119579990152,778.7956715190809,2.2252862217009604,,COMPLETE
1527,0.45284173790010873,2026-07-17 16:29:34.442583,2026-07-17 16:29:34.468261,0 days 00:00:00.025678,-0.3435433863633677,783.7575732811456,415.66894215900015,2.474431397260293,0.42571540734322233,782.1606804867025,1.0684467653729304,0.30571876668563125,781.0441327034729,2.3749897222922542,,COMPLETE
1528,0.5315669059990051,2026-07-17 16:29:34.468261,2026-07-17 16:29:34.497808,0 days 00:00:00.029547,1.160752639882601,781.0147155758387,-67.7150918898619,7.661883222499971,0.941377962185883,780.6260296618882,0.6546076866669738,0.0844911449298811,783.9498508101024,2.774025914419338,,COMPLETE
1529,1.0760166928393762,2026-07-17 16:29:34.497808,2026-07-17 16:29:34.520176,0 days 00:00:00.022368,0.7576497156200328,776.7986303947704,754.0250772743507,5.452833131124093,0.48036569529756556,783.3026390436135,1.6319652872709214,0.10111162242889371,783.1431595091317,2.870534743739549,,COMPLETE
1530,0.3861854236578988,2026-07-17 16:29:34.520176,2026-07-17 16:29:34.547074,0 days 00:00:00.026898,0.4259713416049371,783.0475948402365,-124.42725480683019,7.0175295531312125,1.1999282561822988,780.5889745020743,1.1172480519745502,0.03784814737965203,778.8263430536921,1.9014271114712717,,COMPLETE
1531,1000.0058115612173,2026-07-17 16:29:34.547074,2026-07-17 16:29:34.572013,0 days 00:00:00.024939,0.3004259075286084,783.9684577603991,-16.069707881317186,0.22414723131333675,1.2126384974046953,777.1005553186949,2.0206654392251466,1.1098187701970568,777.0464666523121,2.5766648362129976,,COMPLETE
1532,2.0402514538199727,2026-07-17 16:29:34.572013,2026-07-17 16:29:34.597798,0 days 00:00:00.025785,1.320683712128106,783.3683680873155,305.32595779485166,2.787914395190784,1.4983700188307947,782.547219818625,2.298274159414282,1.293122396035146,783.812524495381,2.3740460444491402,,COMPLETE
1533,0.7615188998466513,2026-07-17 16:29:34.597798,2026-07-17 16:29:34.628240,0 days 00:00:00.030442,0.4945056218072531,781.7857071483778,276.1245008018278,0.5552627619990658,0.6552741171544171,781.4893794648684,1.150759702895883,0.3540064915709791,783.7367545920464,2.4487623557845377,,COMPLETE
1534,0.37022156207713786,2026-07-17 16:29:34.628240,2026-07-17 16:29:34.658843,0 days 00:00:00.030603,-1.027064677218709,782.2090377864756,58.901933466967805,5.624607647303422,1.1136442857889808,780.7459224686727,1.4414456924242538,0.1738790339548046,783.9148693145353,2.867957945715591,,COMPLETE
1535,0.09841106860438233,2026-07-17 16:29:34.658843,2026-07-17 16:29:34.684503,0 days 00:00:00.025660,-0.4567268958977986,776.8095335443631,109.01829901738273,1.5002886870879169,0.45339410092421567,781.9870345930078,1.9168626911699982,1.3079891882796888,779.2343659081359,1.0646033642218418,,COMPLETE
1536,0.43841000949643105,2026-07-17 16:29:34.684503,2026-07-17 16:29:34.719388,0 days 00:00:00.034885,-0.9723160894228011,778.4785838317036,132.82612468601153,3.0601925709060516,1.0393249499117432,781.439590292234,1.1091445934462616,1.4514743021053147,778.3583398049491,1.6932692075481448,,COMPLETE
1537,0.4136426371186054,2026-07-17 16:29:34.719388,2026-07-17 16:29:34.745395,0 days 00:00:00.026007,-0.2118901841766175,776.1653037811466,28.37180672963616,1.2456499694419703,0.7588369497228742,782.806806728234,1.6915649661541394,1.1877374665155196,778.4025332342085,0.7577574272137457,,COMPLETE
1538,0.510158398539888,2026-07-17 16:29:34.745395,2026-07-17 16:29:34.767507,0 days 00:00:00.022112,-0.6819679653650225,783.3382103336533,-184.92943498032895,2.3919797881048823,0.9931720451902387,778.9524514297437,2.2632068342400675,0.5641727163330825,777.3075043548062,2.1661644936709283,,COMPLETE
1539,0.4094601157379139,2026-07-17 16:29:34.767507,2026-07-17 16:29:34.798023,0 days 00:00:00.030516,-0.3136428619690732,777.7885586915796,-48.49194539445365,2.4898042598524364,0.2965293728312829,778.9915953165926,0.8236505670892643,0.9126489721705353,778.315616478851,1.3600645973412386,,COMPLETE
1540,1000.010931407405,2026-07-17 16:29:34.798023,2026-07-17 16:29:34.823759,0 days 00:00:00.025736,-0.03797892950288567,782.4987182309105,-300.0191265277185,4.645482567151647,0.9421874933139769,781.2566963468918,1.9485842463617054,0.2680258482642322,781.2703382283923,1.2345636404143399,,COMPLETE
1541,0.37933876271723455,2026-07-17 16:29:34.823759,2026-07-17 16:29:34.851228,0 days 00:00:00.027469,-0.37235967614287163,781.8929826772345,65.42594596146591,3.7952969617306427,1.0016009645391848,778.5324774774587,1.9179042659693453,0.14512923940805023,777.8997918710405,1.5334745664626257,,COMPLETE
1542,0.6885033134534448,2026-07-17 16:29:34.851228,2026-07-17 16:29:34.875384,0 days 00:00:00.024156,-0.4725661272106382,779.4223796791429,-87.96889224219814,0.7131465490977225,0.26349877837678237,782.2775656622758,2.683058606649468,1.1172357846934324,777.3058363474576,0.8511541745402521,,COMPLETE
1543,0.8419036904119456,2026-07-17 16:29:34.875384,2026-07-17 16:29:34.905950,0 days 00:00:00.030566,-0.22472487055250528,778.04280838343,567.9378759446212,1.5627668450605983,0.3698074726958456,782.1723177950732,1.4057907608187583,1.4451660221485028,776.3805705688068,1.802170115840601,,COMPLETE
1544,0.5223808927935181,2026-07-17 16:29:34.905950,2026-07-17 16:29:34.932999,0 days 00:00:00.027049,-0.20622437725927995,776.4493862114899,271.5361929844756,2.9120709870588337,0.06516468217461718,782.3645477413211,1.8743423329399465,1.199340053531184,777.845448931475,1.08377500083649,,COMPLETE
1545,0.562535110660305,2026-07-17 16:29:34.932999,2026-07-17 16:29:34.956982,0 days 00:00:00.023983,0.3195183724614432,778.7764768127219,-61.013776103738536,1.1349247828756455,0.5106436891301019,780.8445433362764,1.717613492803634,1.3517099822962024,778.3897267352107,1.0795485240910758,,COMPLETE
1546,0.449408860765268,2026-07-17 16:29:34.956982,2026-07-17 16:29:34.985573,0 days 00:00:00.028591,-0.34593373723363674,783.9875050198286,-193.131115184402,7.503014670743512,0.9616003326707014,780.9539423550059,1.2575785898634784,0.14529397270778455,781.6064566161914,1.9318472012469923,,COMPLETE
1547,0.4763794767773722,2026-07-17 16:29:34.985573,2026-07-17 16:29:35.016404,0 days 00:00:00.030831,-0.5950322533350716,783.289240866008,-41.6604228383101,7.084087367193692,0.49077279281504904,779.6913558990175,0.738009107810063,0.1148781680031778,779.9701907939226,2.321594875916821,,COMPLETE
1548,0.49746901319719006,2026-07-17 16:29:35.016404,2026-07-17 16:29:35.047908,0 days 00:00:00.031504,0.3464948658498139,782.0520462959711,-289.185783986456,2.7546527191478245,1.0891828065778895,778.0103983061323,0.7564595601157266,0.08640237882635854,777.3303304504268,1.4482968576009392,,COMPLETE
1549,0.43179011570243114,2026-07-17 16:29:35.047908,2026-07-17 16:29:35.074811,0 days 00:00:00.026903,-1.1909553584404038,782.6592165653406,613.2638268564418,0.8178639467541923,0.20148475820877687,780.6914157405045,2.0361455172462244,1.232938495795865,780.1689118743826,0.513345281385531,,COMPLETE
1550,1.1180820987855615,2026-07-17 16:29:35.074811,2026-07-17 16:29:35.101931,0 days 00:00:00.027120,-1.2182989498793964,782.0903007960839,1175.9915796748087,0.12184161213932765,1.3456681424664376,781.433987666806,1.743419200744569,0.22283617416171897,779.5316917821391,0.7205558390580834,,COMPLETE
1551,0.5465604371672822,2026-07-17 16:29:35.101931,2026-07-17 16:29:35.130036,0 days 00:00:00.028105,-1.2770250706897146,783.0028785782354,-272.3789514936552,3.940533248612094,0.7693443686795658,783.0611960289219,1.2747686884619909,1.1128137994626195,781.4228133398484,2.6032741310652994,,COMPLETE
1552,0.5245861898019274,2026-07-17 16:29:35.130036,2026-07-17 16:29:35.157399,0 days 00:00:00.027363,0.08409899023639472,783.8995052205489,-224.00846191218062,5.226069090925436,1.035852158534768,778.667878679279,0.229871116372395,0.05922913468847277,782.0594914575086,2.458390599003816,,COMPLETE
1553,0.7906342674042047,2026-07-17 16:29:35.157399,2026-07-17 16:29:35.186474,0 days 00:00:00.029075,1.1283620307402158,783.9354385917414,36.06051174209162,1.958246894249697,1.054306223043717,781.891815812685,1.1932255916680417,0.14121363588884836,781.5940047516008,2.7997237609953918,,COMPLETE
1554,0.5988346316867447,2026-07-17 16:29:35.186474,2026-07-17 16:29:35.212069,0 days 00:00:00.025595,-0.14208244024409936,783.9169175656647,-261.1840244805983,5.846819672812373,0.9915634304413614,777.578371552957,1.5881752125538207,0.48605060325986843,777.8502634279873,1.500605267794057,,COMPLETE
1555,1.2878825857388876,2026-07-17 16:29:35.212069,2026-07-17 16:29:35.237813,0 days 00:00:00.025744,1.342514518080113,777.0976066212817,-19.703910167807294,5.529726799492638,0.530816687123852,781.9298666294153,2.474755227885255,1.2842647808626098,776.8280775721772,1.4944326560411392,,COMPLETE
1556,0.3550344568355655,2026-07-17 16:29:35.237813,2026-07-17 16:29:35.263214,0 days 00:00:00.025401,0.5400853563639891,781.0174108552324,-291.0753366322739,6.4106728871790075,0.49696220300056587,778.2010250424985,0.8266244577257238,0.07651549092877652,780.4500054182524,2.291970660569272,,COMPLETE
1557,0.5004189973634945,2026-07-17 16:29:35.263214,2026-07-17 16:29:35.294317,0 days 00:00:00.031103,-0.7247809534681473,777.8770455039208,160.4205719897195,1.9413197638478392,0.2251991559902892,781.883597824901,1.684462018716816,1.184163938404812,778.3802416879678,1.001844420503614,,COMPLETE
1558,0.5193320398078111,2026-07-17 16:29:35.294317,2026-07-17 16:29:35.319778,0 days 00:00:00.025461,-0.58143976504856,778.6889503558315,241.71962495754602,1.5370396976576104,0.8070271708396832,781.023384083676,2.008878248499654,1.2809452184151429,780.0497507946579,1.1351878154197674,,COMPLETE
1559,0.5732131579333019,2026-07-17 16:29:35.319778,2026-07-17 16:29:35.350145,0 days 00:00:00.030367,-0.3102309110888958,783.6238298344705,198.35987413178265,0.10886232462094342,0.7650933596189766,777.0392907030314,2.286891468718319,0.4446057892016106,776.7916611637534,0.6391966621568624,,COMPLETE
1560,0.5083538985938076,2026-07-17 16:29:35.350145,2026-07-17 16:29:35.378662,0 days 00:00:00.028517,0.15384507115795742,777.1169008532538,-20.079856247328337,2.1318945003839094,0.44478373324224985,783.4621058399616,2.0571180460127225,1.3548572082921857,780.3232509074837,0.8451211227132833,,COMPLETE
1561,0.5951705580155423,2026-07-17 16:29:35.378662,2026-07-17 16:29:35.405824,0 days 00:00:00.027162,-0.6387209303521676,777.3648448771982,179.51179120616507,3.273280601476918,0.4977340279568417,782.247348440855,2.4745732588958065,1.426016633599658,777.3062740382168,1.6193787997386946,,COMPLETE
1562,0.18711473345657575,2026-07-17 16:29:35.405824,2026-07-17 16:29:35.431783,0 days 00:00:00.025959,0.21092270624990217,782.2070151134125,-245.91753438828852,3.8589898134885403,0.9329861380294894,779.7589647950847,1.0055062254913087,0.19047059175361747,781.1989808532642,1.4404424054117388,,COMPLETE
1563,0.39834305120100444,2026-07-17 16:29:35.431783,2026-07-17 16:29:35.459215,0 days 00:00:00.027432,-0.14419052509884145,781.0447159974515,-156.11808087192372,0.8818270310890727,0.4271407778775637,779.9709074757928,1.0544428584878762,0.1096023501720263,780.220866215979,1.3925530038115101,,COMPLETE
1564,0.16168066797529743,2026-07-17 16:29:35.459215,2026-07-17 16:29:35.489995,0 days 00:00:00.030780,0.3462068073516074,781.5638740578066,-41.466110288240166,3.7411219823023343,0.6829836927850174,779.2350246743927,1.2245019053942214,0.12694231335073874,783.8399315283606,2.63919177743459,,COMPLETE
1565,0.40458506033200586,2026-07-17 16:29:35.489995,2026-07-17 16:29:35.525095,0 days 00:00:00.035100,1.110859047414334,781.9709223119098,-203.92868803408058,3.870679648275257,0.6122626858813927,780.3738800027949,1.2704448525165892,0.16016684499684858,780.1870066193037,2.224017109508642,,COMPLETE
1566,0.1429374268570565,2026-07-17 16:29:35.525095,2026-07-17 16:29:35.556191,0 days 00:00:00.031096,0.01593275400690014,782.5829984438234,-170.57933573133755,3.099678410217759,0.926672283744281,779.2497337601102,1.4792596332618437,0.29925709410084284,780.1846338851957,2.0656554022792024,,COMPLETE
1567,0.7227753098650953,2026-07-17 16:29:35.556191,2026-07-17 16:29:35.590092,0 days 00:00:00.033901,-0.9551300716819983,777.8579544654011,100.22942363061206,2.76171993109256,0.4361384857407312,782.4727432843266,2.0705036510092314,1.2768541023602138,781.0029278144676,0.43680448211781503,,COMPLETE
1568,1.9500673006610514,2026-07-17 16:29:35.590092,2026-07-17 16:29:35.619377,0 days 00:00:00.029285,0.2588487195825621,779.0196012231665,1173.8208121397747,2.8857520900200235,1.2667514159283986,779.9627239764794,2.598029689877632,0.6493691223665191,776.3285588108513,2.9580442016732107,,COMPLETE
1569,0.41086945724149476,2026-07-17 16:29:35.619377,2026-07-17 16:29:35.648338,0 days 00:00:00.028961,-0.13674697073980424,778.142632505255,-55.109484799984855,3.3837436568774493,0.8130707432094932,777.7849615814149,1.2265438500101644,0.6955653927780008,779.5443149304098,1.9937313508581282,,COMPLETE
1570,0.5075847926038402,2026-07-17 16:29:35.648338,2026-07-17 16:29:35.681705,0 days 00:00:00.033367,0.6560590166809173,783.5598124019297,-251.14980493020704,4.089386149719595,0.802486139135572,779.7578286696098,2.5656293637877727,0.43313559662444295,780.7344832435258,1.9521668563400427,,COMPLETE
1571,0.2722217895955081,2026-07-17 16:29:35.681705,2026-07-17 16:29:35.711846,0 days 00:00:00.030141,-0.838945854490903,783.8017145713235,405.6966190819616,3.6456272888118004,0.6884180032041642,780.4377260527523,1.1124646551624187,0.2836241721110325,781.1808333655657,2.6602198910315527,,COMPLETE
1572,0.5797230439830583,2026-07-17 16:29:35.711846,2026-07-17 16:29:35.743987,0 days 00:00:00.032141,0.5364561503192148,783.9737261219304,-222.07219972535245,2.6751836552767596,1.3945540704795003,777.005418193596,2.0841005675767463,0.23362031619723306,780.8976759178707,1.899031550143971,,COMPLETE
1573,0.22270027077051982,2026-07-17 16:29:35.743987,2026-07-17 16:29:35.770418,0 days 00:00:00.026431,1.1139038120476046,783.6960156529217,-239.62438849657593,7.877615518960183,0.7790603211191729,779.3953763821053,1.2538493898845244,0.033432941548058204,780.9505606094186,2.5171782092070214,,COMPLETE
1574,0.2424839911829118,2026-07-17 16:29:35.770418,2026-07-17 16:29:35.803113,0 days 00:00:00.032695,-0.2614402795164712,780.107578788898,195.99642281914936,2.126517709673535,1.0010659850631363,779.7563987984473,0.5455678153917989,0.01734513542173677,781.8194427891765,2.3616663834388216,,COMPLETE
1575,0.33913954827915027,2026-07-17 16:29:35.803113,2026-07-17 16:29:35.831006,0 days 00:00:00.027893,-0.5261011426953761,776.1953747956236,86.10847488504277,0.9241659981944915,0.6223542035185038,781.2681167083049,1.4616429516940714,1.1270465271565866,779.8483806020752,0.908991183357279,,COMPLETE
1576,0.6795714189647631,2026-07-17 16:29:35.831006,2026-07-17 16:29:35.863468,0 days 00:00:00.032462,-0.7093168643400147,777.9090132113558,-181.94596568635473,2.2367161991304703,0.4507425777947617,783.5068608405277,1.5517328713851148,1.443576881379361,778.965853157106,0.5805806718727418,,COMPLETE
1577,0.48472735702007147,2026-07-17 16:29:35.863468,2026-07-17 16:29:35.892272,0 days 00:00:00.028804,-0.41088110856929105,781.6713018158371,-295.3770619792151,2.7089447022337545,0.693089427659223,778.909887771104,1.5133071549366734,0.7705373759283097,778.2946125774123,0.6695742115979745,,COMPLETE
1578,0.37749655907199087,2026-07-17 16:29:35.892272,2026-07-17 16:29:35.919857,0 days 00:00:00.027585,-0.029214868512438485,781.7999793985392,-245.46268126025436,7.136868007198497,0.776839026619518,778.1995153923672,1.042122112071354,0.6553088844946134,778.8587871741121,1.855695242316553,,COMPLETE
1579,0.7407385257426213,2026-07-17 16:29:35.919857,2026-07-17 16:29:35.948963,0 days 00:00:00.029106,1.0876590864752833,781.3909251816256,-52.77258701870741,4.118396462614413,0.6667572632676656,781.3998745737023,0.9300538682028939,0.5612808775656234,780.8807784491598,1.2949352137851857,,COMPLETE
1580,0.34725506345040286,2026-07-17 16:29:35.948963,2026-07-17 16:29:35.978605,0 days 00:00:00.029642,0.055340802595805566,783.9736686026885,-143.6445308912232,5.842825503513304,0.7519730322181213,779.2237785692428,0.44928791970920356,0.10756182065955004,780.6934955549049,2.755902508678781,,COMPLETE
1581,0.7100103408131047,2026-07-17 16:29:35.978605,2026-07-17 16:29:36.010060,0 days 00:00:00.031455,0.9275023582079414,780.6677118220376,-133.989488455579,5.95644886077748,1.112845621307394,778.7108458154585,1.223601463975736,0.49305129400582226,777.7280460217492,1.834490072305738,,COMPLETE
1582,0.8668049990485017,2026-07-17 16:29:36.010060,2026-07-17 16:29:36.037584,0 days 00:00:00.027524,-0.17677433004416188,783.489784518164,614.5966152656977,0.17947249677510596,0.10114764389263486,776.9087313553222,2.7853440761332484,1.215946443405549,781.3917181709805,1.526892078490456,,COMPLETE
1583,0.270218500284527,2026-07-17 16:29:36.037584,2026-07-17 16:29:36.065292,0 days 00:00:00.027708,-0.6450128189428516,776.3040671853491,129.65226785037956,1.3738389973153722,0.5163553696979499,780.0143842888926,2.283546980499725,1.3988705070781897,779.3526408949051,1.0333339955850191,,COMPLETE
1584,0.2661901706963797,2026-07-17 16:29:36.065292,2026-07-17 16:29:36.098376,0 days 00:00:00.033084,0.9842004345889275,780.6387513111436,-279.2437476513641,3.0997006589236062,0.6267939239407032,779.6620311328171,0.6590877381524853,0.36955414764996153,777.1922797298957,0.9626927971303673,,COMPLETE
1585,0.13022049433808172,2026-07-17 16:29:36.098376,2026-07-17 16:29:36.132377,0 days 00:00:00.034001,0.5225132391734977,782.9841352014829,-300.01668939950093,2.780235814907459,0.9164704983798622,779.0864834598934,1.471073663324529,0.19558258440409682,779.7893785087538,2.511773766530111,,COMPLETE
1586,0.7311797913183286,2026-07-17 16:29:36.132377,2026-07-17 16:29:36.159623,0 days 00:00:00.027246,0.890913233073215,783.7900161078413,-9.19850273678221,5.0911516438336,1.461761887615998,776.9441681163273,0.9462184374740947,0.01699950772102575,782.666944349689,2.015503419011413,,COMPLETE
1587,0.34854406285076545,2026-07-17 16:29:36.159623,2026-07-17 16:29:36.188175,0 days 00:00:00.028552,-1.227090892455795,783.1851605025715,102.2617042792782,4.106243263382995,0.6781638699841371,778.5066953012041,1.0742084703721613,0.49056500902672706,779.5983442920033,2.259919870102952,,COMPLETE
1588,0.43404470269382156,2026-07-17 16:29:36.188175,2026-07-17 16:29:36.214466,0 days 00:00:00.026291,0.6543024083019391,783.5972577084802,-244.6218735050581,5.023924496729379,1.0959595612730897,780.4299516223415,1.9436260549755622,0.04243572425047014,779.9285603832329,2.6606271345478802,,COMPLETE
1589,0.15886431144623062,2026-07-17 16:29:36.214466,2026-07-17 16:29:36.240965,0 days 00:00:00.026499,-0.2974128692956344,777.6913350008912,-203.86834077241417,2.2520327811632734,0.3348839169994245,781.7022155732508,1.7421434599402126,1.2391567841489768,779.1451323820636,1.6884677699640478,,COMPLETE
1590,0.3341033394628198,2026-07-17 16:29:36.240965,2026-07-17 16:29:36.267367,0 days 00:00:00.026402,1.0519971104052401,781.7486026839714,-225.8211245037392,2.385718990945895,0.6812908341116097,779.4138422625866,1.4923660336520848,0.2969217651408764,778.0125768959249,2.0018131954038703,,COMPLETE
1591,1.124864524264452,2026-07-17 16:29:36.267367,2026-07-17 16:29:36.292978,0 days 00:00:00.025611,-0.4445001689285927,783.5467344901055,1102.5512209773974,0.20439536366467065,1.1967580781443545,776.1653420584636,0.14513217956141933,0.9883101178657319,781.914056446592,1.645704444908061,,COMPLETE
1592,0.5934466766033935,2026-07-17 16:29:36.292978,2026-07-17 16:29:36.319852,0 days 00:00:00.026874,0.18682450076267781,779.5550599136383,-44.29164826104157,7.361035206011545,0.43829222938314527,780.0870284016282,0.9306227866844212,1.230068334426089,780.5583906730708,1.7205659794836,,COMPLETE
1593,0.4663500249168785,2026-07-17 16:29:36.319852,2026-07-17 16:29:36.399618,0 days 00:00:00.079766,0.6574895843126286,782.2211031759206,-230.05816234425146,2.207214202101644,0.5263174972751238,780.4353778321396,2.0527271786874435,0.5426132876777284,779.7612235150968,2.8225979685947538,,COMPLETE
1594,0.6741058906316337,2026-07-17 16:29:36.399618,2026-07-17 16:29:36.455935,0 days 00:00:00.056317,0.6616782990111919,782.5229722057747,-166.29544493238643,1.3889102356191012,1.1184361842233372,778.3387492499996,1.861636143406662,0.6932447560939126,778.9879470980671,1.739860695235506,,COMPLETE
1595,0.4126470681107755,2026-07-17 16:29:36.455935,2026-07-17 16:29:36.493226,0 days 00:00:00.037291,0.49853538553893384,783.5103208083019,-19.389061220321253,4.836838930752995,0.32869304899861546,782.9303793436602,0.6865756145172119,0.15745692831016217,780.3508780679967,2.250764788003685,,COMPLETE
1596,0.31108146287755944,2026-07-17 16:29:36.493226,2026-07-17 16:29:36.528730,0 days 00:00:00.035504,0.39742489913932166,783.6011340117105,113.38659845317648,5.5368326655395395,0.5940415368919704,780.4283537783791,0.8557683368240151,0.4042946564598182,778.704860686332,2.0556444876024225,,COMPLETE
1597,0.6792321369812069,2026-07-17 16:29:36.528730,2026-07-17 16:29:36.565103,0 days 00:00:00.036373,0.550463344389027,783.9085328091021,-260.0369030602104,0.5296003956796582,0.7134302075597441,783.1532876859085,2.6877993697089195,1.4327075519965375,781.045042621802,0.46652920677945375,,COMPLETE
1598,0.31069139576205945,2026-07-17 16:29:36.565103,2026-07-17 16:29:36.603820,0 days 00:00:00.038717,-0.054516291558684496,782.9710727810716,52.35135138176247,7.443572926861907,1.0409308939501147,780.1094421059406,0.975233366420345,0.489330408786343,778.4958318988556,2.1389733170994636,,COMPLETE
1599,1.667973441897301,2026-07-17 16:29:36.603820,2026-07-17 16:29:36.638861,0 days 00:00:00.035041,1.2508515858707723,776.3685373322878,-71.8143277235614,1.2663716145067563,0.8148241206801756,782.1733342155434,2.2676134370074363,0.7555346947867468,781.9889514403404,1.5152884928523025,,COMPLETE
1600,0.5671431592433804,2026-07-17 16:29:36.638861,2026-07-17 16:29:36.673061,0 days 00:00:00.034200,-0.1345607649796533,782.7027050934913,-234.90916472144514,1.6225103388106483,1.3675269029886128,778.2625570286244,1.977583605182939,0.2403111635210089,777.7076651872012,2.8130205161175783,,COMPLETE
1601,0.3768663005715156,2026-07-17 16:29:36.673061,2026-07-17 16:29:36.701352,0 days 00:00:00.028291,-0.7163754671216995,783.9282271013222,152.25264649311742,1.9458848855619737,0.9041912840486952,777.9766071023587,0.337461754578733,0.8409589956512351,780.4185743177183,2.1160382239727356,,COMPLETE
1602,0.23326505988140434,2026-07-17 16:29:36.701352,2026-07-17 16:29:36.728229,0 days 00:00:00.026877,0.08073198444627366,783.9713866804582,-94.19552992566753,5.2392623799855444,0.7855570052021182,780.2150819569921,1.9240256913396936,0.09300025540217438,781.1183759205219,2.955368652974728,,COMPLETE
1603,0.4328462416505152,2026-07-17 16:29:36.728229,2026-07-17 16:29:36.755006,0 days 00:00:00.026777,0.08624060047314419,783.9286579717116,222.0842367621853,6.538702201938002,0.9059340100535965,780.759108199415,1.6114065231361911,0.0322400705271432,778.3750622076941,2.9021772065423876,,COMPLETE
1604,0.182831174444387,2026-07-17 16:29:36.755006,2026-07-17 16:29:36.781334,0 days 00:00:00.026328,-0.3754239923022792,783.27225328127,50.404018165042864,4.33566618552778,0.7400715979644615,780.2964142682208,0.6503200470293639,0.5678744970227289,779.153258789517,1.798595993382414,,COMPLETE
1605,1.2634711574395472,2026-07-17 16:29:36.781334,2026-07-17 16:29:36.807877,0 days 00:00:00.026543,0.6084266659126838,779.6632543092204,935.0437135859795,1.3968476318278038,1.3902591224299785,777.3892115419515,1.0614796458411746,0.023636873442084982,780.685100211659,2.6403027035487474,,COMPLETE
1606,0.1385151476000971,2026-07-17 16:29:36.807877,2026-07-17 16:29:36.826989,0 days 00:00:00.019112,0.015785780398658966,783.5726766547508,40.75326724242086,3.818865429643095,0.7710730324372619,779.9534532832241,1.4124244390918532,0.008834059574476583,780.3575525100806,2.0102426816982573,,COMPLETE
1607,1.3285857854615057,2026-07-17 16:29:36.826989,2026-07-17 16:29:36.864735,0 days 00:00:00.037746,1.4664726606681129,781.3111273814851,800.1990155919411,0.6029108997946464,0.15385095412165695,782.1870951893209,2.8615777429427265,0.8288065724340494,777.4736733970232,0.9278753088848211,,COMPLETE
1608,0.3968524300059572,2026-07-17 16:29:36.864735,2026-07-17 16:29:36.898874,0 days 00:00:00.034139,0.6184417101432845,783.8626461503435,108.93262712758906,7.129597956149071,0.9320453616621847,779.1657561321675,1.4066296368653117,0.04774889926541408,780.7890547882072,2.967533859787723,,COMPLETE
1609,0.8429511842149751,2026-07-17 16:29:36.898874,2026-07-17 16:29:36.917277,0 days 00:00:00.018403,0.11962211545571051,776.7311307207946,1162.804832978644,0.2103183505504025,0.1719000801744306,783.4037666543994,2.908944314119635,0.3416473948687181,779.762962786446,0.13229427135363347,,COMPLETE
1610,0.25697402969281,2026-07-17 16:29:36.917277,2026-07-17 16:29:36.971908,0 days 00:00:00.054631,0.13919998449448645,783.6816080846909,-222.32206812167064,5.092308250515497,0.9775885287551848,780.4910019876055,1.5894774146486523,0.048157099549463595,779.0270306461265,1.7744406015432836,,COMPLETE
1611,0.3478963679848817,2026-07-17 16:29:36.971908,2026-07-17 16:29:37.011542,0 days 00:00:00.039634,-0.8454135312646905,776.8681790712349,97.74691116871904,2.7732903928348276,0.1450943091330511,781.920965775126,1.933688123248255,1.2184957759609847,780.4153931096531,1.5778634644138094,,COMPLETE
1612,1.731805054485982,2026-07-17 16:29:37.011542,2026-07-17 16:29:37.044882,0 days 00:00:00.033340,1.10746020011389,780.9306886729145,100.58933400139358,0.23990206434433411,1.1619600642380188,776.6287519847292,2.623475396053021,1.4779534407288135,782.6483362050038,2.4749572913241065,,COMPLETE
1613,0.5646042466627044,2026-07-17 16:29:37.044882,2026-07-17 16:29:37.074741,0 days 00:00:00.029859,1.2685081665287106,783.0690183719487,-121.11090670223527,2.1929653667072904,0.962580503629741,776.8463867019528,0.8876545595669436,0.20387330868161171,779.7357085624027,2.660695767077361,,COMPLETE
1614,0.5201520039852753,2026-07-17 16:29:37.074741,2026-07-17 16:29:37.103261,0 days 00:00:00.028520,0.3734170301282118,783.7731026192635,293.1262615917731,4.322770013931863,1.2073696742754343,780.5441934789811,0.4530932708257197,0.2345152437421275,781.9272366735718,2.9640124741750813,,COMPLETE
1615,0.40036956456610534,2026-07-17 16:29:37.103261,2026-07-17 16:29:37.132068,0 days 00:00:00.028807,-0.1268736581372939,776.797801798016,-90.06980658431783,0.5584881722014159,0.5721345417360765,782.109655838937,2.450311866448702,1.0364946264195645,777.8420748359736,0.9810033418817212,,COMPLETE
1616,1.1680969116735471,2026-07-17 16:29:37.132068,2026-07-17 16:29:37.161379,0 days 00:00:00.029311,0.7665073215844413,782.780871826313,693.5524724755122,5.325249453931373,0.5333395633114086,783.4709325024323,0.7464457105042542,1.3926153166424065,780.4128321533668,1.1776428664744187,,COMPLETE
1617,0.30544986408268254,2026-07-17 16:29:37.161379,2026-07-17 16:29:37.194132,0 days 00:00:00.032753,-0.23641147788648514,778.4056767678169,-115.12931509320563,0.37909774323661305,0.4721440683025365,783.516273191346,1.8657530755027036,1.448080008238973,779.0319899070253,1.6063518336600349,,COMPLETE
1618,0.37511110236729345,2026-07-17 16:29:37.194132,2026-07-17 16:29:37.233339,0 days 00:00:00.039207,0.7186543913726717,781.0748139766408,-265.2687179194462,6.040629800772743,1.1415290923369497,779.6870419231813,0.8243509793956603,0.3889515028909533,780.8208898723466,2.571263386762672,,COMPLETE
1619,0.6146318973715342,2026-07-17 16:29:37.233339,2026-07-17 16:29:37.263625,0 days 00:00:00.030286,-0.6654889083702622,780.5402166029003,63.015577136868586,2.363152028314322,0.654433502065453,778.256730219263,0.5702960950036287,0.1111777792797971,777.0190315107242,1.7086842238728837,,COMPLETE
1620,0.7086110219903434,2026-07-17 16:29:37.263625,2026-07-17 16:29:37.291585,0 days 00:00:00.027960,0.9135748096445357,781.8462645155262,-145.66303712199533,5.107845081702,1.1527294355288997,779.7092951885253,2.120438526752122,0.1570677235777698,780.4211341088621,1.5604708504161338,,COMPLETE
1621,0.17957558443073657,2026-07-17 16:29:37.291585,2026-07-17 16:29:37.320641,0 days 00:00:00.029056,-0.1960601679381921,776.9967567986229,-242.88789527125783,5.241390972674985,0.7272121935448241,779.9214885548228,1.3776498697055857,0.5864530426877139,780.4143384744956,2.2366566704591517,,COMPLETE
1622,0.8060409785586263,2026-07-17 16:29:37.320641,2026-07-17 16:29:37.348937,0 days 00:00:00.028296,1.0539224231896156,783.4272849172769,568.0608083790776,0.22792547759694373,0.48969721613821005,783.2397112126708,0.9870661148599116,0.44076572739843844,779.6746219377067,2.729504678715364,,COMPLETE
1623,0.9592669883710224,2026-07-17 16:29:37.348937,2026-07-17 16:29:37.386428,0 days 00:00:00.037491,0.5162056882255287,776.8101608661286,-176.91219538673397,7.677612547472346,0.5583057553861258,778.6461209547315,0.4153455230884935,1.4187510859107904,780.0194196820673,2.9035453351859113,,COMPLETE
1624,0.22870579801441543,2026-07-17 16:29:37.386428,2026-07-17 16:29:37.419824,0 days 00:00:00.033396,-0.6540771384303787,781.9188305740985,618.3901552427176,7.150057151441221,0.9466282349238238,779.7473731539635,1.070945953532057,0.08112694686122474,779.5269125072778,2.9896484691483627,,COMPLETE
1625,1.818583803216851,2026-07-17 16:29:37.419824,2026-07-17 16:29:37.459170,0 days 00:00:00.039346,1.0194736703659664,779.9590180294769,1151.0663650695783,0.20102567421734924,1.1946104997960647,777.623953843048,2.5126068587930153,0.07455892515220586,783.4907421019827,1.5079460325220861,,COMPLETE
1626,0.31168881491172923,2026-07-17 16:29:37.460169,2026-07-17 16:29:37.488911,0 days 00:00:00.028742,0.4829051159345103,781.3615602190455,-279.2885404460411,5.581079871708477,0.8876840974456219,778.2356724339116,1.3288077296001322,0.009684724781466085,780.3731188842548,2.110694594070225,,COMPLETE
1627,0.45982923128426595,2026-07-17 16:29:37.488911,2026-07-17 16:29:37.526191,0 days 00:00:00.037280,1.1194017029757173,782.2298895929472,-175.71531630298674,7.226427369062976,0.6551913802674257,777.8454656148224,1.2687007713191254,0.14403015355041773,777.412371444066,2.9793421698300158,,COMPLETE
1628,0.5198668114601929,2026-07-17 16:29:37.526191,2026-07-17 16:29:37.565181,0 days 00:00:00.038990,1.2712907237772177,780.9457287866599,-242.58175153139933,2.5933225592248363,0.7766390397673392,777.4559985147218,0.982067476828198,0.4337233260949785,780.5961774820979,1.271400174079306,,COMPLETE
1629,0.7718231398407205,2026-07-17 16:29:37.565181,2026-07-17 16:29:37.610458,0 days 00:00:00.045277,-0.25623897005825996,777.3382570008099,395.352465380109,0.2602292417024134,1.2526517246600646,776.8726628856796,1.4174487419965731,0.5260310794791063,781.2625594645446,2.8269399067707957,,COMPLETE
1630,0.9458598757295497,2026-07-17 16:29:37.610458,2026-07-17 16:29:37.668713,0 days 00:00:00.058255,-0.44292394162259047,781.8779781601917,778.7854541693292,5.429506995384053,0.6507825856586783,778.6758038215173,1.1922550711571296,1.3605137039056414,776.1220291418332,1.6329286755988155,,COMPLETE
1631,0.8577846416612466,2026-07-17 16:29:37.668713,2026-07-17 16:29:37.727608,0 days 00:00:00.058895,0.7871586214717453,776.3249291437622,27.804374094102965,0.6771343788359281,0.14107186450311351,783.3306865739163,1.622183409901227,0.9522329577217902,780.2680769174099,1.277445236789115,,COMPLETE
1632,0.7413176147561571,2026-07-17 16:29:37.727608,2026-07-17 16:29:37.800503,0 days 00:00:00.072895,-1.115726803682466,781.7269203646977,796.8269819756745,0.10489984899707973,1.4365294318519657,783.0629417130122,0.20517730642315213,1.267934946360557,781.1272911263922,1.3558640701103593,,COMPLETE
1633,0.26597756416463214,2026-07-17 16:29:37.800503,2026-07-17 16:29:37.854928,0 days 00:00:00.054425,-0.0014994308827323832,777.7491184188715,-25.90114089679542,5.108525103027436,0.7068628797796689,779.4491347349326,1.0643477152947527,0.7581637033869332,778.8011245303297,1.3499045632180096,,COMPLETE
1634,0.49875680867537403,2026-07-17 16:29:37.854928,2026-07-17 16:29:37.897511,0 days 00:00:00.042583,-0.027633839804065377,776.3218846025201,-191.5861262028405,0.7011729601891544,0.12137667890428881,781.4370054228621,0.5894861808945208,1.053979323188794,781.0500113418703,1.0424209969613316,,COMPLETE
1635,1.0561078302878013,2026-07-17 16:29:37.897511,2026-07-17 16:29:37.938754,0 days 00:00:00.041243,0.9534608556311995,782.2178609537527,335.13216839842585,0.17797974571484285,1.2837976798969613,780.2638283975618,1.5354297212371013,1.4163918485873612,780.5832053098094,0.32218125469097125,,COMPLETE
1636,0.49150916614476536,2026-07-17 16:29:37.938754,2026-07-17 16:29:37.968231,0 days 00:00:00.029477,0.026293168428667246,780.6198410102982,-112.9036795197377,2.0484891305132127,0.17629405776770612,780.5398913812516,1.0465311599419038,0.029884001106478948,783.4593528875682,2.5392420113460874,,COMPLETE
1637,0.46287689391366305,2026-07-17 16:29:37.968231,2026-07-17 16:29:37.997544,0 days 00:00:00.029313,0.36344091105872295,783.9720875262288,-242.8739723976242,6.775051292156218,0.9203311207060629,779.8203050933405,2.071859511846072,0.6900175405424374,778.7396193207842,1.4265238064065426,,COMPLETE
1638,0.4557536224720989,2026-07-17 16:29:37.997544,2026-07-17 16:29:38.022652,0 days 00:00:00.025108,0.7668257659037025,778.3618729330746,9.494110086914475,1.7492227708400137,0.6207382406658875,776.9946355442981,0.17307372102541363,0.07183318814622963,776.7802270097571,2.198795252675218,,COMPLETE
1639,0.4069732441953878,2026-07-17 16:29:38.022652,2026-07-17 16:29:38.054910,0 days 00:00:00.032258,-0.21358580528292312,777.9751059188147,165.87453613347537,4.988390401728216,0.8411339593149971,782.1027431804376,1.7116410333902867,1.1557254923713578,779.382891720443,0.7311372584646663,,COMPLETE
1640,0.8684842752904949,2026-07-17 16:29:38.054910,2026-07-17 16:29:38.082549,0 days 00:00:00.027639,1.4729395180993443,783.154089150108,375.6408413637625,1.9914481448834758,0.7633757031916595,780.6457002497543,2.047542279387738,0.0020799072559198883,776.9297049562635,1.0220351536848424,,COMPLETE
1641,0.3291820879563228,2026-07-17 16:29:38.082549,2026-07-17 16:29:38.109211,0 days 00:00:00.026662,0.4060670731602083,783.48426815874,16.283498496642494,7.8447488600842465,0.6629275347659567,780.504710861361,1.5097693902649474,0.17137822842646433,779.8398994487147,2.1883938699675816,,COMPLETE
1642,0.37105298888396687,2026-07-17 16:29:38.109211,2026-07-17 16:29:38.130527,0 days 00:00:00.021316,-0.7960317100782568,779.8622409726516,38.93834406692401,4.048222412748527,0.2064147599983171,779.3350264467093,1.3425211531010053,0.9885632553196354,781.1910817077235,1.5079591566579895,,COMPLETE
1643,2.025542801489856,2026-07-17 16:29:38.130527,2026-07-17 16:29:38.158089,0 days 00:00:00.027562,0.9053718086465747,779.9615216259468,1107.9901829798032,0.10624748754635026,1.3946261448842916,783.110445824101,0.8647312860303592,0.6212889269316979,783.2216590886907,2.0503410682812055,,COMPLETE
1644,0.3511582596063059,2026-07-17 16:29:38.158089,2026-07-17 16:29:38.194236,0 days 00:00:00.036147,0.1095750157954386,782.1844054981549,-26.723629157139328,6.943210606576864,0.5704678014813178,777.924146749765,1.0725768679902032,0.37722142374245815,778.8534390365138,2.8475410712217983,,COMPLETE
1645,0.5295169504931151,2026-07-17 16:29:38.194236,2026-07-17 16:29:38.221409,0 days 00:00:00.027173,0.3297216868371202,783.2989831140604,-119.97683738175016,0.5925629642506334,0.8879627860131946,779.8553301645546,1.8799374260043398,0.6431573253189762,780.450388924508,2.2054267646704897,,COMPLETE
1646,0.6946067024415995,2026-07-17 16:29:38.221409,2026-07-17 16:29:38.253930,0 days 00:00:00.032521,0.6173321886377368,781.0206006278027,-221.42227725588822,1.0559865969271478,1.1033222924802524,780.3277939637176,2.436994418437468,0.30656822348436885,778.3461022632603,2.246942605358713,,COMPLETE
1647,1.286780250274567,2026-07-17 16:29:38.253930,2026-07-17 16:29:38.289064,0 days 00:00:00.035134,0.27597758557071317,776.9550090220811,317.8190666335271,0.2600924784991906,0.9592219293888585,780.5380874589687,2.8573702017712543,0.9029531036496956,783.3778769926259,1.625839170646046,,COMPLETE
1648,0.37041944449581155,2026-07-17 16:29:38.289064,2026-07-17 16:29:38.318001,0 days 00:00:00.028937,0.1410625183909303,783.9684369962483,168.53203948416908,7.327919594338795,1.25205520638877,779.5610670882037,0.9665843253591873,0.22719626802446047,780.4546226559512,2.129820820837437,,COMPLETE
1649,0.3836763579048812,2026-07-17 16:29:38.318001,2026-07-17 16:29:38.348998,0 days 00:00:00.030997,0.4564772614711047,783.0576142512298,-168.75104183590804,4.486467640353199,0.9294966448710242,777.9009683238854,1.0846227503143973,0.14318418708163075,780.6682224748703,2.485519097301323,,COMPLETE
1650,0.631790274759156,2026-07-17 16:29:38.348998,2026-07-17 16:29:38.375737,0 days 00:00:00.026739,-0.06771931911604856,781.0627159956431,537.8113563560964,0.41234348540145677,0.7934603234574402,783.3426769029528,1.5846239506054098,0.05246448615049837,781.1932749120037,1.607414599530778,,COMPLETE
1651,0.15843000894301285,2026-07-17 16:29:38.376738,2026-07-17 16:29:38.397253,0 days 00:00:00.020515,0.6511607996681869,783.2493586235945,-297.44840671230907,4.925448929504197,1.0496750859452202,778.9860835470635,1.0766504426434247,0.1705900574270607,779.9427695288059,2.0713107126536205,,COMPLETE
1652,0.4417054997317178,2026-07-17 16:29:38.397253,2026-07-17 16:29:38.433078,0 days 00:00:00.035825,1.1010140949846992,783.777076255697,-260.28072117809074,1.585148705685421,0.706988745837042,777.5495021824723,1.158314566591565,0.17181041556690943,781.7103633621477,2.173411757570272,,COMPLETE
1653,0.23882710388077974,2026-07-17 16:29:38.433078,2026-07-17 16:29:38.461178,0 days 00:00:00.028100,0.6757732675596172,781.6055798247413,-236.48350124623158,1.3746855630434298,0.6549643609484485,779.2629608401734,0.6689931652561999,0.23094751992767062,778.7639914682519,2.011694034949845,,COMPLETE
1654,0.38205408898871446,2026-07-17 16:29:38.461178,2026-07-17 16:29:38.491178,0 days 00:00:00.030000,-0.47374209230813336,780.132707502659,566.1342425317589,4.060628645964341,0.8952350218408442,780.3294266760652,1.0836439938481979,0.29260548945495296,783.8911923363402,2.737071815504956,,COMPLETE
1655,0.5708354955609937,2026-07-17 16:29:38.491178,2026-07-17 16:29:38.524321,0 days 00:00:00.033143,-0.8882043939713401,780.8313242040607,978.4761469089199,7.0368238956979505,0.6062627245555352,777.4827674379356,1.2058006681258748,0.5846626843894659,781.4603357030499,1.4613578248480368,,COMPLETE
1656,0.5522825909292345,2026-07-17 16:29:38.524321,2026-07-17 16:29:38.558808,0 days 00:00:00.034487,-0.31100672793896966,776.860173003157,531.2290099976265,1.3886037332879861,0.271666630320724,783.8548447741729,2.6226255864867296,1.2436212602307475,778.0771561679088,0.9905352503036459,,COMPLETE
1657,1.2199906048850657,2026-07-17 16:29:38.558808,2026-07-17 16:29:38.593068,0 days 00:00:00.034260,-1.1287285066345918,779.5831691824783,-215.45142364826188,0.21018798450092607,0.6677626935313629,783.9524527774415,0.9084190655878055,0.15833973705411997,776.4770738138402,0.1481661746575602,,COMPLETE
1658,0.43990116481002633,2026-07-17 16:29:38.593068,2026-07-17 16:29:38.658242,0 days 00:00:00.065174,0.4035803538616662,776.6749583381453,-95.51787287409707,2.3205730378794134,0.5045306373864005,777.9181586137535,2.418579011065125,0.3824649522950272,778.2258054877565,1.6961798599930147,,COMPLETE
1659,2.2403905671109623,2026-07-17 16:29:38.658242,2026-07-17 16:29:38.691034,0 days 00:00:00.032792,0.9782397819905309,780.3070375555874,1093.5498402226995,2.1754234647277433,1.1190229255698,778.120155740421,2.5897314623405263,1.3167686859129077,783.3002512831838,1.78793839133342,,COMPLETE
1660,0.47923311877004593,2026-07-17 16:29:38.691034,2026-07-17 16:29:38.734402,0 days 00:00:00.043368,-0.022494688912819805,776.5285478979123,-137.4179275458939,0.6649767275170981,0.3267314174488048,779.794097359433,2.2222764591155024,1.4781848767620047,776.1178783997792,0.27909250136299213,,COMPLETE
1661,1.7005801359960981,2026-07-17 16:29:38.734402,2026-07-17 16:29:38.779962,0 days 00:00:00.045560,1.0138282531965372,783.9739011151623,1114.3664314659557,1.446926702920417,0.22847787579986834,781.4852997394847,1.4409906529147183,1.282944835316009,779.2151094233174,2.835466836233564,,COMPLETE
1662,0.6995373501733883,2026-07-17 16:29:38.780973,2026-07-17 16:29:38.831130,0 days 00:00:00.050157,0.3516480181610071,777.4921079010613,-25.53291875544922,0.9459640259126673,0.855321056389389,778.5398557563074,0.3251819490905234,1.1221870512173602,778.0791117995865,2.058599356932106,,COMPLETE
1663,0.40169126839815716,2026-07-17 16:29:38.831130,2026-07-17 16:29:38.866806,0 days 00:00:00.035676,-0.41691973262646387,776.9793996885339,276.24628181510633,0.953602627196701,0.7403822696202432,783.5927758870821,1.9541033895353357,1.1549798422655195,780.1173139365753,1.271692550358067,,COMPLETE
1664,1000.007464421245,2026-07-17 16:29:38.866806,2026-07-17 16:29:38.907779,0 days 00:00:00.040973,1.2288513274968238,783.5089171557091,7.71815648327231,1.6465760538755916,0.9113829347716489,779.8087514231522,0.915295220257672,0.5450204796300642,779.7677203509879,2.8259361946068102,,COMPLETE
1665,0.38732989821810826,2026-07-17 16:29:38.907779,2026-07-17 16:29:38.946418,0 days 00:00:00.038639,0.19228365062502184,776.1889968029174,73.2352894393338,1.5156765679812054,0.3813071236482299,780.3958089405949,2.4734048733738487,0.9617291724183151,779.8347718403514,0.7585320222924357,,COMPLETE
1666,1.4088355791618106,2026-07-17 16:29:38.946418,2026-07-17 16:29:38.977034,0 days 00:00:00.030616,0.16657237079840986,777.6480909750916,785.8749894398125,0.16109635844729964,1.2745331463224299,776.3089594865461,1.5952945367626261,1.4652716370501926,783.714177351901,1.7257017420958625,,COMPLETE
1667,0.24859068083371558,2026-07-17 16:29:38.977034,2026-07-17 16:29:39.015726,0 days 00:00:00.038692,0.6983609707953495,783.0910493092252,-229.72221323011019,4.315662125178847,0.9979806461876896,778.9359866502931,0.9950380974935247,0.28352543649902207,781.7445772536424,2.8821504669215896,,COMPLETE
1668,0.27818663147849476,2026-07-17 16:29:39.016941,2026-07-17 16:29:39.045985,0 days 00:00:00.029044,-0.19915841394062245,782.3028481187671,-128.9012413667643,1.2071987473258825,0.874543269628973,779.9581391254359,1.5240518853933713,0.5546617134215416,777.9701227631409,2.1438364458493315,,COMPLETE
1669,0.1994193706986692,2026-07-17 16:29:39.045985,2026-07-17 16:29:39.075526,0 days 00:00:00.029541,0.28572908537444386,782.820303078931,-128.3948266934724,3.8492063011589024,0.8405680940878577,780.0343461292382,0.9662201795711686,0.21541820493471403,780.542794307471,2.2279015942134466,,COMPLETE
1670,0.8272554391538683,2026-07-17 16:29:39.075526,2026-07-17 16:29:39.104129,0 days 00:00:00.028603,0.24519483189577318,777.1435967695573,355.13349628901915,1.0617942859363043,0.21115718926045596,782.082378367809,1.826762295057512,1.1812706492286928,779.4527259326596,1.6547956788769307,,COMPLETE
1671,0.6207098793863071,2026-07-17 16:29:39.104129,2026-07-17 16:29:39.133009,0 days 00:00:00.028880,-0.4790062732484114,776.5185128124909,295.68072299141556,3.1005643858548986,0.6796603208082637,782.8558717928208,1.4542958119086138,1.4850819499612733,778.8503118317759,1.9511564321117898,,COMPLETE
1672,0.07145454057599594,2026-07-17 16:29:39.133009,2026-07-17 16:29:39.171252,0 days 00:00:00.038243,-0.0877191506034915,782.8913509455166,-201.62523521294383,5.848289696690659,0.8013878659646568,779.5266659554231,1.268559897979714,0.38771374840522055,779.9842676405515,2.6114338466548075,,COMPLETE
1673,0.4976399672392355,2026-07-17 16:29:39.171252,2026-07-17 16:29:39.207002,0 days 00:00:00.035750,-1.3062478582882266,783.8555803404792,378.8149201159604,4.551622718876921,1.0695685683952267,778.0792740704477,1.1990332503994408,0.05575243196272606,780.1334747312453,2.891726278023834,,COMPLETE
1674,0.09799756816553928,2026-07-17 16:29:39.207002,2026-07-17 16:29:39.241457,0 days 00:00:00.034455,0.11554874056549158,782.9302442102556,-157.25363118031194,6.676890047302891,0.9748531794346427,779.840760139813,1.3550287854796839,0.06484275662427637,778.4585212637862,2.296334370309904,,COMPLETE
1675,1.6838442695326536,2026-07-17 16:29:39.241457,2026-07-17 16:29:39.275790,0 days 00:00:00.034333,0.22280059106113237,776.2411501104009,847.0447515782794,0.5234555527219098,1.3116227525964599,779.9234074806501,1.0883455851622321,1.1853252150539846,782.0929124994956,2.018669245023333,,COMPLETE
1676,0.3334450412417357,2026-07-17 16:29:39.275790,2026-07-17 16:29:39.309489,0 days 00:00:00.033699,-0.6568788776272136,781.7833057305585,-306.86065154357,4.835668026866336,1.1750479415368282,779.1966161333138,1.5068822541339406,0.3040566436694493,778.702697302264,2.222623400295323,,COMPLETE
1677,2.224250344002936,2026-07-17 16:29:39.309489,2026-07-17 16:29:39.344696,0 days 00:00:00.035207,1.4870332564232722,777.9886391014738,275.78527864739516,0.6272250340463625,1.1101870352003855,781.7698837283001,0.9498409281132745,1.0714849043512025,779.4891515459665,2.7566188688572066,,COMPLETE
1678,0.8634276924136677,2026-07-17 16:29:39.344696,2026-07-17 16:29:39.374891,0 days 00:00:00.030195,1.1355183753898814,780.6023721900806,-164.88864199841703,0.23996910434278754,0.5274789879113573,781.3735613067208,1.1517792110918843,0.8457399924262501,777.0612250033126,0.9705765699235408,,COMPLETE
1679,0.29733229219413204,2026-07-17 16:29:39.374891,2026-07-17 16:29:39.403640,0 days 00:00:00.028749,0.01113567684789539,783.8449578568737,-300.51615485404847,4.94524583747677,0.6647372186573721,781.1416356350461,1.6897650469697851,0.5949026496095582,779.2976487493657,2.657793935161638,,COMPLETE
1680,0.4109447369086111,2026-07-17 16:29:39.403640,2026-07-17 16:29:39.432485,0 days 00:00:00.028845,-0.2272731845098753,782.0254722033155,283.8857244777868,4.334496213626773,0.765927784427497,777.8282081938255,0.6914513583895285,0.13984270189138054,779.2324146392541,2.641779810072644,,COMPLETE
1681,0.28346860891246484,2026-07-17 16:29:39.432485,2026-07-17 16:29:39.464400,0 days 00:00:00.031915,-0.07334897457433179,776.7625142123613,-303.4097416344813,2.343402359802169,0.36151321068443437,780.6298018802735,1.7075651226302377,0.5029220846003913,778.5480029855541,1.765358152307813,,COMPLETE
1682,0.5343633400676501,2026-07-17 16:29:39.464400,2026-07-17 16:29:39.485895,0 days 00:00:00.021495,0.6975544927838482,782.2080014074072,-297.8721377249781,2.3828351760587805,0.8337877015373647,780.8505643408809,0.9147615810189937,0.5872850567363992,780.6067907902799,2.1688072068049036,,COMPLETE
1683,0.20899067285168144,2026-07-17 16:29:39.485895,2026-07-17 16:29:39.517410,0 days 00:00:00.031515,-0.3337294808899241,777.9310884269161,201.30537889965203,1.1960531038652336,0.2436643087047335,781.5450662686611,2.6279329704898204,1.4606177027937575,779.6701000081276,0.6952538286314287,,COMPLETE
1684,0.29521089215804286,2026-07-17 16:29:39.517410,2026-07-17 16:29:39.549635,0 days 00:00:00.032225,0.5730668502401224,783.4538699088703,-224.2781183452384,1.4559253878394713,0.5020192956793033,779.5258320970872,1.7129209850721363,0.21342093592074562,782.5065606849877,2.3842739549283807,,COMPLETE
1685,0.49484987145533726,2026-07-17 16:29:39.549635,2026-07-17 16:29:39.565794,0 days 00:00:00.016159,-0.5820052763864689,776.3034103210857,457.2474381767057,0.6874177732911055,0.3015308178537556,782.9292493080142,0.2847621521022482,0.76538904850414,781.0046822588889,0.934057770987668,,COMPLETE
1686,1.073637894443472,2026-07-17 16:29:39.565794,2026-07-17 16:29:39.609044,0 days 00:00:00.043250,1.1454117538647617,778.519894298794,482.05747235730234,7.718743887182382,1.1459341385087551,782.4623645691,0.5629306452968948,0.9953728923125956,779.7860075025349,0.16413993214392497,,COMPLETE
1687,0.1747841986872417,2026-07-17 16:29:39.609044,2026-07-17 16:29:39.635849,0 days 00:00:00.026805,-0.2605840950036233,778.3363887265124,53.650491550059684,2.4971246234652966,0.4915908238710687,780.039912845402,0.4411334902826682,0.8622055699300393,779.2534329682738,1.9818956141040323,,COMPLETE
1688,0.4904903101784325,2026-07-17 16:29:39.635849,2026-07-17 16:29:39.668494,0 days 00:00:00.032645,-0.24254480119936545,777.6434957264329,138.85662905280577,0.8998294848632346,0.8318298555543937,779.3575566437984,2.397680414303722,0.8133975020939468,777.5090528862595,0.564641763334264,,COMPLETE
1689,0.36505552558426585,2026-07-17 16:29:39.668494,2026-07-17 16:29:39.702253,0 days 00:00:00.033759,0.2496058749161862,783.2653458322052,-195.3210180972497,2.121389469060079,1.031790951612182,778.6213641405747,1.120925291931634,0.4406619117911752,778.3191668705292,2.365220306515723,,COMPLETE
1690,0.4356794237148283,2026-07-17 16:29:39.702253,2026-07-17 16:29:39.720558,0 days 00:00:00.018305,-1.3284141282880717,778.5400814780975,1006.7329696044454,1.647810282472001,0.3446895223608526,783.0388591999329,0.5165505718323151,0.9595623641344904,779.1274487023035,1.8568386837753181,,COMPLETE
1691,1.2728815514789298,2026-07-17 16:29:39.720558,2026-07-17 16:29:39.750349,0 days 00:00:00.029791,0.8253037509982528,778.0815936225196,953.1032722832952,0.253008827024635,0.8763003103149762,778.638344903371,0.5988650986331387,0.09082404496315077,778.094595505029,2.950941838126496,,COMPLETE
1692,0.5863395948854043,2026-07-17 16:29:39.750349,2026-07-17 16:29:39.784296,0 days 00:00:00.033947,-0.1332348466457489,781.1984325816383,-102.62753605580218,3.2242899776254608,1.1179433056011616,778.9460701227534,1.2544375547059312,0.8741087166591999,780.2011466197221,2.48523955089416,,COMPLETE
1693,1.7524994640601252,2026-07-17 16:29:39.784296,2026-07-17 16:29:39.815664,0 days 00:00:00.031368,0.6536784920458257,776.9065512682031,714.5865950017669,0.5339288821837125,0.19446461802527726,776.9619707992891,1.9511593635302336,1.2393718036916894,778.8089321177545,2.8399938306309833,,COMPLETE
1694,1.3534224104694175,2026-07-17 16:29:39.815664,2026-07-17 16:29:39.848910,0 days 00:00:00.033246,1.4863891681063164,778.5801132329132,242.18022178313817,2.967021934322687,1.0097365827725318,777.4880208769312,2.33287986750961,1.1906170734750503,778.284304771217,0.12638554448800288,,COMPLETE
1695,0.6672628281181189,2026-07-17 16:29:39.848910,2026-07-17 16:29:39.880902,0 days 00:00:00.031992,0.3328626848516144,781.9906708407265,441.39669690876656,3.2904040885033354,0.8066298318477154,781.831432351049,1.1218644005698581,0.15890585087109008,776.4087443468837,1.6498134857303075,,COMPLETE
1696,0.42059177184869423,2026-07-17 16:29:39.881601,2026-07-17 16:29:39.901012,0 days 00:00:00.019411,0.5816598110812823,782.7825741831986,-256.82051336723316,5.468172894050676,1.0899580563865594,780.7888849807285,1.5145357744750871,0.13035812126430546,777.0959866488816,2.847324984009765,,COMPLETE
1697,0.4860212244233778,2026-07-17 16:29:39.901012,2026-07-17 16:29:39.940491,0 days 00:00:00.039479,-0.5718333053390885,781.4135445585082,222.26285855012222,5.4753442820610605,0.14751143286508106,783.262652473635,2.570556248696205,0.49409400292401956,778.5689504223909,0.11996183961618634,,COMPLETE
1698,0.32587818901073,2026-07-17 16:29:39.940491,2026-07-17 16:29:39.965688,0 days 00:00:00.025197,-0.49283030604349576,782.6235522911036,-235.7593941917902,6.968552352566953,0.5779742213038646,779.6800161172064,2.0974148315168915,0.3258864002197208,777.9796149620788,1.7496163164855183,,COMPLETE
1699,1.637181405347901,2026-07-17 16:29:39.965688,2026-07-17 16:29:39.998897,0 days 00:00:00.033209,1.1243875099479503,776.4550137911724,1031.6965264971182,2.759292979626034,0.45554610389349015,780.28000299134,1.7359981304486956,0.13255134803043678,779.3131664166857,1.635708465395607,,COMPLETE
1700,0.7439060505272627,2026-07-17 16:29:39.998897,2026-07-17 16:29:40.017776,0 days 00:00:00.018879,1.3274034099240846,782.087803939182,40.89576955955857,5.948763537327865,0.9115175841242908,780.8351722043494,1.001543028746382,0.297084044021466,777.4380055073345,2.285132945218268,,COMPLETE
1701,0.46899889807524875,2026-07-17 16:29:40.017776,2026-07-17 16:29:40.049763,0 days 00:00:00.031987,0.207879350510259,777.4402395156972,268.8524294429398,0.2991910440546394,0.14080961370779604,782.5405220741322,1.3136819473378663,0.6519306837561893,777.720289156413,1.6482481054147846,,COMPLETE
1702,0.5863781995346463,2026-07-17 16:29:40.065245,2026-07-17 16:29:40.082237,0 days 00:00:00.016992,0.3483984785194154,780.7905753111177,-17.19493608015847,1.9989734920871356,1.0032445683594635,777.0524122719664,2.2163292741803082,0.2611433383935152,778.116313924568,2.1969993063116466,,COMPLETE
1703,0.17685021441665316,2026-07-17 16:29:40.082237,2026-07-17 16:29:40.115859,0 days 00:00:00.033622,-0.2916511869615688,781.6052256242436,-174.26167807071886,2.1440388728732644,0.6307537088037674,780.3160933725403,1.0989989199815584,0.5305862083410383,779.6781411324906,2.2866214920986203,,COMPLETE
1704,0.3291341788762746,2026-07-17 16:29:40.115859,2026-07-17 16:29:40.151140,0 days 00:00:00.035281,-0.9948436592816233,781.3523672410878,765.5567865432821,3.4540834700470806,0.8911215485177318,778.853267213913,1.175181950583383,0.12877642212637896,783.393788431333,1.44858005817987,,COMPLETE
1705,0.19117244949066922,2026-07-17 16:29:40.151140,2026-07-17 16:29:40.183119,0 days 00:00:00.031979,-0.004585454145350748,781.0805466877778,-136.4534480928173,5.841317704614728,0.7060795603616524,780.3577794993981,0.9464154962471231,0.3384117077784087,778.680798907556,2.2722101485200232,,COMPLETE
1706,1.745515372813421,2026-07-17 16:29:40.183119,2026-07-17 16:29:40.205706,0 days 00:00:00.022587,1.1993851496851602,778.9323929056022,-268.9150478821032,0.9675871744478607,0.8275915231723416,780.200270850562,2.4563180748723594,1.2907051897045754,781.9863556311819,2.0796475163425554,,COMPLETE
1707,0.5852208428585898,2026-07-17 16:29:40.205706,2026-07-17 16:29:40.242953,0 days 00:00:00.037247,0.5935457886754504,783.5553185674266,-254.53201045989996,3.951119874446171,1.3038879910326922,778.2740935779024,1.6856650775489646,0.3137427781385821,776.9173433851083,2.1765427004489517,,COMPLETE
1708,0.7838898211580403,2026-07-17 16:29:40.242953,2026-07-17 16:29:40.277732,0 days 00:00:00.034779,0.5205397198496982,782.4640323719585,19.899873444386714,7.649958110069227,0.8339139624772167,778.6220160158383,2.2443774263143412,0.5254454297401033,778.9150372744521,2.796514408345546,,COMPLETE
1709,0.9293066825272368,2026-07-17 16:29:40.277732,2026-07-17 16:29:40.310603,0 days 00:00:00.032871,0.9758843910918387,783.9633194615899,733.3975142852403,0.23899661453923968,0.5701003904099632,780.1265079043783,0.2069908398801703,1.0188645509559144,777.0693727173426,2.8055814736153133,,COMPLETE
1710,0.5766820084721864,2026-07-17 16:29:40.310603,2026-07-17 16:29:40.335426,0 days 00:00:00.024823,0.18697669078981594,782.6052390936076,248.77400840091104,1.828492567619447,1.0414350288178253,781.3464603206962,1.2548909033321476,0.0102630568576359,779.0166357495842,2.020033113157453,,COMPLETE
1711,1.147039139416752,2026-07-17 16:29:40.335426,2026-07-17 16:29:40.382126,0 days 00:00:00.046700,-0.2901514992181961,782.3079437431272,727.5511819035512,2.088598324214681,0.23465639035864827,778.9949557466223,1.2224460025128163,1.452457308462542,782.4987051925549,2.3322353758289487,,COMPLETE
1712,0.3832679413981803,2026-07-17 16:29:40.382126,2026-07-17 16:29:40.418098,0 days 00:00:00.035972,-0.26476060012918223,783.1486590563618,-270.2647612245591,6.633554838439798,1.2807912403764226,779.3180174821744,2.651542315592751,0.18570347237802268,778.6687809779935,2.1218356537614715,,COMPLETE
1713,0.4641268399005346,2026-07-17 16:29:40.418098,2026-07-17 16:29:40.452256,0 days 00:00:00.034158,-0.8109747485401919,783.0795273634465,-40.82798609815177,4.084118480063709,0.15586868619917343,779.5486914003415,0.8738883483006927,0.7671955693562478,781.9203252702744,1.6123095922263655,,COMPLETE
1714,1.8204764027261289,2026-07-17 16:29:40.452256,2026-07-17 16:29:40.487658,0 days 00:00:00.035402,1.1963686471323212,778.4071895001151,696.2783858484235,0.7969428902819339,0.971202242443133,776.2094680821727,2.99525466669305,1.1325670920367052,783.4168431217284,0.8401932240550145,,COMPLETE
1715,0.27478537716211265,2026-07-17 16:29:40.487658,2026-07-17 16:29:40.525947,0 days 00:00:00.038289,-0.1510771213913381,782.6872876318416,-105.21626129694945,7.490621611776768,0.6471769927302862,779.5306360113785,1.2308035104032073,0.7113299667363356,779.8018934175757,2.850106431050464,,COMPLETE
1716,1000.0018750234642,2026-07-17 16:29:40.525947,2026-07-17 16:29:40.558962,0 days 00:00:00.033015,0.021774360322950687,776.5397845252088,31.521373423807006,2.3611215702949915,0.48209221836112737,778.9798781977719,0.8854773811091459,0.6791177442860463,779.0650655124044,1.7654810750393282,,COMPLETE
1717,0.39389159688124326,2026-07-17 16:29:40.558962,2026-07-17 16:29:40.591765,0 days 00:00:00.032803,-0.5587608590443202,776.4958325137526,25.768381001808223,2.6047519542041595,0.7180018481565977,778.5478067230316,1.2567683793882896,0.3996618229188563,779.3440328391732,2.0257889324648484,,COMPLETE
1718,0.5100576636513686,2026-07-17 16:29:40.592765,2026-07-17 16:29:40.624755,0 days 00:00:00.031990,-0.21820116451107496,780.6842093730429,412.34414982890473,7.081172482292186,1.3640090527562287,779.1151924709799,1.26972866474573,0.11590923224431898,777.0106509598328,2.0153247208028744,,COMPLETE
1719,1.0885931286649773,2026-07-17 16:29:40.624755,2026-07-17 16:29:40.675675,0 days 00:00:00.050920,0.7801713821448834,783.2081822942453,408.50217579969893,0.1505020272336121,0.10813923000474635,778.529788649273,0.8506800613465509,1.4596442952966178,782.3821380227878,1.642617139814579,,COMPLETE
1720,0.46135704191999427,2026-07-17 16:29:40.675675,2026-07-17 16:29:40.715935,0 days 00:00:00.040260,-0.9069249035229647,776.8327624760229,137.60398912870292,0.5529371424883041,0.2972511953507224,782.1923275504422,1.8801569265724194,1.2643753713697479,779.6709589390854,1.2072354740377536,,COMPLETE
1721,0.32786070414285307,2026-07-17 16:29:40.715935,2026-07-17 16:29:40.747403,0 days 00:00:00.031468,0.20165221256036236,783.8142990955281,172.9592173250302,6.906165572135243,0.45905336928538615,780.7788648409596,1.4387258911578105,0.08798320364256447,782.0810441000228,2.6267553637372507,,COMPLETE
1722,0.11524708267406088,2026-07-17 16:29:40.747403,2026-07-17 16:29:40.783081,0 days 00:00:00.035678,0.2693908791524753,783.9818224134436,-293.71602828089334,3.6896590432922878,0.7544046091888402,779.7197157343891,1.1988823913383577,0.30459203697437687,777.5362569100064,2.448183839726748,,COMPLETE
1723,0.27802200951554223,2026-07-17 16:29:40.783081,2026-07-17 16:29:40.819908,0 days 00:00:00.036827,0.7046926740767683,783.6225237665118,-199.05837013750659,2.1030308774056183,0.8410432374093457,779.9519314360815,1.3164449943674772,0.33000518463554884,779.8486813392866,2.780804994367508,,COMPLETE
1724,0.2290998681201243,2026-07-17 16:29:40.819908,2026-07-17 16:29:40.848772,0 days 00:00:00.028864,-0.08963720297532204,776.100247670855,-210.6811844142166,2.9475385816582196,0.5410966542851439,780.1082424542535,2.3834227535379044,0.23799737310717137,779.2779654624981,0.9967664820992364,,COMPLETE
1725,1.5549688953079244,2026-07-17 16:29:40.848772,2026-07-17 16:29:40.884921,0 days 00:00:00.036149,0.7950714284608946,777.8099195212177,881.2159757027697,0.13828077490698762,0.7516076228792851,777.344275035501,1.235139363026384,0.876155420117151,776.9306492366005,1.3750959956559068,,COMPLETE
1726,0.3501752390350004,2026-07-17 16:29:40.884921,2026-07-17 16:29:40.939886,0 days 00:00:00.054965,-0.6619762417492114,782.0041705689949,-149.60241277137212,4.2353033649302,1.080296184930395,779.9609567853713,1.20608704583948,0.04480369267650728,777.2719010043224,2.3297423112618603,,COMPLETE
1727,0.6627676231652466,2026-07-17 16:29:40.939886,2026-07-17 16:29:40.983982,0 days 00:00:00.044096,0.8253160371003944,780.6686209802123,-158.97425622359776,3.940226119802629,1.021321227705827,783.6018607850749,0.7727135936155238,0.20327011670745798,776.9729799881687,0.5302484080157834,,COMPLETE
1728,0.20828725648906157,2026-07-17 16:29:40.983982,2026-07-17 16:29:41.021271,0 days 00:00:00.037289,0.14446291709712789,782.2487295442774,-221.3619369280375,4.691610503732094,0.7245411977540889,779.0313007196124,1.4644325753548157,0.14716297343511173,776.6111270649097,2.4715761833941077,,COMPLETE
1729,0.40132316107587124,2026-07-17 16:29:41.021271,2026-07-17 16:29:41.050944,0 days 00:00:00.029673,-0.6345705876259862,782.8085683420042,665.4364370001492,7.660131452259708,0.3199567709267296,777.3607549376943,1.9121897845808045,0.3208759854627263,781.1976468589602,2.8423076072024127,,COMPLETE
1730,0.44126198711719855,2026-07-17 16:29:41.050944,2026-07-17 16:29:41.078976,0 days 00:00:00.028032,-1.4657837140259706,783.2480328607178,669.0500592613581,2.333312416621665,0.3455597734363922,779.7393079986473,1.6089075322267834,0.47077649713868436,777.7791520253379,2.2124907063576353,,COMPLETE
1731,0.27803339743372013,2026-07-17 16:29:41.078976,2026-07-17 16:29:41.110237,0 days 00:00:00.031261,0.6174075966549851,783.7912162835412,-305.08051566368147,5.007040619245461,1.0250022502610796,779.1622753988986,1.9468595646255726,0.18406309705907245,780.6214318774098,1.4413701730196309,,COMPLETE
1732,0.5206009424060746,2026-07-17 16:29:41.110237,2026-07-17 16:29:41.144613,0 days 00:00:00.034376,0.8473103795453618,783.512589222918,192.32207388533539,2.251705088813427,0.8113799271965401,779.0939661655822,1.2562771034155287,0.3661328939066698,780.5682123904496,2.0090061589370904,,COMPLETE
1733,0.36157481923484747,2026-07-17 16:29:41.144613,2026-07-17 16:29:41.179858,0 days 00:00:00.035245,0.6541273289930027,777.5061092084286,-239.51981420075913,5.617046471472101,0.7678684107477822,780.694542810965,0.6851901721983944,0.5204292713691987,777.5295505538144,1.816221982375848,,COMPLETE
1734,0.23426880094801145,2026-07-17 16:29:41.179858,2026-07-17 16:29:41.209850,0 days 00:00:00.029992,-0.034488144942531274,776.7008553068151,15.302288252430426,1.1957066147020392,0.24255546489825794,782.2507098397815,1.7461216284941243,0.9715604965381865,779.7595250082064,0.6039919194669565,,COMPLETE
1735,0.4009381408234796,2026-07-17 16:29:41.209850,2026-07-17 16:29:41.240855,0 days 00:00:00.031005,0.6182638881805086,783.6598338883923,250.3828677574476,6.559893321657484,0.8837125782849905,778.781329005348,0.994201888645427,0.02415203115826369,778.164192806785,1.960507347216748,,COMPLETE
1736,0.30749346325432886,2026-07-17 16:29:41.240855,2026-07-17 16:29:41.271048,0 days 00:00:00.030193,-0.2697147144593454,783.7391196345127,24.632468737739487,3.2568052692897704,1.2372167344085783,779.2958561855484,1.701716861764508,0.14478250041093893,783.9751297944426,2.7152183308286095,,COMPLETE
1737,0.6463918461131768,2026-07-17 16:29:41.271048,2026-07-17 16:29:41.302548,0 days 00:00:00.031500,-0.8788760274564478,776.7593311025611,-60.34246786575727,3.9728831640582207,0.38736935196964095,780.8974942186604,1.3677712829806747,1.201584680401357,780.1820067723513,0.7937712290181929,,COMPLETE
1738,1.4243122612189996,2026-07-17 16:29:41.302548,2026-07-17 16:29:41.334004,0 days 00:00:00.031456,1.2112517327959997,780.4198423997967,-5.525272454518529,3.499256133029162,1.4643691631726519,777.937625527611,0.9459542733686204,1.1662611155517228,776.8570553852451,2.5959125240524035,,COMPLETE
1739,0.43355357087260094,2026-07-17 16:29:41.334004,2026-07-17 16:29:41.360561,0 days 00:00:00.026557,0.14280497265052244,780.5988437806427,-254.58318817176948,2.233742894713689,0.5180087977851889,777.6023193091805,0.9348202610586065,0.23050287652980048,778.7533471121311,1.9501137554053323,,COMPLETE
1740,0.5990700708319597,2026-07-17 16:29:41.360561,2026-07-17 16:29:41.393611,0 days 00:00:00.033050,-0.014892383742533821,776.3351980140377,-133.73719056588834,0.8119960474597925,0.21603253611973477,783.098839200054,1.582155955561732,1.2125539084063948,777.164816656087,1.1874274195079129,,COMPLETE
1741,1.3747267712483584,2026-07-17 16:29:41.393611,2026-07-17 16:29:41.425834,0 days 00:00:00.032223,1.0387407310908774,779.2461419148952,885.1090918214825,0.11745428943227376,1.1287055653018903,781.4665567731769,0.33113666831926203,0.33525515502048137,776.1129267732704,2.4141312814457683,,COMPLETE
1742,0.29265397994532727,2026-07-17 16:29:41.425834,2026-07-17 16:29:41.461254,0 days 00:00:00.035420,0.47474709955447963,782.2856688942755,-236.49438536025895,1.96925229547439,0.4435084964309428,778.1295797479551,1.2064246996893992,0.5381330169051833,780.9601947145455,2.490843832177078,,COMPLETE
1743,1.394279259280309,2026-07-17 16:29:41.461254,2026-07-17 16:29:41.489685,0 days 00:00:00.028431,1.3935756583199963,776.4038014674361,686.7277743836241,2.3958872169747525,0.3888779829266748,780.4441590879521,0.17022697755598215,0.2837125990574959,779.9639367541494,0.6980386256962834,,COMPLETE
1744,1.640261802860295,2026-07-17 16:29:41.489685,2026-07-17 16:29:41.521990,0 days 00:00:00.032305,1.4051843572171496,778.8451820776992,585.0469090558901,0.34857631757853413,0.4529861204949829,781.4753126144456,0.1797175696541018,1.1232251956726724,777.5202668542063,2.2161378891899557,,COMPLETE
1745,0.1682769782638786,2026-07-17 16:29:41.521990,2026-07-17 16:29:41.555537,0 days 00:00:00.033547,0.6944643191415696,783.0014795075409,-134.05837502291786,2.3797840049049617,0.7571828780901353,778.9826527357019,1.3010082195201784,0.05021981304374096,779.0926409257672,2.312572882818386,,COMPLETE
1746,1.6486516802775233,2026-07-17 16:29:41.555537,2026-07-17 16:29:41.585596,0 days 00:00:00.030059,-0.2999030312195626,779.9193196309257,1107.5994305381348,1.8434761818434007,1.1214203009749941,782.8554826826959,2.9617230654209723,0.9910102458777379,783.7975774082338,2.3807463062157557,,COMPLETE
1747,0.630175674787702,2026-07-17 16:29:41.585596,2026-07-17 16:29:41.609563,0 days 00:00:00.023967,1.012652711117012,783.1715300351002,-58.08949068728231,1.7468234706668861,0.969404233960303,778.0947355507385,2.1048065355104106,0.3396102268160477,779.193499063754,2.874641672369377,,COMPLETE
1748,0.3030122335079198,2026-07-17 16:29:41.609563,2026-07-17 16:29:41.645315,0 days 00:00:00.035752,0.33789108465976503,776.3153244945843,-102.70479720788668,5.927426076730128,0.6650088939981984,779.7627482877735,2.0733824280995523,0.27282652606017954,779.4051084564051,1.2949502762226293,,COMPLETE
1749,0.41862758670593825,2026-07-17 16:29:41.645315,2026-07-17 16:29:41.669926,0 days 00:00:00.024611,1.0702200910470705,783.9534949031959,39.82682285795545,1.8821424523355013,0.6264654470855481,779.9327371066337,1.9446773318108654,0.26183512247049734,777.5186798834983,2.5494156315694934,,COMPLETE
1750,0.14242571698674616,2026-07-17 16:29:41.669926,2026-07-17 16:29:41.704913,0 days 00:00:00.034987,0.10093581794498974,776.6005591178524,-115.05913731536822,7.6755642282776675,0.665196984749191,779.3907845526138,0.6411116701505494,0.5736557694584569,778.7236842495289,2.107400623630524,,COMPLETE
1751,0.4583410454532508,2026-07-17 16:29:41.704913,2026-07-17 16:29:41.739411,0 days 00:00:00.034498,-0.20390467844257815,783.4829779887039,127.46503010129263,6.506316225213002,1.015685395502787,778.5914688064153,1.700755998368642,0.27060376492003246,776.5229957722396,2.458731122889744,,COMPLETE
1752,0.4714211786859099,2026-07-17 16:29:41.739411,2026-07-17 16:29:41.781597,0 days 00:00:00.042186,0.0006897111784069931,783.3332133900905,-294.53955757770024,7.734517668307059,0.4843377499749971,781.6193409242704,0.3776834950043111,0.5284699069479006,776.8469379616042,2.506173070579006,,COMPLETE
1753,0.20273491390381945,2026-07-17 16:29:41.781597,2026-07-17 16:29:41.825879,0 days 00:00:00.044282,0.5135930311796923,783.8307581127598,108.11029315996107,7.506221636708732,0.5448568776846148,779.0897364473187,0.9241601778127692,0.030962879334650036,780.6768598609433,2.16969066564345,,COMPLETE
1754,0.4571845153082339,2026-07-17 16:29:41.825879,2026-07-17 16:29:41.861122,0 days 00:00:00.035243,-0.28460045328044525,776.1397033531292,1.9553787725230194,0.6484940395424936,0.678165532322498,781.5819585556561,2.1307784574047517,1.4406145278956979,779.5683060547011,1.3496389541504135,,COMPLETE
1755,0.2762916066333315,2026-07-17 16:29:41.861122,2026-07-17 16:29:41.904656,0 days 00:00:00.043534,0.2218381851893919,782.8341688999396,-49.641488103865925,6.8799993688320376,0.6862610566008845,780.4389502553275,0.9331711350677366,0.0356567581231811,778.5896838957168,2.806139887147645,,COMPLETE
1756,1.131134443968202,2026-07-17 16:29:41.904656,2026-07-17 16:29:41.940168,0 days 00:00:00.035512,1.0605917326415897,776.4642782037589,114.98360335181718,0.16131420405875938,1.17016694302776,779.1669830682432,0.7566169465877949,0.24574345076385984,779.2946714410142,1.2367877581005113,,COMPLETE
1757,0.7487187846043896,2026-07-17 16:29:41.940168,2026-07-17 16:29:41.972983,0 days 00:00:00.032815,-0.6583744647434547,777.7221355449084,-306.59597361103965,1.0241998803843448,0.3055702485822135,782.1703512675784,2.00683509838122,1.4090839087728653,780.5796607385425,0.7896758788765406,,COMPLETE
1758,0.7139055087421522,2026-07-17 16:29:41.972983,2026-07-17 16:29:42.001660,0 days 00:00:00.028677,1.1809530913448956,780.0411357792957,-128.44189816382323,1.2269328186254533,0.841320162727794,779.8125395270802,1.0172042399893138,0.22848826529014746,780.1007713105458,2.739106445786763,,COMPLETE
1759,0.21507843733473656,2026-07-17 16:29:42.001660,2026-07-17 16:29:42.026799,0 days 00:00:00.025139,-0.5737925755412671,777.4304657491917,244.7919601035301,4.26874511508973,0.48961100371596084,782.4809154980386,1.8862293308878857,1.2231935139324628,779.7665518442884,1.0533040915648428,,COMPLETE
1760,0.12488585476728724,2026-07-17 16:29:42.026799,2026-07-17 16:29:42.060012,0 days 00:00:00.033213,0.09055317074049547,783.6012385312558,-106.70822643750155,3.767341697439683,0.8040022814901299,779.3277649275667,0.6877041897284382,0.3289265070300481,778.2897288016993,2.758167144025461,,COMPLETE
1761,0.44767789672651226,2026-07-17 16:29:42.060012,2026-07-17 16:29:42.095636,0 days 00:00:00.035624,-1.2164529114837621,783.6781708031788,516.0414265814491,6.141554840072158,0.761657439682904,782.5236627456782,2.0789589788964062,0.13461382073162237,781.5603182145081,2.944736870129323,,COMPLETE
1762,0.36940651643979483,2026-07-17 16:29:42.095636,2026-07-17 16:29:42.129111,0 days 00:00:00.033475,0.3663286349033611,779.958217267966,-250.45624614385034,1.3597686789671446,1.002559275973184,778.3865672685394,1.1301004560823569,0.4014412182656015,778.8690781238694,2.5953209688206273,,COMPLETE
1763,0.5726473108337583,2026-07-17 16:29:42.129111,2026-07-17 16:29:42.151825,0 days 00:00:00.022714,-1.2111760415424895,782.7663572744524,70.26012148649055,3.4911951287573713,0.5272766309534956,780.2813948638612,0.2164200234130867,0.3962124914021834,778.3077399650865,1.8375846966881748,,COMPLETE
1764,1.510093273966109,2026-07-17 16:29:42.151825,2026-07-17 16:29:42.186411,0 days 00:00:00.034586,1.4534458063075475,778.790394382615,541.2111541896769,0.3452739731156997,0.8823720162235594,776.8487430945808,2.3762122459266752,0.8274746965722025,779.8358695295697,0.1376797605892821,,COMPLETE
1765,0.2881598808364278,2026-07-17 16:29:42.186411,2026-07-17 16:29:42.218565,0 days 00:00:00.032154,0.5034859696077865,783.1465651288257,-290.90518518512476,1.927005120387036,0.6706293665040781,779.7604514422334,1.0651395523872924,0.06221857525804704,777.4339660025163,2.7164538200762096,,COMPLETE
1766,0.25634808952653393,2026-07-17 16:29:42.218565,2026-07-17 16:29:42.254291,0 days 00:00:00.035726,0.29518835701177865,782.4085025756631,-183.45580988241682,1.075918982931312,0.7823995012258594,780.5368992119917,1.0196380872635689,0.2543972923896723,778.6179323067985,1.3946211582038976,,COMPLETE
1767,0.27810941034783565,2026-07-17 16:29:42.254291,2026-07-17 16:29:42.288929,0 days 00:00:00.034638,0.6070067229055203,783.8506219843347,-237.50142593314692,3.2252604514802394,0.9473288059850997,779.6996501682044,0.8772574544615945,0.7145166486143553,776.7989282217134,2.754818824847078,,COMPLETE
1768,0.09802857392098943,2026-07-17 16:29:42.288929,2026-07-17 16:29:42.321036,0 days 00:00:00.032107,0.4636169045371603,782.8894373206966,-235.80485377503877,4.77418566098676,0.6945274264137252,779.3138364961868,1.1748736465223435,0.15133773076116103,778.9297614241889,2.556223302702211,,COMPLETE
1769,0.4502752464619186,2026-07-17 16:29:42.321036,2026-07-17 16:29:42.354283,0 days 00:00:00.033247,0.4099114499912908,783.8691490739101,-244.77616620615385,2.8183038114246712,0.8723489549457741,778.7115613681998,2.019904591290256,0.5018564213891507,777.615189866813,2.9500422492596923,,COMPLETE
1770,0.33149114975044097,2026-07-17 16:29:42.354283,2026-07-17 16:29:42.385494,0 days 00:00:00.031211,0.20586624878962934,783.5084560904571,375.3541622080579,1.7826946083781354,0.6787512993785059,778.8519745800127,1.0390119955266983,0.1348563693852258,776.5060177449263,2.8603935527085182,,COMPLETE
1771,0.5760205925181404,2026-07-17 16:29:42.385494,2026-07-17 16:29:42.417682,0 days 00:00:00.032188,-0.07002057209981663,782.4907216579526,-149.00270453319354,0.6961714001472286,0.26915216174389023,780.1789357639019,0.47316443572726774,0.9450197116945067,776.7575725576191,0.44323025351419676,,COMPLETE
1772,1000.0054751150734,2026-07-17 16:29:42.417682,2026-07-17 16:29:42.449048,0 days 00:00:00.031366,0.08301405606097112,782.7823084388457,1040.3679860398229,2.798448828104364,1.435666665848976,782.8512417163217,0.10788251401276971,1.0352369623153355,782.7944951254012,0.20543324884681335,,COMPLETE
1773,0.39464068032401933,2026-07-17 16:29:42.449048,2026-07-17 16:29:42.479764,0 days 00:00:00.030716,0.9617589107089182,782.5722770578064,8.40868858598462,2.5506311537671946,0.706868703189284,778.3508548348556,0.5486746866056957,0.2247562398489667,777.2741814270648,2.9659757794859503,,COMPLETE
1774,0.5074950426050708,2026-07-17 16:29:42.479764,2026-07-17 16:29:42.509630,0 days 00:00:00.029866,-0.2658752187498147,783.9567048360585,-275.18422371980625,2.6437632859995737,0.5498550141796832,778.3989748402163,0.5354585438159133,0.2723535263862585,777.6849130715158,2.6206289895666814,,COMPLETE
1775,0.22826659761222104,2026-07-17 16:29:42.509630,2026-07-17 16:29:42.539984,0 days 00:00:00.030354,0.3457059154168742,781.0129802749889,-152.22481142489374,2.4114781466065724,0.7316745772219735,779.3006099919493,1.9506798775487078,0.14678678372315657,778.4580608914397,2.8880684803510097,,COMPLETE
1776,0.3409232874438668,2026-07-17 16:29:42.539984,2026-07-17 16:29:42.571065,0 days 00:00:00.031081,-0.1850896156757572,783.4883666288498,58.665910863616006,2.388922431843643,0.8650338982021587,778.4822202663837,1.2585425919946778,0.4418594790030824,781.9123545970359,2.994019437431912,,COMPLETE
1777,0.5737839578759706,2026-07-17 16:29:42.571065,2026-07-17 16:29:42.600624,0 days 00:00:00.029559,-0.6379360692812975,783.3492728265824,-123.49112974881072,3.0022996193123173,1.144304558023443,778.239682145394,0.5529178478271689,0.40546346759348983,776.8977485142137,2.548695355886236,,COMPLETE
1778,1.0102232069243353,2026-07-17 16:29:42.600624,2026-07-17 16:29:42.632139,0 days 00:00:00.031515,-0.6197485129135761,777.6931994567941,811.4673122403883,0.5897117754658647,0.13748978975846982,782.3154385439292,2.22495394268154,1.4838077155901241,781.3184751260032,2.9268111960130545,,COMPLETE
1779,0.17358094093308796,2026-07-17 16:29:42.632139,2026-07-17 16:29:42.661606,0 days 00:00:00.029467,-0.13612201933845958,783.4417703607792,-137.98022078062758,2.741266378362649,0.7980514726350872,779.6620248613015,1.3270967798204576,0.43947417013615814,777.2562466295874,2.754423451303305,,COMPLETE
1780,0.8865075839921129,2026-07-17 16:29:42.661606,2026-07-17 16:29:42.689067,0 days 00:00:00.027461,0.9740834820405966,776.9019053894299,-54.74941503252148,1.9483512612903653,0.5672326292590589,781.9286903589509,1.674418721771082,0.5625323113865437,778.8524567713541,1.1582352996070568,,COMPLETE
1781,1.0808826921657988,2026-07-17 16:29:42.689067,2026-07-17 16:29:42.717337,0 days 00:00:00.028270,-0.24529616024476075,777.3869580235889,240.88773775405082,0.1882224988227282,0.7905550732223788,782.8237859563671,1.5310321234980697,1.2849562001977635,783.4170415674047,2.77747495650903,,COMPLETE
1782,1.084600678903376,2026-07-17 16:29:42.717337,2026-07-17 16:29:42.749246,0 days 00:00:00.031909,0.3752231908689114,776.2745935861399,364.2628089402524,1.1335428323036598,0.5283262618517365,781.608151805523,1.963501042392979,1.2968955753943638,776.9418610284988,1.493973140014361,,COMPLETE
1783,0.23676014480186922,2026-07-17 16:29:42.749246,2026-07-17 16:29:42.781372,0 days 00:00:00.032126,-0.05816517935447246,781.2902285991163,-234.11315753169058,4.372572887334764,0.7617702624595071,779.1383494815635,0.7775611859674534,0.3316997313336198,778.144628181893,2.8890217403448397,,COMPLETE
1784,0.15281941540456578,2026-07-17 16:29:42.781372,2026-07-17 16:29:42.801213,0 days 00:00:00.019841,0.32309550188597924,783.9519588334641,72.4116813603938,1.867105582136957,0.7170998343186861,779.8622984257112,1.082028304160529,0.25211201484458545,777.1293556762092,1.9369645122479526,,COMPLETE
1785,0.3792791835392861,2026-07-17 16:29:42.801213,2026-07-17 16:29:42.833359,0 days 00:00:00.032146,0.2702184510032305,783.9313739740344,-296.8669142554531,5.173912319652262,0.26866284252064154,779.3234809075587,1.797078010553333,0.15114056421639627,777.6431618307744,2.655407606354289,,COMPLETE
1786,0.5075743325654795,2026-07-17 16:29:42.833359,2026-07-17 16:29:42.865184,0 days 00:00:00.031825,0.8364521789460594,783.4030186365127,71.15100749776678,7.587691485504419,0.9174741571870751,780.7085170891602,0.9946624587219022,0.10177161499721596,779.3708769087428,2.2539892623242723,,COMPLETE
1787,0.46995447704076027,2026-07-17 16:29:42.865184,2026-07-17 16:29:42.899209,0 days 00:00:00.034025,-0.3253389039198656,780.1516006212971,101.91050102832364,5.6660466709336434,1.1022192031541511,781.09765484148,0.8226677847554268,0.02214221535587773,778.5644340100827,2.6383308470757094,,COMPLETE
1788,0.32276597320358696,2026-07-17 16:29:42.899209,2026-07-17 16:29:42.931717,0 days 00:00:00.032508,0.5891256140019457,781.1943829722957,192.7975652124525,3.829697299446007,0.6009190790244158,779.3000339244365,0.693596348137572,0.1866963662750773,780.032115399182,1.9510072216069254,,COMPLETE
1789,0.16501280704957255,2026-07-17 16:29:42.931717,2026-07-17 16:29:42.969489,0 days 00:00:00.037772,0.4964236320551519,780.8336219372466,-270.1566294266114,4.571818107065096,0.5418804628509162,779.1943761917555,1.0704095818718222,0.2928524586075822,778.0464920567064,1.7347037986099771,,COMPLETE
1790,0.13712261023391784,2026-07-17 16:29:42.969489,2026-07-17 16:29:42.986711,0 days 00:00:00.017222,-0.38954591433649094,783.2111545547867,-238.3615431737653,6.715421334687011,1.040617368940255,779.8716885837525,2.064999042467892,0.0727221136115418,779.5373869369936,2.1822588718764795,,COMPLETE
1791,0.7455756101648183,2026-07-17 16:29:42.986711,2026-07-17 16:29:43.021541,0 days 00:00:00.034830,-0.4436560205742923,776.7462277325646,1018.8135632778392,0.530864550573931,1.4940699090599059,781.1817334314128,0.921672528799762,0.045881306650152553,779.0122702007952,1.1107937496040865,,COMPLETE
1792,0.7042332320017508,2026-07-17 16:29:43.021541,2026-07-17 16:29:43.063594,0 days 00:00:00.042053,0.9025882242332071,782.9754134967072,-281.82888903503397,0.4452414215790646,0.3777637831174273,777.6352652412572,2.3234072193665125,1.2633577637435387,776.4333762198406,1.4483797812892494,,COMPLETE
1793,0.11865786847170291,2026-07-17 16:29:43.063594,2026-07-17 16:29:43.087443,0 days 00:00:00.023849,0.16188995764066666,782.9205887240975,-160.76856831238075,2.3677909099276997,0.773368808526625,779.1738307118063,1.1907712687911922,0.3154376131726636,778.9504073461537,2.771782853120285,,COMPLETE
1794,0.40764725212714403,2026-07-17 16:29:43.087443,2026-07-17 16:29:43.119718,0 days 00:00:00.032275,-0.767986717289838,783.1576670633393,447.46509377782127,0.10970513950956254,0.023308912148973016,783.2057832578652,0.9828113595000293,0.7576313617576705,780.90003693475,0.9793380082172635,,COMPLETE
1795,0.3514130780887916,2026-07-17 16:29:43.119718,2026-07-17 16:29:43.167125,0 days 00:00:00.047407,0.5921292116747404,783.7627168053344,-283.319529396601,3.0422807619356456,1.0073978454616648,780.5658680813114,1.3467731981550854,0.0676701972647101,780.9025926422704,2.754521834548383,,COMPLETE
1796,1.8055749656968398,2026-07-17 16:29:43.167125,2026-07-17 16:29:43.224076,0 days 00:00:00.056951,0.6180862724347558,778.5088195205137,1093.5833556251762,0.13967597974860035,1.0529632488795495,782.935497258619,2.7456547561282374,0.2186388239364534,781.6226220727387,1.8521877676428382,,COMPLETE
1797,0.27468688350328513,2026-07-17 16:29:43.224076,2026-07-17 16:29:43.271527,0 days 00:00:00.047451,-0.5092584434909109,776.5736227667152,163.89367197087353,0.5697650270902463,0.07204043368633295,781.644945565928,1.260095457514794,1.1479421435798938,780.455954466616,1.7359827295752939,,COMPLETE
1798,0.4607101557939781,2026-07-17 16:29:43.271527,2026-07-17 16:29:43.310260,0 days 00:00:00.038733,0.23623508685181022,783.3407106187512,110.88877144108307,1.8791918524714233,0.6929985585601738,776.9573541929327,0.6852659344635871,0.28876589967354627,778.5008314170136,2.538002296252822,,COMPLETE
1799,0.6511719101347417,2026-07-17 16:29:43.310260,2026-07-17 16:29:43.350929,0 days 00:00:00.040669,0.4848411293973428,782.9439432074186,-257.8360579667023,2.6162795592753874,0.9241559934478637,782.5352586098028,1.1718587514241912,0.04594859585950943,778.1816165421095,2.0929894228478725,,COMPLETE
1800,1000.0061211477994,2026-07-17 16:29:43.353102,2026-07-17 16:29:43.410831,0 days 00:00:00.057729,0.8147744709100562,782.1778918779112,-215.87923570585912,2.91901775417553,0.8337409493285091,778.8902810045146,1.060857449081874,0.5945975801287541,778.8386380721292,2.742455294373347,,COMPLETE
1801,0.48133875719523983,2026-07-17 16:29:43.410831,2026-07-17 16:29:43.464249,0 days 00:00:00.053418,0.30832047989843764,783.0344761675203,56.678726723889,5.865199040576711,1.2641994136029506,781.0280658868072,0.5113526615822288,0.28954904886505906,778.0665919392762,2.975910022810477,,COMPLETE
1802,1000.01120491716,2026-07-17 16:29:43.465250,2026-07-17 16:29:43.498738,0 days 00:00:00.033488,-0.30675182698705783,783.5770023171034,226.4741544742914,6.869275750148131,0.5441975084705973,777.9083663529253,0.26086557621289036,0.21479626762194481,777.9198475073622,1.9023520340436952,,COMPLETE
1803,1000.0097608272546,2026-07-17 16:29:43.498738,2026-07-17 16:29:43.536697,0 days 00:00:00.037959,-0.3773044467193013,783.1241121770773,-25.944489895362636,2.1053951847049843,0.6622894477703801,778.8493858164327,0.7874549291135354,0.824496378729014,778.826496351744,2.57226182021972,,COMPLETE
1804,0.14125115811143152,2026-07-17 16:29:43.536697,2026-07-17 16:29:43.574443,0 days 00:00:00.037746,0.28863977094745374,783.072286509321,20.130215512632677,1.1828738111288652,1.0134600829719114,779.233651975843,0.7492147303103498,0.14465822468834139,780.0051977645765,2.8842984678159294,,COMPLETE
1805,0.6798501076953353,2026-07-17 16:29:43.575444,2026-07-17 16:29:43.610949,0 days 00:00:00.035505,0.7356497133841307,781.0925681019347,-14.66602077648605,0.1229980120677674,0.7451257078403383,781.5103460487552,0.17738519011423826,0.10584620227558805,782.0528730869821,0.5351580270384018,,COMPLETE
1806,0.14096575337712616,2026-07-17 16:29:43.611948,2026-07-17 16:29:43.644439,0 days 00:00:00.032491,0.09860168459898633,783.6682458454856,-120.66120507103938,7.312080137074016,0.7648989821162909,779.466343196056,1.37950044679685,0.23836904144877016,776.2920446107606,1.9065507563581185,,COMPLETE
1807,0.5873290834013939,2026-07-17 16:29:43.644439,2026-07-17 16:29:43.677188,0 days 00:00:00.032749,-0.9674117570736738,783.458698080366,973.2552812453196,0.3498797334357411,0.2921995027383293,782.8568212592667,0.8498516507460272,0.12138108405959847,782.5036313383171,1.5781304892168038,,COMPLETE
1808,0.15660314436770204,2026-07-17 16:29:43.677188,2026-07-17 16:29:43.715273,0 days 00:00:00.038085,-0.18425038132767455,783.4596986061954,4.114591429979669,6.729736792993655,0.7905111353366275,780.1450505675233,1.0989588302724298,0.348365908706726,779.0631200173423,2.432513466928272,,COMPLETE
1809,0.07771546978579875,2026-07-17 16:29:43.715273,2026-07-17 16:29:43.747635,0 days 00:00:00.032362,0.3820332197346364,782.2157587681163,-266.0101906793373,3.969141873616012,0.7623526616496484,779.5027270392815,1.3503128698798472,0.1610367149558353,779.2412670863436,1.4767759171049215,,COMPLETE
1810,1.0658670087132334,2026-07-17 16:29:43.747635,2026-07-17 16:29:43.790936,0 days 00:00:00.043301,-0.6875542289155281,782.7431219169215,1229.5719416541651,0.28572637352942964,0.5375979024592111,779.8183980691389,2.5326647342345336,0.21605304668419634,779.5234780735834,2.7755883606357363,,COMPLETE
1811,0.7717323543809862,2026-07-17 16:29:43.790936,2026-07-17 16:29:43.827078,0 days 00:00:00.036142,0.22336208501870305,781.8979390659728,1029.0348931606482,0.17101369169365752,0.34179807088282976,780.6258202581846,0.24725597879925876,0.6867831392018278,777.8567559531899,0.5174715282839442,,COMPLETE
1812,0.44497442487678446,2026-07-17 16:29:43.827078,2026-07-17 16:29:43.858174,0 days 00:00:00.031096,-0.29129495361549923,777.8487317317002,386.48642937962035,0.5123568270290579,1.2084714634545932,782.9762639264065,0.2024776848081855,0.3981738428590893,779.7755690633454,2.9800524730009768,,COMPLETE
1813,0.16137099653635326,2026-07-17 16:29:43.858174,2026-07-17 16:29:43.892172,0 days 00:00:00.033998,-0.01225986896057088,782.8715603706637,-128.19249384185136,1.2895429559979505,0.8230869500216602,780.1324268293185,1.0223260838746622,0.35575178634994126,779.352943485508,2.503044392500899,,COMPLETE
1814,0.28167740529324137,2026-07-17 16:29:43.892172,2026-07-17 16:29:43.924626,0 days 00:00:00.032454,0.7884348420435652,782.5426922176604,-202.72679576351436,1.8032919959765945,0.3658981902114556,780.1472092545483,1.27676211930697,0.3285778793894136,779.8263194282501,1.6330501923303302,,COMPLETE
1815,0.8913997450169229,2026-07-17 16:29:43.924626,2026-07-17 16:29:43.969620,0 days 00:00:00.044994,-1.3359947669219499,778.6894888769722,103.16966515296298,0.5212292640520778,1.0887423530816018,782.7661106483358,0.45653892439075294,0.9531543369402662,777.7544764605443,2.898976791014596,,COMPLETE
1816,0.18015546035356778,2026-07-17 16:29:43.969620,2026-07-17 16:29:43.992833,0 days 00:00:00.023213,-0.2852792310872221,779.2180492672397,-12.908677788689388,3.6279939481621994,0.41436909382408427,779.3202404271833,1.4811400177368768,0.7602998373403459,779.5795464113558,2.126403466510754,,COMPLETE
1817,0.12582859301999794,2026-07-17 16:29:43.992833,2026-07-17 16:29:44.022007,0 days 00:00:00.029174,0.46705168661310087,782.5067831292466,-257.09208972874296,2.41420312622784,0.9267815386146435,779.7591738990928,1.0659698776899105,0.3575768860678731,777.8085918895291,2.9874722624748933,,COMPLETE
1818,0.2094317985364174,2026-07-17 16:29:44.022007,2026-07-17 16:29:44.057599,0 days 00:00:00.035592,-0.05966012955420516,782.8963834087928,-146.23131441106435,1.507705100699176,0.726025088589114,779.3380371381934,1.0779123937757746,0.5628132132450054,782.3106029712127,2.079854070803271,,COMPLETE
1819,0.2773292792638344,2026-07-17 16:29:44.057599,2026-07-17 16:29:44.094009,0 days 00:00:00.036410,0.6742758903478394,780.9497909860595,-250.9201178927561,5.268828978151343,0.8813482983163871,780.1415344532926,1.5971826709256365,0.18383103082222002,779.4288866622269,0.24856581985911497,,COMPLETE
1820,0.07301309589447949,2026-07-17 16:29:44.094009,2026-07-17 16:29:44.124636,0 days 00:00:00.030627,0.03557449702824937,782.869672072378,-176.74876085210073,4.539377317488358,1.0141987306890947,779.6193374906788,1.4570902576060538,0.049360232521758904,778.4866583301322,2.770868569342122,,COMPLETE
1821,0.34767504413175965,2026-07-17 16:29:44.124636,2026-07-17 16:29:44.157125,0 days 00:00:00.032489,-0.03857916188435201,780.3250647257294,-195.70106326885255,0.7334215242314076,0.8541822654829796,780.4700582538583,0.3586751918603267,0.5341364918627145,777.0902834481263,2.7542947436993104,,COMPLETE
1822,0.3644473270392718,2026-07-17 16:29:44.157125,2026-07-17 16:29:44.194625,0 days 00:00:00.037500,0.06705801537771336,783.7027225876166,-204.7889093146551,3.6360857406688503,0.6816976286663093,781.323206087429,0.5023232384214857,0.4004102130946451,778.6887339693797,2.9350044463892875,,COMPLETE
1823,0.1568497938733144,2026-07-17 16:29:44.194625,2026-07-17 16:29:44.224101,0 days 00:00:00.029476,0.2853673493466134,783.126200712989,-226.42269925659224,1.319091275668579,1.2400136987645227,779.5912497260501,0.7918708242497728,0.2351469855561713,776.9659238805802,2.2465346259015524,,COMPLETE
1824,0.35244211799682695,2026-07-17 16:29:44.224101,2026-07-17 16:29:44.262421,0 days 00:00:00.038320,-0.009686561753477568,781.7769218153222,-193.95758991394257,4.685398849139811,0.9714277808366427,778.2663915230992,1.5000683317122632,0.1407734734078119,778.4213042475088,2.696946363919139,,COMPLETE
1825,1.3814646784437958,2026-07-17 16:29:44.262421,2026-07-17 16:29:44.306480,0 days 00:00:00.044059,-1.2998968285719017,776.3456144256769,-248.6600485383217,0.11533312832295757,1.4672307161983322,782.8804723523849,1.1371990205328997,1.086305785805909,776.3244918102489,1.449712572357672,,COMPLETE
1826,0.76187189169628,2026-07-17 16:29:44.306480,2026-07-17 16:29:44.321984,0 days 00:00:00.015504,1.0563983365783396,781.4874930193668,-83.55520500147395,5.199668522235308,0.3896884695190985,783.1464887657842,2.461292407526333,1.199671955445697,778.1500497907773,1.3714218963480527,,COMPLETE
1827,0.6780366090760084,2026-07-17 16:29:44.321984,2026-07-17 16:29:44.361089,0 days 00:00:00.039105,0.5396652118521528,781.7690875321678,126.99118749018822,2.2790774424920035,0.8066430433028742,780.9354638849375,1.4949885762840038,0.5260474112238603,777.4974049728557,2.9210861723423687,,COMPLETE
1828,1000.0111485279483,2026-07-17 16:29:44.361089,2026-07-17 16:29:44.395835,0 days 00:00:00.034746,0.5564565190032518,781.4877218074278,-257.0235265836323,2.2988479924105936,0.6898034185928213,779.3330527504869,1.9395980681704408,0.3057486353372507,779.3449793796951,1.558621789685409,,COMPLETE
1829,1000.009579169975,2026-07-17 16:29:44.395835,2026-07-17 16:29:44.425012,0 days 00:00:00.029177,0.21695399798456533,783.62339066078,1068.401029665496,6.385790271346862,0.8640514903496657,777.9694461590645,0.45025184924144157,1.354837276871468,777.9451216018675,2.4038594922913394,,COMPLETE
1830,0.17897872644022889,2026-07-17 16:29:44.425012,2026-07-17 16:29:44.458474,0 days 00:00:00.033462,0.011542355591891096,780.7229404057246,-252.2109352732516,4.107269074801282,0.919310474558495,779.4925320492945,1.1214310575734223,0.12071397107287012,779.8331210311128,1.9236974831462739,,COMPLETE
1831,0.26346726644645624,2026-07-17 16:29:44.458474,2026-07-17 16:29:44.497919,0 days 00:00:00.039445,0.28235682438723303,781.4566416781447,-91.08785560209736,1.8581393249897655,0.8954514667997301,779.8059781092445,0.15746343931412676,0.41114971217234375,778.2899378503824,2.9524697079886613,,COMPLETE
1832,0.6342284357567449,2026-07-17 16:29:44.497919,2026-07-17 16:29:44.524443,0 days 00:00:00.026524,0.15329455203154546,781.6277228521119,-47.58335882606869,3.458416453451235,0.780527298794456,777.5926367752525,1.3391952772123883,0.6813230286021523,776.596284388886,2.791267112004344,,COMPLETE
1833,1.012876464869295,2026-07-17 16:29:44.524443,2026-07-17 16:29:44.559227,0 days 00:00:00.034784,0.2716141103091145,781.3219492565609,752.1962820291566,0.3339608386614389,1.4259173441815292,781.3621194315335,0.9663719791976754,0.0022941026311270596,778.06554609713,2.709852002823906,,COMPLETE
1834,0.5753414378300258,2026-07-17 16:29:44.559227,2026-07-17 16:29:44.591865,0 days 00:00:00.032638,1.2974608163889847,781.4507186878647,-151.3067277491299,7.038119017395537,0.7392680832225315,780.3083352686563,1.121410463436332,0.24837480251306332,778.7390275551093,2.7598081976113034,,COMPLETE
1835,0.134376863959517,2026-07-17 16:29:44.591865,2026-07-17 16:29:44.623244,0 days 00:00:00.031379,-0.0432459369290516,779.6730649386234,-70.82837377319757,3.2687159675685553,1.192434565193091,779.4240902115152,1.0063741907855568,0.1817506283006342,776.3822154375866,2.7288827526084223,,COMPLETE
1836,0.4589147565629168,2026-07-17 16:29:44.623244,2026-07-17 16:29:44.648362,0 days 00:00:00.025118,1.2158898301952692,782.6945257877762,-176.5169645584786,1.5402067307464635,0.6595079690492245,779.8534018693241,2.583939554203913,0.15463397057523387,779.3869701912411,0.30783034528961983,,COMPLETE
1837,0.37150890678776677,2026-07-17 16:29:44.648362,2026-07-17 16:29:44.677082,0 days 00:00:00.028720,0.39624955995831823,781.2114886215527,-112.64335095828702,3.5709937496155844,0.7972476839815771,781.2964551239752,1.237423861806425,0.3559133090681021,778.8949540815278,1.2541079873404148,,COMPLETE
1838,0.6358174708358543,2026-07-17 16:29:44.677082,2026-07-17 16:29:44.713728,0 days 00:00:00.036646,0.4905276565132985,782.6507751818162,-233.6061016145669,1.2675505311059798,0.8797455362677125,782.2510085752774,1.249977060208141,0.08376986566349193,778.553411074151,2.984792930116128,,COMPLETE
1839,0.4682208252237343,2026-07-17 16:29:44.713728,2026-07-17 16:29:44.741052,0 days 00:00:00.027324,0.5226527584643519,783.8915936044782,-297.7695842148566,1.1923112368775208,0.6654170130642063,777.4398423675052,1.815081796037314,0.11247991306228272,776.3249149048567,1.783431806345734,,COMPLETE
1840,2.149109303643158,2026-07-17 16:29:44.741052,2026-07-17 16:29:44.773845,0 days 00:00:00.032793,1.0871287984602995,776.369805415104,733.8942977316068,2.432569013501729,1.4274556038619377,780.1161781070475,2.631361282931155,0.6391764481793916,778.8666168959306,0.20030140588773748,,COMPLETE
1841,0.10551127616251521,2026-07-17 16:29:44.773845,2026-07-17 16:29:44.805277,0 days 00:00:00.031432,0.20128876606249227,782.5750211935011,-225.1183466258838,6.151075858465535,0.899033063857998,779.7909517892838,1.3824183731599842,0.04994469731078649,778.5640967873176,2.4067823989511776,,COMPLETE
1842,0.13995431221953666,2026-07-17 16:29:44.805277,2026-07-17 16:29:44.839113,0 days 00:00:00.033836,0.3312687988838764,782.3415882662521,-189.61343871702093,3.2895661009574084,0.9518535961737,779.6446058297955,0.7175572781502069,0.4470311365381557,776.948879803406,2.952631147526592,,COMPLETE
1843,1.644757800015364,2026-07-17 16:29:44.839113,2026-07-17 16:29:44.870593,0 days 00:00:00.031480,0.64380460294225,783.6317799017361,1130.8159952608748,0.306920733081039,0.7725101889202199,781.2224705765914,1.3209328020987796,1.3942061880433598,783.2930700121741,1.6126228312699775,,COMPLETE
1844,0.15494651212150468,2026-07-17 16:29:44.870593,2026-07-17 16:29:44.902544,0 days 00:00:00.031951,0.8484341290414572,783.6270418899317,-178.2311874039557,5.793296455854413,0.7786616015892884,779.1874618451226,0.7749863708270968,0.1616757509891428,778.7180279748119,2.4919831561480175,,COMPLETE
1845,0.6851883803393435,2026-07-17 16:29:44.902544,2026-07-17 16:29:44.934455,0 days 00:00:00.031911,-0.6952941057266212,778.9218965520718,654.5360954670807,0.24282691365741033,0.7112746919702178,776.9707172106938,0.22010392902203435,1.00499815506956,778.6584000804401,1.6790591232462155,,COMPLETE
1846,0.5340298869511656,2026-07-17 16:29:44.934455,2026-07-17 16:29:44.966379,0 days 00:00:00.031924,0.960736411369864,782.8333301141425,-179.20986421364742,5.3010752001367,0.7823754601350755,777.7943279212545,1.4124442482603792,0.37588364368161176,777.6783621636876,1.6036896976761184,,COMPLETE
1847,0.4953769840431006,2026-07-17 16:29:44.966379,2026-07-17 16:29:45.000252,0 days 00:00:00.033873,-0.1639570309796038,781.4366560029993,84.82344485827522,4.256547623304117,1.0476713672650002,781.5680339205275,1.8816399443061675,0.031181113501097486,777.8474158496041,2.901348273117734,,COMPLETE
1848,0.26780112313904053,2026-07-17 16:29:45.000252,2026-07-17 16:29:45.030245,0 days 00:00:00.029993,0.5282768379044448,783.4442865100275,18.42063803138911,3.8352474205044444,0.7683770097382203,779.4652869854873,1.1657509125240948,0.2496397050619783,778.5510628903536,2.944185217024652,,COMPLETE
1849,0.3266779364938386,2026-07-17 16:29:45.030245,2026-07-17 16:29:45.065702,0 days 00:00:00.035457,0.7510395916130248,782.5641024243971,-36.37292984517529,7.396805863914616,0.32841752067509,778.4879410734836,0.48458895874558083,0.26098772545453836,776.9285788618063,2.3308136059994817,,COMPLETE
1850,0.5284087019711334,2026-07-17 16:29:45.065702,2026-07-17 16:29:45.098756,0 days 00:00:00.033054,0.558944828386285,783.1126203378195,46.794004901667506,4.7411143375683835,0.6034158608038108,779.0410992144132,1.2600032566632422,0.6363433128809843,777.5615869849031,2.658453073261928,,COMPLETE
1851,0.36623662181597644,2026-07-17 16:29:45.098756,2026-07-17 16:29:45.125651,0 days 00:00:00.026895,-0.1859688625083647,782.1733394214,-271.12300079104716,0.8935879496096771,1.0149632770365888,780.9892612351597,1.2514945950690688,0.7151419491590878,777.5679520230375,2.9848448196039947,,COMPLETE
1852,0.1783186363481732,2026-07-17 16:29:45.125651,2026-07-17 16:29:45.160823,0 days 00:00:00.035172,-0.5070825326991399,783.5268762372878,-81.39773821832298,5.776944031838111,0.9653536703884518,780.1892632617997,2.12578049567002,0.03865089287872619,783.2132270079086,2.8626104002197215,,COMPLETE
1853,0.16605201624298394,2026-07-17 16:29:45.160823,2026-07-17 16:29:45.190779,0 days 00:00:00.029956,0.3781643086150155,782.6771836522157,-167.5497551881721,3.863288102949711,1.188816164766174,779.5896780138329,1.360263681042555,0.010965498186886781,778.8755533894648,2.5491901153171304,,COMPLETE
1854,0.22982752119392766,2026-07-17 16:29:45.190779,2026-07-17 16:29:45.245177,0 days 00:00:00.054398,-0.3417779175723854,782.7265349159677,-306.8996111633494,6.574376578459911,1.1244655925894176,780.4788813732902,1.3313883367175816,0.5658612068510928,777.4237100602744,2.6293445673173754,,COMPLETE
1855,0.21407685994731668,2026-07-17 16:29:45.245177,2026-07-17 16:29:45.278112,0 days 00:00:00.032935,0.19397214146614855,781.9592327363486,-192.658118347196,2.957212628618693,0.9972296060896215,780.3123900801102,0.8373033705484413,0.359524037268678,777.7463413170839,2.226698775247635,,COMPLETE
1856,0.4896625737841668,2026-07-17 16:29:45.278112,2026-07-17 16:29:45.314172,0 days 00:00:00.036060,0.024495714774437044,781.9100835882558,-221.0922358434634,4.433248783167002,0.18625609577075153,779.7468457349228,1.0052199741239667,0.11894445952581917,777.8454799212917,2.253754919873608,,COMPLETE
1857,1.0587063544099597,2026-07-17 16:29:45.314172,2026-07-17 16:29:45.354649,0 days 00:00:00.040477,1.4967206880926283,782.1882686073758,305.98690817391014,0.9418524274951547,0.5410770431899318,780.3079831004886,1.2456433193428915,1.0553423088836955,779.5278301211546,1.6318811962639819,,COMPLETE
1858,0.5916594791404094,2026-07-17 16:29:45.354649,2026-07-17 16:29:45.392850,0 days 00:00:00.038201,-0.2775295077909633,778.9456327663247,518.7619454783454,0.1647099459817923,0.8832610071113067,777.5927098513307,1.5012714138032148,0.0669939111585216,783.8385559786454,1.49275890582702,,COMPLETE
1859,0.3942172217254164,2026-07-17 16:29:45.392850,2026-07-17 16:29:45.429331,0 days 00:00:00.036481,0.7387025367594214,781.6470313287305,-259.637014214036,5.603496724081442,0.86183420293477,780.8368636841801,1.5461662888113141,0.0774408176677512,776.6401982381784,1.7397391537024727,,COMPLETE
1860,0.7914629113046612,2026-07-17 16:29:45.429331,2026-07-17 16:29:45.462091,0 days 00:00:00.032760,1.3771426624349663,779.0417477404279,-189.9187475602056,0.19527928918175838,0.27068735618278517,776.5281561020781,2.4530717702583775,0.3868432660375391,779.2186152465783,1.1104506620769645,,COMPLETE
1861,0.6522003799564098,2026-07-17 16:29:45.462091,2026-07-17 16:29:45.496074,0 days 00:00:00.033983,0.032802891392642156,782.0671205847406,292.56297457387615,0.12775069129848482,0.19390664331219343,778.6468863642224,2.422310350581103,0.8825774482541131,780.2849942836586,2.6084189092996266,,COMPLETE
1862,0.11432488630903219,2026-07-17 16:29:45.496074,2026-07-17 16:29:45.527122,0 days 00:00:00.031048,0.1745917975090897,783.8846399862699,-207.22306481198274,2.960310256108416,0.839094727059227,779.4853724049941,1.2486643176001582,0.38538301163991573,778.8081839216803,2.2572438826959025,,COMPLETE
1863,0.177460208246763,2026-07-17 16:29:45.527122,2026-07-17 16:29:45.558361,0 days 00:00:00.031239,0.40226902975717754,778.1280786314002,-296.2315071062133,6.263607687534141,0.5243135644482775,780.5827082359926,1.8421851272368415,0.7777690261828034,778.7676492424864,0.6504628368372871,,COMPLETE
1864,0.25700774424806483,2026-07-17 16:29:45.558361,2026-07-17 16:29:45.591634,0 days 00:00:00.033273,0.045281495313442166,783.781825948363,-244.56530737721263,1.2290649804202123,0.4204054821940767,779.3403227878512,0.5310080782228349,0.439275590124049,779.7851049765268,2.070969892014878,,COMPLETE
1865,0.09621714446926409,2026-07-17 16:29:45.591634,2026-07-17 16:29:45.623533,0 days 00:00:00.031899,0.34514015252520946,782.4026555315041,-95.18457200914115,6.467253963219884,0.6583979907655777,779.8667135492416,1.0274753361573048,0.26145740452786637,778.1684920328586,1.3917915883450962,,COMPLETE
1866,0.27285077216725373,2026-07-17 16:29:45.623533,2026-07-17 16:29:45.650644,0 days 00:00:00.027111,0.43183303217584806,783.8728131704893,-236.53582268671383,1.9826286913356608,0.530594792828585,780.0664337149221,1.3882579164713378,0.7480321965337584,779.3319612766038,2.387846726126153,,COMPLETE
1867,0.3586394559537819,2026-07-17 16:29:45.650644,2026-07-17 16:29:45.671801,0 days 00:00:00.021157,-0.012467140437576907,782.3995155016336,108.31650777748153,2.6129022437361673,0.49999248348598113,781.0086221592148,1.036326556473938,0.24792885660725916,777.0071865658435,0.6911237739250676,,COMPLETE
1868,0.720954563149977,2026-07-17 16:29:45.671801,2026-07-17 16:29:45.708067,0 days 00:00:00.036266,-0.4091440637360646,776.2700938629465,522.6216887233322,0.8337829740256519,1.367866837868538,776.8299757502451,2.8614377249221157,0.7497371178881244,781.3177891155444,0.22226359736863532,,COMPLETE
1869,0.3401375440784159,2026-07-17 16:29:45.708067,2026-07-17 16:29:45.741579,0 days 00:00:00.033512,0.1601506106305958,781.2379614912053,-92.4377693220232,6.92518676518143,0.9698203073328552,778.6934060263122,1.559122889233053,0.21081159555549528,777.6748159695394,1.5392468375236723,,COMPLETE
1870,0.27433099720946214,2026-07-17 16:29:45.741579,2026-07-17 16:29:45.768252,0 days 00:00:00.026673,0.7068742141032499,783.9621285401957,-165.1263097047753,3.513772754838677,0.5692191284296875,779.1613508206868,1.594579815558126,0.4381022703014643,776.5489004101047,2.130347002509608,,COMPLETE
1871,0.18764206200274244,2026-07-17 16:29:45.768252,2026-07-17 16:29:45.800318,0 days 00:00:00.032066,0.10302153805827124,776.9474169841119,-270.2220698826246,2.890962045643722,0.630840272837269,779.5588308992043,1.9328945986574553,0.18747083494928887,777.3136105183555,1.9314038074247202,,COMPLETE
1872,0.20698472743348134,2026-07-17 16:29:45.800318,2026-07-17 16:29:45.832431,0 days 00:00:00.032113,0.08078076534285775,782.1020170363994,-102.5058194898046,7.514618363563632,0.8375721523790504,779.4555133814928,1.780135666320867,0.2840317594377974,779.2171631723829,1.6629735732373296,,COMPLETE
1873,0.6093608059540013,2026-07-17 16:29:45.832431,2026-07-17 16:29:45.880724,0 days 00:00:00.048293,0.7125186936459994,783.8615361661408,49.29075336862002,5.718601667132622,0.7758493533569903,780.8277313103491,2.233728734787239,0.2707562826739834,777.5925215182184,2.289067135628976,,COMPLETE
1874,0.16681581897195283,2026-07-17 16:29:45.880724,2026-07-17 16:29:45.910528,0 days 00:00:00.029804,0.14021936078668962,781.5250739376482,-244.19242373721147,3.684603989349705,0.6878608404803992,779.4569099263483,0.747850961561159,0.6075913708319965,778.7724721231117,1.3699455887676337,,COMPLETE
1875,1000.0018206417313,2026-07-17 16:29:45.910528,2026-07-17 16:29:45.952669,0 days 00:00:00.042141,0.17686366616013774,782.2547729396514,-225.45569246831639,6.8418649840425,0.8922390402379007,778.6899552993689,1.249288656984643,0.30291037477937355,778.7755722296912,2.0741801040221746,,COMPLETE
1876,0.3484509332423072,2026-07-17 16:29:45.952669,2026-07-17 16:29:45.985668,0 days 00:00:00.032999,0.11894100601189878,782.5612853966759,-126.1639086869848,6.487156193160968,0.33608092121504274,780.58315356327,1.1489346200273722,0.42481979949810056,780.8127246183961,1.0880853859695954,,COMPLETE
1877,1000.0050779798228,2026-07-17 16:29:45.985668,2026-07-17 16:29:46.020218,0 days 00:00:00.034550,-1.4440161028654637,778.6267378077613,1095.331644601454,1.4679975954861837,0.9058321312801384,783.8808190288148,2.4795049696072393,0.33687889085181044,783.8209350694143,0.44656350265920697,,COMPLETE
1878,0.31996596962452467,2026-07-17 16:29:46.020218,2026-07-17 16:29:46.054887,0 days 00:00:00.034669,-0.5735009259565174,782.349018863775,-116.09529514409633,2.15863350182509,0.48026842444066065,781.7920324720102,2.9831928750627776,0.3295494165767931,776.3776141071587,2.7434395617097698,,COMPLETE
1879,0.26488252934672246,2026-07-17 16:29:46.054887,2026-07-17 16:29:46.089283,0 days 00:00:00.034396,0.4386822813596997,780.3471881345648,-294.1062554450728,1.8660241949913807,1.1240986884134887,779.3908934586915,1.1382936633054297,0.48291905679956715,778.934438501633,1.11391111160663,,COMPLETE
1880,0.2404897672569619,2026-07-17 16:29:46.089283,2026-07-17 16:29:46.125881,0 days 00:00:00.036598,-0.3559939535679956,782.6526261874006,-157.75051927216364,7.153195387701703,0.7993668971248459,780.2353150296154,1.9152417282018273,0.04112140104051069,778.0209438747295,2.0453467487108394,,COMPLETE
1881,0.39504818619295945,2026-07-17 16:29:46.125881,2026-07-17 16:29:46.157805,0 days 00:00:00.031924,0.47271397153637174,781.0671857680726,-238.77738171524183,5.624030549615536,0.821830598507476,780.8738133623348,1.6815441076328856,0.2902270267899345,778.370380569746,2.86038894477622,,COMPLETE
1882,0.290197786093307,2026-07-17 16:29:46.157805,2026-07-17 16:29:46.191168,0 days 00:00:00.033363,0.09181282641021503,781.5737347315489,-277.95744324301586,1.5272855687430806,0.8535030634679639,780.609050312062,1.6080414328084325,0.06385016892388443,777.699521980368,2.0783355352061097,,COMPLETE
1883,0.7561959683916841,2026-07-17 16:29:46.191168,2026-07-17 16:29:46.211254,0 days 00:00:00.020086,-0.6081427189004353,778.049919714447,-272.1715004221163,0.819528841065329,0.10537251112359744,783.496657542134,1.0780893306603223,0.7211664379289899,779.9304474755378,1.2786891922172172,,COMPLETE
1884,0.5131038538744273,2026-07-17 16:29:46.211254,2026-07-17 16:29:46.252261,0 days 00:00:00.041007,-0.25227038302867666,783.0049898942997,-270.28551865724,6.212664473455336,1.0678789786723573,778.729010961961,0.45488207525574986,0.2627900680641293,778.8677845276501,1.3950717368990788,,COMPLETE
1885,0.1977924277003376,2026-07-17 16:29:46.252261,2026-07-17 16:29:46.276834,0 days 00:00:00.024573,-0.3586554427997979,782.97460939317,-283.9196856888341,1.5553391907254401,0.7208731004813296,779.4121853070678,1.8136149762158038,0.3937547608559153,778.830445715253,2.421561848643423,,COMPLETE
1886,0.1518003252009931,2026-07-17 16:29:46.276834,2026-07-17 16:29:46.310411,0 days 00:00:00.033577,0.2096054502469681,783.6865368381184,160.48907219116,4.092769163644102,0.6238490528980709,779.4097530590597,1.307581216166734,0.04082969480154608,778.7558155677895,1.001147138105103,,COMPLETE
1887,0.3809423338039128,2026-07-17 16:29:46.310411,2026-07-17 16:29:46.341899,0 days 00:00:00.031488,-0.4485198002356216,776.9623926109757,254.43199931587873,3.8490066763605335,0.7052987946055247,781.5528381885348,2.8146148524826464,1.1736497240295902,779.4656166264945,0.8829770479974997,,COMPLETE
1888,0.40570055529999505,2026-07-17 16:29:46.341899,2026-07-17 16:29:46.383665,0 days 00:00:00.041766,-0.29042991341393737,780.9736966212536,-297.38002652087414,7.8134592377673195,1.0703523584929475,781.019238383294,1.3819872000071685,0.2248235375565229,779.6400001747509,2.4739765507862743,,COMPLETE
1889,0.15804436032525773,2026-07-17 16:29:46.383665,2026-07-17 16:29:46.417086,0 days 00:00:00.033421,-0.27654688585908727,781.9244094854685,-101.92880230370727,3.609359623448144,1.1779523623461112,779.3655102123753,1.5608901889830147,0.03257376773084615,777.5284365675565,2.6336564956564543,,COMPLETE
1890,0.45336594581996,2026-07-17 16:29:46.417086,2026-07-17 16:29:46.447959,0 days 00:00:00.030873,-0.2935323240934961,782.8035562197437,-168.19100176820479,7.397707593835947,0.5268021821811781,778.8573447212314,1.3877451337995876,0.0058501794024015605,777.8985929851201,2.973736507753827,,COMPLETE
1891,0.41996794293451295,2026-07-17 16:29:46.448957,2026-07-17 16:29:46.481702,0 days 00:00:00.032745,-0.021349895955629555,782.4227549120218,394.0837370579279,5.13990282470926,0.791503146563721,778.9266850303457,0.6406081280542768,0.5300781739148145,780.1332240079792,1.9380023988207387,,COMPLETE
1892,0.23279270557688062,2026-07-17 16:29:46.481702,2026-07-17 16:29:46.513261,0 days 00:00:00.031559,-0.6144042634429692,783.6263262514404,131.6048015965073,6.548716462623502,0.5974761087269929,779.1449801778203,1.091690537162271,0.39764795574311584,778.5613402786553,1.5446637487119452,,COMPLETE
1893,0.31882930186945596,2026-07-17 16:29:46.513261,2026-07-17 16:29:46.545168,0 days 00:00:00.031907,0.24908966923396392,780.3556266096124,271.72637155708196,4.125806511763273,0.6702604503607601,779.9615421717385,0.7186828564639283,0.3664497951914436,777.1818544852218,1.416245487263945,,COMPLETE
1894,0.8894438135416508,2026-07-17 16:29:46.545168,2026-07-17 16:29:46.576578,0 days 00:00:00.031410,1.0637953065749466,781.6673470568145,655.5472215644618,0.323192506631069,0.5054353138298109,776.7898647934215,0.5059264651634918,0.23738006538366796,778.5062136762077,0.518636457742573,,COMPLETE
1895,0.4118100270614869,2026-07-17 16:29:46.576578,2026-07-17 16:29:46.611493,0 days 00:00:00.034915,-0.30005330867595287,783.6796748746824,-290.92536702888896,2.6979410793495284,0.6945230136505265,780.9937485375538,1.6210471485545155,0.1211743714563761,777.6930779263391,0.9739072945667114,,COMPLETE
1896,0.336923346906099,2026-07-17 16:29:46.611493,2026-07-17 16:29:46.643393,0 days 00:00:00.031900,0.20777915383203552,782.6099923138431,-103.78228449090264,6.835624026218823,0.40713633569773566,780.9332231386533,1.1525447385906595,0.5239834089820168,777.4780856497407,1.0344037401534827,,COMPLETE
1897,0.4713669186330285,2026-07-17 16:29:46.644405,2026-07-17 16:29:46.678624,0 days 00:00:00.034219,0.10022157291735033,783.2555806540691,158.35039600709138,5.451451883919958,0.8527871856100814,777.9095492715267,1.5725646152370372,0.19453051906309912,779.0524371124442,2.5720094281065977,,COMPLETE
1898,0.3263724609039811,2026-07-17 16:29:46.678624,2026-07-17 16:29:46.710724,0 days 00:00:00.032100,0.6091362934841071,783.2702351807972,-94.24388838285435,5.182670477409937,0.3285277927104986,780.7993406203606,1.6756825727216191,0.04303929070817855,777.2722622398845,1.4492447920508573,,COMPLETE
1899,0.5830044607570453,2026-07-17 16:29:46.710724,2026-07-17 16:29:46.741404,0 days 00:00:00.030680,-0.0010730713248442991,783.852662020267,-198.4230142697824,0.5930132623756706,1.0046481162094691,777.2681117700822,1.5620553939836963,0.47509201769847886,778.2055741364368,2.6570927947581624,,COMPLETE
1900,0.4084267007018683,2026-07-17 16:29:46.741404,2026-07-17 16:29:46.757198,0 days 00:00:00.015794,0.6747727677695137,783.8176641778775,-172.1360040132177,7.029398616477045,0.6213319225631105,781.4554118339558,1.2405015243759918,0.07689068283621098,778.538579697258,1.7127698488349654,,COMPLETE
1901,0.312227981088983,2026-07-17 16:29:46.757198,2026-07-17 16:29:46.803433,0 days 00:00:00.046235,-0.23761593424193794,779.465091651781,536.4956295299532,5.318949272892913,0.7897012182547167,778.9052608069755,0.5846541078790731,0.3466711744998754,783.8217926822933,0.8598284010229609,,COMPLETE
1902,1.0344158846079474,2026-07-17 16:29:46.803433,2026-07-17 16:29:46.833701,0 days 00:00:00.030268,0.39658757365515623,783.2954276783087,203.44778220510318,2.523172973010381,1.4677663539045185,781.8068296179056,2.049388804703668,0.26367445145563834,778.4538538746477,2.0972592510612618,,COMPLETE
1903,0.2561928518807692,2026-07-17 16:29:46.833701,2026-07-17 16:29:46.875673,0 days 00:00:00.041972,0.025837071030264128,782.5787806879333,-258.1797464479747,4.168349533584551,1.0620002385874912,780.0077299981327,0.9366618228716299,0.09788565617862523,778.2902095064203,2.4349488839999522,,COMPLETE
1904,0.3710716144785463,2026-07-17 16:29:46.875673,2026-07-17 16:29:46.912029,0 days 00:00:00.036356,-0.8226977339394712,783.1326510182424,-215.9800158201565,0.1451636243841509,0.4869859022789313,781.8085808079154,0.4162966796754235,1.1586311174863755,779.5634958090762,1.7525585213826997,,COMPLETE
1905,0.244255673901406,2026-07-17 16:29:46.912029,2026-07-17 16:29:46.945460,0 days 00:00:00.033431,-0.1550307295809048,783.4266593657012,-56.128116893913415,1.714107788010367,0.4829147727204589,780.3567250512758,1.1300435286311936,0.18558254125600987,778.9467387303312,2.7732754631241345,,COMPLETE
1906,0.4466137767568567,2026-07-17 16:29:46.945460,2026-07-17 16:29:46.980106,0 days 00:00:00.034646,-0.44779057188770566,782.6219220244823,-107.69316614779738,5.096063025597263,0.7935645229678806,780.6587660253044,0.7452291221864906,0.3377596412812837,777.0760102463015,1.5007107459274933,,COMPLETE
1907,0.2877693761718301,2026-07-17 16:29:46.980106,2026-07-17 16:29:47.013195,0 days 00:00:00.033089,0.20320109536513772,783.5048612570376,-15.021636436600517,5.161436350543119,0.5879695082739889,779.7072260548675,1.1651159072219037,0.4990264510463799,780.4969344251174,2.5740570142265,,COMPLETE
1908,0.17597003981250586,2026-07-17 16:29:47.013195,2026-07-17 16:29:47.047228,0 days 00:00:00.034033,-0.314282732778432,783.9453549856219,-54.51955542748016,7.313488607456703,1.0203491442383255,779.4187626392818,0.9639090539371857,0.15059823865847002,778.2120970876916,2.066340941236911,,COMPLETE
1909,0.3498367038346156,2026-07-17 16:29:47.047228,2026-07-17 16:29:47.079530,0 days 00:00:00.032302,-0.05969504640630863,780.7871612982017,83.21724941693691,2.803852379688593,0.828412657884872,779.1809185849932,1.4014010301746036,0.5002245085599314,778.3697838522552,1.4386406790810693,,COMPLETE
1910,0.20411111787286346,2026-07-17 16:29:47.079530,2026-07-17 16:29:47.112599,0 days 00:00:00.033069,0.4043542650849083,783.1124924166799,-171.32415895150712,7.373427295491494,0.5392934498140962,778.7812213596286,1.2401958774495023,0.12073973603631033,779.4667637340226,2.5695841646948168,,COMPLETE
1911,1.111127298556783,2026-07-17 16:29:47.112599,2026-07-17 16:29:47.148830,0 days 00:00:00.036231,-0.014318845379803793,782.3651597211095,783.6417206784955,0.1888383174419745,1.348110732721111,777.5224356481493,1.8484946676069662,0.1517595874429687,776.4363601241896,2.802120893076898,,COMPLETE
1912,0.3799138229508774,2026-07-17 16:29:47.148830,2026-07-17 16:29:47.187666,0 days 00:00:00.038836,-0.6093611178895098,783.9495996769839,-48.562517794829205,7.110673055810497,0.4813323422212305,778.2798289068463,0.5354296793138729,0.46228272277731636,780.6433344943031,1.8191818085402847,,COMPLETE
1913,0.3436650332313966,2026-07-17 16:29:47.187666,2026-07-17 16:29:47.216547,0 days 00:00:00.028881,0.642335455938417,783.3256779832033,-84.80687674765434,7.87362665423127,0.729607468719673,778.3665970026639,1.975294080205781,0.042860440209136375,779.4732582436648,2.3519677089603044,,COMPLETE
1914,1.4939547215979598,2026-07-17 16:29:47.216547,2026-07-17 16:29:47.241520,0 days 00:00:00.024973,1.114528493659105,779.8932134652283,787.3666682251826,0.1251914005381674,0.6610100803934906,779.8022182525258,2.3688149229216373,0.7841572250600575,776.955658130204,0.31820981801439485,,COMPLETE
1915,0.9138642208614614,2026-07-17 16:29:47.241520,2026-07-17 16:29:47.273852,0 days 00:00:00.032332,0.3777209737125027,783.0516212026479,335.71400235085207,1.8997896189043801,0.856186309616119,780.2959936433157,1.3625178229317938,0.8187071445328302,779.5811785913179,2.258529775945025,,COMPLETE
1916,0.27308242050067966,2026-07-17 16:29:47.273852,2026-07-17 16:29:47.309201,0 days 00:00:00.035349,-0.21688511338432265,778.5783486123255,-296.55097543229067,5.7364164764961965,0.006414098846029476,779.180774483343,1.5777353428975758,0.8680233330904759,780.1912729251251,2.0273710502031066,,COMPLETE
1917,1.3583269257412847,2026-07-17 16:29:47.309201,2026-07-17 16:29:47.342142,0 days 00:00:00.032941,0.27317515612133564,776.3290135477998,1165.1325037138247,0.6561860818823783,0.09996026416610748,778.8682233626515,1.043364988048509,0.8868033295287723,777.0224030515406,2.5949429949293803,,COMPLETE
1918,0.7208149626963477,2026-07-17 16:29:47.342142,2026-07-17 16:29:47.374461,0 days 00:00:00.032319,0.6144106428366726,782.4442331900232,-165.84381229187863,0.14083293309595837,0.0262685188584052,778.5684249232808,0.23840260495084342,0.6772557230965836,783.9327309169274,0.8000847181654168,,COMPLETE
1919,0.7976894677302788,2026-07-17 16:29:47.374461,2026-07-17 16:29:47.406320,0 days 00:00:00.031859,0.6741504057414429,780.6032064611994,210.68725194323332,0.2974156323979604,0.8000908001044984,777.4384212707743,0.298063426151576,0.9551192222273761,776.8460048837724,1.2360669648816474,,COMPLETE
1920,0.24380064398003978,2026-07-17 16:29:47.406320,2026-07-17 16:29:47.438414,0 days 00:00:00.032094,0.3750201530003184,782.0899186599672,-93.26276102601068,4.963154121825726,0.8479307504055282,778.8568856667985,1.6578469910812306,0.13001138954253547,776.3722927288195,0.7304138784907594,,COMPLETE
1921,0.4898244264984144,2026-07-17 16:29:47.438414,2026-07-17 16:29:47.461124,0 days 00:00:00.022710,-0.497122440933526,777.4399281179924,195.93343129253986,0.9586964541732071,0.1577590898446859,782.436072194372,1.092799277453882,0.8257782504205211,781.2227011674074,1.251947994765152,,COMPLETE
1922,0.3897985640165025,2026-07-17 16:29:47.461124,2026-07-17 16:29:47.503147,0 days 00:00:00.042023,0.0007996433372123649,783.4232352860959,-199.71127581914104,2.0912531968148356,0.7681238491810476,781.4152786105091,1.538798004543081,0.16807318031417257,776.3605353547424,2.5890721234163996,,COMPLETE
1923,0.3202258317337023,2026-07-17 16:29:47.503147,2026-07-17 16:29:47.536760,0 days 00:00:00.033613,0.5349522669677436,781.9821469819109,-240.68906314598019,0.8082666429217412,0.3312568104742752,778.5996654660419,1.9245974365719394,0.29203594101805486,777.8454697738714,2.6926029456728644,,COMPLETE
1924,1000.0078756868393,2026-07-17 16:29:47.536760,2026-07-17 16:29:47.559871,0 days 00:00:00.023111,-0.2440861654903416,777.9935197362646,314.1772344824396,4.066863643275098,0.3184582589319715,780.7759013754182,0.9297499206365942,0.7417297775685799,780.7381193014486,1.894579998141223,,COMPLETE
1925,0.6203045424454249,2026-07-17 16:29:47.559871,2026-07-17 16:29:47.591056,0 days 00:00:00.031185,-1.2296413354395468,776.2328526258027,465.50546499547636,0.149603458216936,0.2825425631640007,778.7184982318212,2.628697751995423,1.496543780393891,782.0291697808472,2.0414947365527487,,COMPLETE
1926,0.2760255635883195,2026-07-17 16:29:47.591056,2026-07-17 16:29:47.623230,0 days 00:00:00.032174,0.6208240555158634,780.4979800430559,-199.18453252253732,7.829196326887121,0.8014150710389562,780.2260040483279,0.44496002141742297,0.18545636052086426,780.1194586825832,1.789730938656918,,COMPLETE
1927,1000.0080317408411,2026-07-17 16:29:47.623230,2026-07-17 16:29:47.655472,0 days 00:00:00.032242,0.29352717203197115,781.4372771087153,-264.1288736248728,5.833382520006257,0.728468889182094,778.7650599039016,1.286566959909793,0.2971554541488298,778.8016091512567,0.7646315437536886,,COMPLETE
1928,1.7056741985822452,2026-07-17 16:29:47.655472,2026-07-17 16:29:47.686892,0 days 00:00:00.031420,0.5320518102936977,777.7615148094834,1045.774934865204,3.4888151569196664,1.2581288151856471,780.8176311779473,1.61545323128608,0.3660869010151241,779.823108671552,1.9801871590193687,,COMPLETE
1929,2.7117427711480553,2026-07-17 16:29:47.686892,2026-07-17 16:29:47.718626,0 days 00:00:00.031734,1.3753870336401226,777.7448555851698,906.2534202145819,0.12842301161540187,1.359154809160965,782.6758706844302,1.3585529407362777,0.8382580286411423,779.6857527913952,2.7740362177675215,,COMPLETE
1930,0.227450811636898,2026-07-17 16:29:47.718626,2026-07-17 16:29:47.755673,0 days 00:00:00.037047,-0.12140652090480462,783.9940088987382,-4.580681468908679,2.4486262185038266,0.9470827171758491,779.6645171593595,1.3589775855626467,0.38957616484049873,777.9271383536159,1.5131884715143826,,COMPLETE
1931,0.5323982989156049,2026-07-17 16:29:47.755673,2026-07-17 16:29:47.781984,0 days 00:00:00.026311,0.9750757783712374,782.586968614099,-58.085851066797346,2.990435769856584,0.941777298717475,781.4005852672246,0.6025675889132431,0.18593868567408006,777.2367579255125,1.4173010521958553,,COMPLETE
1932,0.3877409449164138,2026-07-17 16:29:47.781984,2026-07-17 16:29:47.813947,0 days 00:00:00.031963,-0.39087699038764,781.8432482692334,155.33181277295466,4.0648442026744,0.5945957223346295,778.9712979844876,0.3716333098003697,0.5449213408400415,778.4621716097143,0.4274024824885375,,COMPLETE
1933,0.31736621978414203,2026-07-17 16:29:47.813947,2026-07-17 16:29:47.845844,0 days 00:00:00.031897,0.01117849649988717,782.7165691366487,-145.59843306352565,3.1530324059387023,0.593843899521874,779.4659780080011,0.620868652415009,0.18308052096637992,780.2287138409473,1.4604818331828882,,COMPLETE
1934,0.49667456150307177,2026-07-17 16:29:47.845844,2026-07-17 16:29:47.884447,0 days 00:00:00.038603,0.7196874707843662,776.4176529199231,-191.08198331818323,3.7338520633917684,0.47530032240407755,780.269389816056,2.0896369277485434,0.4844483026491128,779.0616265253406,1.3143420394801646,,COMPLETE
1935,0.2513718024995483,2026-07-17 16:29:47.884447,2026-07-17 16:29:47.918617,0 days 00:00:00.034170,0.12687740327157354,781.7035693397418,-4.230135854179139,3.071991458420726,0.43890051839486477,779.1682722019983,1.647640129013166,0.6549820130657462,779.36368733484,1.6773851647963611,,COMPLETE
1936,0.4027579025656507,2026-07-17 16:29:47.918617,2026-07-17 16:29:47.945031,0 days 00:00:00.026414,0.07565645091434271,782.2962350179371,-301.158041955576,1.3067715968115445,0.6939482046129,778.2409100443236,0.9624845825788216,0.5895872480136461,777.7605731829484,2.515578389024585,,COMPLETE
1937,1000.0110491723707,2026-07-17 16:29:47.945031,2026-07-17 16:29:47.980103,0 days 00:00:00.035072,0.8991697247198024,782.7716931135179,158.70102407531715,6.953624911993005,0.41657553375693934,778.8389963318947,1.2117755420126621,0.14707106628893102,778.8517078701666,1.3055676143251538,,COMPLETE
1938,0.559410127678845,2026-07-17 16:29:47.980103,2026-07-17 16:29:48.014282,0 days 00:00:00.034179,0.7393450445612927,783.1506670791614,33.88227537018895,5.555040068896887,1.0724286503620364,779.5013451882975,1.447614368346394,0.2455386440635161,777.8314428587107,2.4224617375146256,,COMPLETE
1939,0.5687430060745854,2026-07-17 16:29:48.014282,2026-07-17 16:29:48.047330,0 days 00:00:00.033048,-0.5283660268648617,783.3372464662488,-249.04374361486654,3.1740264592716496,1.1654312075890865,783.2202528077199,1.664038747163507,0.29469746108424383,778.041826844073,2.1012468875388417,,COMPLETE
1940,0.3068133629722951,2026-07-17 16:29:48.047330,2026-07-17 16:29:48.077343,0 days 00:00:00.030013,0.35224366931720086,782.6999405928051,-241.19408129616545,2.8006449503255175,0.5097284363602226,780.9775825543749,0.9390410848162234,0.4846962673298505,777.6087365717668,1.6492560843307602,,COMPLETE
1941,1.102558020928085,2026-07-17 16:29:48.077343,2026-07-17 16:29:48.093192,0 days 00:00:00.015849,0.5180963109582003,779.2833644033607,884.4911044205314,6.511671182982431,0.499099706873282,781.5705723391252,2.705721980186266,0.7709232436463322,776.2428895599968,0.455809353123531,,COMPLETE
1942,0.5548416026608745,2026-07-17 16:29:48.093192,2026-07-17 16:29:48.125145,0 days 00:00:00.031953,-1.4284854246528584,782.6849739811108,-277.7969775875817,1.0884328243298675,1.290436997163848,778.4083381978908,2.65204337564849,0.08122054909590937,782.9342323249399,2.918071632523658,,COMPLETE
1943,0.8069416357683173,2026-07-17 16:29:48.125145,2026-07-17 16:29:48.156693,0 days 00:00:00.031548,1.2474130369416645,778.4653345160509,116.52035806933509,1.01863617342598,0.16286907956358154,776.6579032783794,0.7790162594330691,0.9155925508353255,777.7590416822612,0.1238621331548111,,COMPLETE
1944,1.4602783583756564,2026-07-17 16:29:48.156693,2026-07-17 16:29:48.188320,0 days 00:00:00.031627,0.5796209644917689,777.9960414900171,1038.3379697659568,1.9942980340350465,0.6387533496747553,779.0822819130392,2.3989875764609594,0.6420673219560553,781.2585217620111,0.7148394763369912,,COMPLETE
1945,0.28246487575156815,2026-07-17 16:29:48.188320,2026-07-17 16:29:48.219964,0 days 00:00:00.031644,0.5598558329999265,783.0309190271728,-169.2977527587229,7.583544272939551,0.9854233183757068,780.0907838210001,1.611888941622388,0.00040405898977632915,777.6023698417379,2.0043343428506564,,COMPLETE
1946,0.13742638869337973,2026-07-17 16:29:48.219964,2026-07-17 16:29:48.257361,0 days 00:00:00.037397,0.2592251618951883,783.2888466980588,-280.13819755085933,6.51082185926318,0.7872359716225814,779.570767885269,1.8263488241724908,0.021829247588439044,778.2263431918097,2.496642599862227,,COMPLETE
1947,0.33659405738542303,2026-07-17 16:29:48.257361,2026-07-17 16:29:48.299981,0 days 00:00:00.042620,0.045857022002664546,778.1079053520184,249.48567077769343,0.9551150522869492,0.030806584486845038,780.9119684333247,0.34375472853477684,0.704231224587368,780.7349146448365,0.7108065566109257,,COMPLETE
1948,0.6257448910745252,2026-07-17 16:29:48.299981,2026-07-17 16:29:48.332085,0 days 00:00:00.032104,-0.9171289869713845,777.6243636406437,1177.6262760529594,0.13100648124020864,0.7154797609945212,780.9273691136592,1.368032754302829,0.5390547087251296,778.9031830466121,2.251819352275195,,COMPLETE
1949,0.41246041758866864,2026-07-17 16:29:48.332085,2026-07-17 16:29:48.363825,0 days 00:00:00.031740,-0.9155207152854865,781.3455044412104,978.1334606094285,5.524145295101152,0.5839198545329967,778.0571527944825,0.5819937571678041,0.22985216530770985,782.1672722435559,0.5728244969588948,,COMPLETE
1950,0.1115992088702079,2026-07-17 16:29:48.363825,2026-07-17 16:29:48.411773,0 days 00:00:00.047948,0.030423771241398556,782.910336996488,-116.61069982792309,6.633381606758048,0.7384992479933984,779.870437817276,1.495586052249519,0.17409142817506018,778.6327478965183,2.8469688110732365,,COMPLETE
1951,2.077087139373911,2026-07-17 16:29:48.411773,2026-07-17 16:29:48.443840,0 days 00:00:00.032067,0.4120067892177932,776.5399386731704,1127.0796657463243,0.7914193066013535,1.2294059298749769,781.7626655957822,2.4384149168430485,1.0523774722993773,780.5651168689329,0.9036334440883869,,COMPLETE
1952,0.5468632955924302,2026-07-17 16:29:48.443840,2026-07-17 16:29:48.476057,0 days 00:00:00.032217,0.18181259499384067,783.7918200766385,-270.17011253390365,6.8737117539859955,0.8780428340351907,781.9073182343444,1.0258400601991506,0.08509451426191199,778.6136190235264,2.431368860040334,,COMPLETE
1953,0.3865291221815482,2026-07-17 16:29:48.476057,2026-07-17 16:29:48.508143,0 days 00:00:00.032086,0.2854031977243473,782.8401666277098,21.151561046354374,3.016888468161856,0.5755050081011036,781.4677508523112,1.7445757586412265,0.3105736742007379,777.8817947984417,2.596486751376159,,COMPLETE
1954,1.0368910296988747,2026-07-17 16:29:48.508143,2026-07-17 16:29:48.540062,0 days 00:00:00.031919,-0.22880267203175875,777.6385771090223,997.428112886725,6.060334736588275,1.455041535859752,776.6869385768716,0.3890057398053466,1.0568308089404692,778.7182611353073,1.3035713327621772,,COMPLETE
1955,0.2030655865481878,2026-07-17 16:29:48.540062,2026-07-17 16:29:48.571673,0 days 00:00:00.031611,0.48636055119544314,782.9010186237244,-295.6300273884246,1.42676594985401,0.763207167194208,778.4160839788204,1.1380910819479741,0.4917390937551116,779.586184489395,1.681063206503878,,COMPLETE
1956,0.2649222078836606,2026-07-17 16:29:48.571673,2026-07-17 16:29:48.603492,0 days 00:00:00.031819,0.32508445267514374,779.3429448909462,-282.3407653951423,0.45205576536405595,0.00863898935696894,776.7782482620252,0.42220390541660535,1.4650966811380983,779.37884113172,1.311081125372049,,COMPLETE
1957,0.5042771223228686,2026-07-17 16:29:48.603492,2026-07-17 16:29:48.635440,0 days 00:00:00.031948,0.5778134815958332,776.107690973155,-248.94493020988443,0.863682869019292,0.030867748779064636,780.4502882290514,1.0717861175353947,0.9575116056795124,778.5793575184456,1.7703085912797931,,COMPLETE
1958,0.5956173336444849,2026-07-17 16:29:48.635440,2026-07-17 16:29:48.667506,0 days 00:00:00.032066,-0.5795014013345048,783.8974984924798,-49.044612410242735,0.6250805181083587,0.550833325046118,776.7987082472714,2.0337506793963795,1.2149788582481826,781.5851546773341,2.203321451184144,,COMPLETE
1959,0.25830636042112676,2026-07-17 16:29:48.667506,2026-07-17 16:29:48.699605,0 days 00:00:00.032099,-0.02652662841634218,783.8142805744162,-198.33618666476673,2.9931003459848964,0.8870817483606691,779.8491502465616,1.1786975890233096,0.6102327865849038,779.1120784997834,2.606167261943061,,COMPLETE
1960,0.31936266747840464,2026-07-17 16:29:48.699605,2026-07-17 16:29:48.731711,0 days 00:00:00.032106,-0.27694725126636077,781.9422301204812,-34.87844490403408,7.024478183438807,0.4432509229599425,779.4311324578315,0.43968396671680904,0.3827595677275511,779.0298517223621,1.5141692814875758,,COMPLETE
1961,1.2973733234666098,2026-07-17 16:29:48.731711,2026-07-17 16:29:48.763534,0 days 00:00:00.031823,1.226220203507684,782.0609163608605,608.8487709573214,5.302337424036801,1.034461966154887,779.0738633116783,0.8443928236266021,1.0080703693018946,780.6487881830525,1.1812457922982893,,COMPLETE
1962,1000.0105404016589,2026-07-17 16:29:48.763534,2026-07-17 16:29:48.795612,0 days 00:00:00.032078,-0.1019096653313753,782.3531236831067,-28.04918352439458,3.908493630398936,0.5949916445644688,779.2313244175747,1.695073506940899,0.3646859214393656,779.2145935906802,2.6070437371399313,,COMPLETE
1963,0.39052406481949825,2026-07-17 16:29:48.795612,2026-07-17 16:29:48.827460,0 days 00:00:00.031848,0.3909301957012098,783.4940522247967,-255.88845994582803,3.4961907401134593,0.6266257845633356,778.0086244900543,1.2646321744871702,0.07700818639555622,777.6908401724501,1.9348963714742373,,COMPLETE
1964,0.4539846532497523,2026-07-17 16:29:48.827460,2026-07-17 16:29:48.843292,0 days 00:00:00.015832,-1.2067782938828557,781.8127073043809,895.5760947176805,2.7233079992166904,1.309225816676319,780.4942884517876,0.9794471516328427,0.10726315520203919,782.3286965918539,0.1341199742786744,,COMPLETE
1965,0.5110473542240802,2026-07-17 16:29:48.843292,2026-07-17 16:29:48.875610,0 days 00:00:00.032318,-0.09432731295998806,776.701001048802,-50.36252904761918,2.4947816113329857,0.27578755018314827,782.1917713815378,1.7688950435528121,0.03684532920487471,777.3921771633466,0.5897194923677819,,COMPLETE
1966,1.4644428846476942,2026-07-17 16:29:48.875610,2026-07-17 16:29:48.907278,0 days 00:00:00.031668,-0.9402555164036968,780.4067230375405,1185.8680972142038,0.18710626581678635,0.9265163093256493,780.3804369356818,2.560416963532899,1.0424391311841548,778.2725776321398,1.7720935490141885,,COMPLETE
1967,0.1577636119288288,2026-07-17 16:29:48.907278,2026-07-17 16:29:48.938938,0 days 00:00:00.031660,0.3563357077293848,780.9015944592551,-251.12416143372104,3.2434953144481984,0.6101240687047307,778.9366119297194,1.4587301328166737,0.1903878391707407,779.1423560301082,1.2773120495932693,,COMPLETE
1968,0.7594785271254442,2026-07-17 16:29:48.938938,2026-07-17 16:29:48.970534,0 days 00:00:00.031596,0.5042922249025767,779.5672826154184,200.68811704588717,6.782992517754267,0.9330601278882545,782.9168379040458,1.7161434210334399,0.04199085523686244,778.7814409425791,1.3306223863116098,,COMPLETE
1969,1.475042949676122,2026-07-17 16:29:48.970534,2026-07-17 16:29:49.002195,0 days 00:00:00.031661,0.5163924491659015,782.2152902292755,616.438756863024,1.9816941249067985,1.3969646122768977,777.4179344864257,0.9772713930164147,1.2432198602443316,778.2958298726829,1.5515371195979935,,COMPLETE
1970,0.6097998628774149,2026-07-17 16:29:49.002195,2026-07-17 16:29:49.034301,0 days 00:00:00.032106,0.43363330933839966,780.6631528700733,134.95726494997524,3.4480729189124504,0.9536351520662476,776.8209796814609,0.9992907985160033,0.29035518489730194,778.4898567982887,1.8031843320151426,,COMPLETE
1971,0.6400420410518048,2026-07-17 16:29:49.034301,2026-07-17 16:29:49.066358,0 days 00:00:00.032057,-1.2701134793411928,780.869933900658,725.1849751550952,2.9810040162976925,0.8936428177507204,777.122977602894,1.1024344795667358,0.29863804822865714,783.0390301317246,0.262667384492263,,COMPLETE
1972,0.32085607949152445,2026-07-17 16:29:49.066358,2026-07-17 16:29:49.097916,0 days 00:00:00.031558,-0.7716551359145992,781.2038881820287,722.2773980206239,0.7450495074896074,0.933484740276306,780.3953605026544,0.740682659526064,0.26643301373090866,783.3485145314709,0.7975888701022434,,COMPLETE
1973,0.21597755731029197,2026-07-17 16:29:49.097916,2026-07-17 16:29:49.129541,0 days 00:00:00.031625,-0.5370684516833009,783.7772015556519,-38.09112012907417,4.3927387283025645,0.539406360899635,778.9367805229917,1.4089844156060682,0.3178745479899416,779.535621388576,2.481310546260849,,COMPLETE
1974,0.5953865785155104,2026-07-17 16:29:49.129541,2026-07-17 16:29:49.160718,0 days 00:00:00.031177,-0.7501906374514282,776.6751313534667,656.0661147132853,0.4221451604305346,0.8382836285632589,780.2135678964612,1.2944591222163575,1.1633086572002078,781.9600348310998,1.1687196691850301,,COMPLETE
1975,1.0729983181494966,2026-07-17 16:29:49.160718,2026-07-17 16:29:49.208369,0 days 00:00:00.047651,-1.499285230073224,781.9929127769586,333.26627700051324,0.3183031712160643,1.4828569564010738,781.2256736435897,2.9721445203011654,0.9051699009892664,778.691606014599,1.170763575925045,,COMPLETE
1976,0.37498310792994616,2026-07-17 16:29:49.208369,2026-07-17 16:29:49.240037,0 days 00:00:00.031668,0.5004917394398823,781.3589633533966,-270.1485519585287,6.261086439610374,0.6792516224612762,781.2986639087669,1.4305295243591614,0.11533522840839647,779.1328257332182,1.2818730746406268,,COMPLETE
1977,0.46977978264695497,2026-07-17 16:29:49.242728,2026-07-17 16:29:49.271969,0 days 00:00:00.029241,0.2078239957033774,782.2119576864603,39.00746274279521,7.760227326681478,0.9469579569877438,777.6379949541836,1.2357186022296804,0.041858389245778546,779.370355619079,2.500314936615391,,COMPLETE
1978,0.7351825396240964,2026-07-17 16:29:49.271969,2026-07-17 16:29:49.303587,0 days 00:00:00.031618,-1.0491203423794604,781.3514635215124,-285.46059834701157,0.3653884740637668,0.10195434822287353,778.8082731152583,2.720382202988038,0.8376815602080186,777.8749006421527,2.4448769083365463,,COMPLETE
1979,0.7114799276056467,2026-07-17 16:29:49.303587,2026-07-17 16:29:49.335674,0 days 00:00:00.032087,0.29824263898666764,783.3712486932898,380.48743828807073,0.12782664690324919,1.12165849169747,778.151918154965,2.025656864500788,0.1256128543536199,780.8205182791787,2.0165570387779956,,COMPLETE
1980,0.5126140586303694,2026-07-17 16:29:49.335674,2026-07-17 16:29:49.367378,0 days 00:00:00.031704,-0.13817204700441862,779.6440612238656,-229.16837140261316,0.11048045931786357,0.9439737535790289,782.596853227531,0.1796417497850764,1.2797538095844199,778.4237404209877,0.8848541531935904,,COMPLETE
1981,0.667680019423521,2026-07-17 16:29:49.367378,2026-07-17 16:29:49.399197,0 days 00:00:00.031819,-0.08839564166893507,779.2420705802141,155.73380845534402,6.4082968149731965,0.46565765060741854,778.1146908564783,1.152432271352878,1.0580018780211622,777.6723326287971,1.8382078460767193,,COMPLETE
1982,1.2189841497185787,2026-07-17 16:29:49.399197,2026-07-17 16:29:49.430847,0 days 00:00:00.031650,0.392865353171692,782.6311411914204,154.8467194497232,0.25732060222284014,1.3943847170646522,779.2090386194394,2.832917780646165,0.7670331009273301,779.6230197787635,1.542142425091935,,COMPLETE
1983,0.5177660744177256,2026-07-17 16:29:49.430847,2026-07-17 16:29:49.462460,0 days 00:00:00.031613,-0.6168999932893111,783.9747764810909,390.778863954296,5.396892004421718,0.9636742193237912,777.325182052269,1.874900874445271,0.020803223301031668,782.0920851879482,2.8948218625601942,,COMPLETE
1984,0.6935598767464529,2026-07-17 16:29:49.462460,2026-07-17 16:29:49.495297,0 days 00:00:00.032837,1.099827585769361,778.5545572901115,-107.99251778260412,0.10692518753054348,0.13360502256903511,781.7769948076531,0.16196372349838273,0.42513741710459846,780.260866366343,0.959233372720245,,COMPLETE
1985,0.7708939282110279,2026-07-17 16:29:49.495297,2026-07-17 16:29:49.526296,0 days 00:00:00.030999,-1.4533888427813537,782.1497803309283,43.723557813215734,0.29070794813888334,0.17876615262035256,777.5425276078582,1.193621898202839,0.42246095865611333,778.9865158958673,0.23998600921626712,,COMPLETE
1986,0.23502751669370806,2026-07-17 16:29:49.526296,2026-07-17 16:29:49.561643,0 days 00:00:00.035347,0.15908287521829415,783.0969793789038,208.34454662685386,5.470184126083363,0.5548015372365521,779.432726974319,1.3552329611998348,0.1708078806196048,777.7056698328338,2.460075890281138,,COMPLETE
1987,0.5197353601558549,2026-07-17 16:29:49.561643,2026-07-17 16:29:49.589751,0 days 00:00:00.028108,-0.17326853727116853,781.4545719548529,-241.6284657463587,4.618481523270473,0.4798268193420426,781.0340290551901,1.2735334882665033,0.050966824604371797,777.8322831486572,2.591115927658443,,COMPLETE
1988,1000.0098621453084,2026-07-17 16:29:49.589751,2026-07-17 16:29:49.621772,0 days 00:00:00.032021,-1.4363129371847463,778.1280417469887,167.61601740257862,0.1169282118631772,0.9083372516536936,782.2600323644253,2.2807832135996904,0.02920913739945341,782.2379433123618,2.2301379063353677,,COMPLETE
1989,0.42998768939677834,2026-07-17 16:29:49.621772,2026-07-17 16:29:49.653731,0 days 00:00:00.031959,-0.009329793427985594,777.1402170403238,237.68292935883204,0.5463094270707781,0.09794526597642109,780.5966905147527,1.1918158515602035,0.917111213146031,777.9654586203616,1.5350812913409384,,COMPLETE
1990,0.41497710223284495,2026-07-17 16:29:49.653731,2026-07-17 16:29:49.685803,0 days 00:00:00.032072,-0.31316666427579876,782.8555281474138,147.40890648436527,5.299261281292148,0.6121293562583281,780.0655414817384,0.2407314365095491,0.7408618025872407,781.7617971580794,1.4907296656051177,,COMPLETE
1991,1.6453569066055842,2026-07-17 16:29:49.685803,2026-07-17 16:29:49.717433,0 days 00:00:00.031630,-0.02256176941757776,782.6662500614505,1232.4403170187961,0.32254930567560014,1.285493892620746,781.1026486414878,0.52929356341664,1.055612447344041,782.3030427483618,2.8013391078689254,,COMPLETE
1992,1.3071115754287972,2026-07-17 16:29:49.717433,2026-07-17 16:29:49.750554,0 days 00:00:00.033121,0.16296883924267946,780.2136958850525,1185.3399951329234,1.2955917250717932,0.6304137524777712,777.996809827998,2.666790819292069,0.42969752047332216,782.0710846042191,1.983554292507031,,COMPLETE
1993,0.21310352647672623,2026-07-17 16:29:49.750554,2026-07-17 16:29:49.781393,0 days 00:00:00.030839,-0.41998513289559775,782.671666151095,53.02264987760236,5.516507153649623,0.9091934911939011,779.1712813540377,1.2804914903392797,0.2977823757540392,778.1890448970175,2.7724302477239813,,COMPLETE
1994,0.1297056314307214,2026-07-17 16:29:49.781393,2026-07-17 16:29:49.813484,0 days 00:00:00.032091,0.37105982202630206,783.26348837895,-81.50366051847493,2.262069280021838,0.5600828549975349,779.5303411431402,0.9431241364190951,0.22275300738905732,779.1619597929414,2.0023154581632876,,COMPLETE
1995,1.1351100098059723,2026-07-17 16:29:49.813484,2026-07-17 16:29:49.845122,0 days 00:00:00.031638,0.2783114310909674,777.1978513625677,820.3455990998629,5.434807313175615,0.10894381152395183,781.9614840021577,0.4034897794472301,1.1359549144642336,783.901283091715,2.3934662965505837,,COMPLETE
1996,0.34190620415199924,2026-07-17 16:29:49.845122,2026-07-17 16:29:49.877398,0 days 00:00:00.032276,0.4869067500763412,777.4244056068151,90.65875501280047,0.8961486457316533,0.06135556603475472,782.8383236508128,0.870798755408984,0.4931635427878351,778.7158899935249,0.8386175366190872,,COMPLETE
1997,0.3673444665180617,2026-07-17 16:29:49.877398,2026-07-17 16:29:49.909354,0 days 00:00:00.031956,-0.497870860045984,780.4465038642745,530.4868307166764,4.754319243305629,1.089412530224754,780.3570008937843,1.0330568008919332,0.45675910715433155,783.1860311281723,0.5820720780856534,,COMPLETE
1998,0.2185501660918962,2026-07-17 16:29:49.909354,2026-07-17 16:29:49.941418,0 days 00:00:00.032064,-0.2064354897991797,783.9350863576705,-297.5521303634511,1.679410565701043,0.6304535470058019,780.4675536519885,1.271551397577695,0.5014741590122633,777.7077992488042,2.3182295997988724,,COMPLETE
1999,0.3418940701724454,2026-07-17 16:29:49.941418,2026-07-17 16:29:49.973383,0 days 00:00:00.031965,0.29692801410791014,783.9506782900047,144.3340300902184,0.8476776889139866,0.7325143780709856,779.1456612058732,0.7164275936585948,0.5332025867964088,778.8164084486808,2.867906734953204,,COMPLETE
